bill_id,customer_id,billing_month,bill_date,due_date,energy_charge,demand_charge,fixed_charge,tax_amount,total_amount,bill_status,total_paid,last_payment_date,payment_count,open_amount,days_past_due,past_due_flag,segment,region,credit_class,autopay_flag
BILL00000001,CUST0000001,2026-04-01,2026-04-28,2026-05-18,1332.17,204.95,51.24,119.55,1707.91,Paid,0.0,,0.0,1707.91,28,True,Municipal,West,B,True
BILL00000003,CUST0000002,2026-04-01,2026-04-28,2026-05-18,11053.91,1700.6,425.15,992.02,14171.68,Past Due,7085.84,2026-05-03,1.0,7085.84,28,True,Industrial,South,A,True
BILL00000005,CUST0000003,2026-04-01,2026-04-28,2026-05-18,8039.05,1236.78,309.19,721.45,10306.47,Open,0.0,,0.0,10306.47,28,True,Unknown,West,A,False
BILL00000007,CUST0000004,2026-04-01,2026-04-28,2026-05-18,4201.27,646.35,161.59,377.04,5386.24,Past Due,0.0,,0.0,5386.24,28,True,Unknown,West,A,False
BILL00000009,CUST0000005,2026-04-01,2026-04-28,2026-05-18,13562.65,2086.56,521.64,1217.16,17388.01,Cancelled,8694.0,2026-05-08,1.0,8694.009999999998,28,True,Municipal,West,C,False
BILL00000011,CUST0000006,2026-04-01,2026-04-28,2026-05-18,2909.26,447.58,111.89,261.09,3729.83,Paid,0.0,,0.0,3729.83,28,True,Commercial,West,A,True
BILL00000015,CUST0000008,2026-04-01,2026-04-28,2026-05-18,2732.72,420.42,105.1,245.24,3503.49,Paid,0.0,,0.0,3503.49,28,True,Commercial,South,D,True
BILL00000019,CUST0000010,2026-04-01,2026-04-28,2026-05-18,7201.23,1107.88,276.97,646.26,9232.34,Cancelled,0.0,,0.0,9232.34,28,True,Municipal,South,A,False
BILL00000025,CUST0000013,2026-04-01,2026-04-28,2026-05-18,18132.25,2789.58,697.39,1627.25,23246.48,Open,0.0,,0.0,23246.48,28,True,Municipal,Midwest,B,True
BILL00000027,CUST0000014,2026-04-01,2026-04-28,2026-05-18,9918.27,1525.89,381.47,890.1,12715.73,Open,0.0,,0.0,12715.73,28,True,Industrial,West,D,False
BILL00000029,CUST0000015,2026-04-01,2026-04-28,2026-05-18,15806.36,2431.75,607.94,1418.52,20264.56,Paid,0.0,,0.0,20264.56,28,True,Commercial,South,B,True
BILL00000031,CUST0000016,2026-04-01,2026-04-28,2026-05-18,6343.63,975.94,243.99,569.3,8132.86,Past Due,0.0,,0.0,8132.86,28,True,Commercial,South,D,False
BILL00000033,CUST0000017,2026-04-01,2026-04-28,2026-05-18,13620.51,2095.46,523.87,1222.35,17462.2,Open,0.0,,0.0,17462.2,28,True,Commercial,South,B,True
BILL00000035,CUST0000018,2026-04-01,2026-04-28,2026-05-18,829.48,127.61,31.9,74.44,1063.43,Cancelled,0.0,,0.0,1063.43,28,True,Commercial,Midwest,A,False
BILL00000037,CUST0000019,2026-04-01,2026-04-28,2026-05-18,17544.99,2699.23,674.81,1574.55,22493.57,Cancelled,0.0,,0.0,22493.57,28,True,Unknown,West,D,True
BILL00000039,CUST0000020,2026-04-01,2026-04-28,2026-05-18,1428.44,219.76,54.94,128.19,1831.34,Open,0.0,,0.0,1831.34,28,True,Commercial,South,C,True
BILL00000041,CUST0000021,2026-04-01,2026-04-28,2026-05-18,624.1,96.01,24.0,56.01,800.12,Open,0.0,,0.0,800.12,28,True,Municipal,Midwest,A,True
BILL00000043,CUST0000022,2026-04-01,2026-04-28,2026-05-18,4799.88,738.44,184.61,430.76,6153.7,Open,3076.85,2026-05-18,1.0,3076.85,28,True,Unknown,West,B,True
BILL00000045,CUST0000023,2026-04-01,2026-04-28,2026-05-18,2162.66,332.72,83.18,194.08,2772.64,Past Due,0.0,,0.0,2772.64,28,True,Municipal,South,D,True
BILL00000047,CUST0000024,2026-04-01,2026-04-28,2026-05-18,11571.6,1780.25,445.06,1038.48,14835.38,Open,0.0,,0.0,14835.38,28,True,Residential,Northeast,A,False
BILL00000051,CUST0000026,2026-04-01,2026-04-28,2026-05-18,7429.03,1142.93,285.73,666.71,9524.4,Cancelled,0.0,,0.0,9524.4,28,True,Industrial,South,C,True
BILL00000053,CUST0000027,2026-04-01,2026-04-28,2026-05-18,14282.1,2197.25,549.31,1281.73,18310.39,Open,0.0,,0.0,18310.39,28,True,Municipal,West,A,False
BILL00000055,CUST0000028,2026-04-01,2026-04-28,2026-05-18,5865.64,902.41,225.6,526.4,7520.05,Cancelled,0.0,,0.0,7520.05,28,True,Municipal,West,D,False
BILL00000057,CUST0000029,2026-04-01,2026-04-28,2026-05-18,16838.52,2590.54,647.64,1511.15,21587.84,Paid,0.0,,0.0,21587.84,28,True,Commercial,South,B,True
BILL00000061,CUST0000031,2026-04-01,2026-04-28,2026-05-18,883.92,135.99,34.0,79.33,1133.23,Paid,0.0,,0.0,1133.23,28,True,Residential,Midwest,A,False
BILL00000067,CUST0000034,2026-04-01,2026-04-28,2026-05-18,7179.49,1104.54,276.13,644.31,9204.47,Past Due,6903.35,2026-06-02,1.0,2301.119999999999,28,True,Residential,South,B,True
BILL00000073,CUST0000037,2026-04-01,2026-04-28,2026-05-18,13468.49,2072.07,518.02,1208.71,17267.29,Cancelled,0.0,,0.0,17267.29,28,True,Commercial,Midwest,C,True
BILL00000075,CUST0000038,2026-04-01,2026-04-28,2026-05-18,3594.38,552.98,138.25,322.57,4608.18,Past Due,0.0,,0.0,4608.18,28,True,Municipal,West,B,False
BILL00000077,CUST0000039,2026-04-01,2026-04-28,2026-05-18,10833.99,1666.77,416.69,972.28,13889.73,Paid,10417.3,2026-06-02,1.0,3472.4300000000003,28,True,Residential,Northeast,B,True
BILL00000079,CUST0000040,2026-04-01,2026-04-28,2026-05-18,7422.13,1141.87,285.47,666.09,9515.55,Paid,4757.77,2026-05-08,1.0,4757.779999999999,28,True,Industrial,West,A,False
BILL00000083,CUST0000042,2026-04-01,2026-04-28,2026-05-18,13639.21,2098.34,524.58,1224.03,17486.16,Past Due,0.0,,0.0,17486.16,28,True,Commercial,Midwest,D,False
BILL00000085,CUST0000043,2026-04-01,2026-04-28,2026-05-18,10557.21,1624.19,406.05,947.44,13534.89,Paid,10151.17,2026-05-18,1.0,3383.7199999999993,28,True,Unknown,West,A,True
BILL00000087,CUST0000044,2026-04-01,2026-04-28,2026-05-18,19083.34,2935.9,733.97,1712.61,24465.82,Open,18349.36,2026-05-08,1.0,6116.459999999999,28,True,Residential,Midwest,B,False
BILL00000089,CUST0000045,2026-04-01,2026-04-28,2026-05-18,2331.7,358.72,89.68,209.25,2989.36,Past Due,2242.02,2026-05-18,1.0,747.3400000000001,28,True,Commercial,South,A,True
BILL00000091,CUST0000046,2026-04-01,2026-04-28,2026-05-18,17072.02,2626.46,656.62,1532.1,21887.2,Open,0.0,,0.0,21887.2,28,True,Commercial,Northeast,A,False
BILL00000093,CUST0000047,2026-04-01,2026-04-28,2026-05-18,9904.42,1523.76,380.94,888.86,12697.97,Open,0.0,,0.0,12697.97,28,True,Residential,West,D,False
BILL00000095,CUST0000048,2026-04-01,2026-04-28,2026-05-18,7755.88,1193.21,298.3,696.04,9943.44,Cancelled,4971.72,2026-06-02,1.0,4971.72,28,True,Commercial,West,D,True
BILL00000097,CUST0000049,2026-04-01,2026-04-28,2026-05-18,13340.69,2052.41,513.1,1197.24,17103.44,Cancelled,0.0,,0.0,17103.44,28,True,Unknown,Northeast,A,False
BILL00000099,CUST0000050,2026-04-01,2026-04-28,2026-05-18,5770.17,887.72,221.93,517.84,7397.66,Paid,0.0,,0.0,7397.66,28,True,Unknown,West,C,False
BILL00000101,CUST0000051,2026-04-01,2026-04-28,2026-05-18,3218.01,495.08,123.77,288.8,4125.66,Open,0.0,,0.0,4125.66,28,True,Residential,South,B,False
BILL00000103,CUST0000052,2026-04-01,2026-04-28,2026-05-18,16632.63,2558.87,639.72,1492.67,21323.88,Cancelled,15992.91,2026-05-03,1.0,5330.970000000001,28,True,Residential,Midwest,A,True
BILL00000107,CUST0000054,2026-04-01,2026-04-28,2026-05-18,14842.4,2283.45,570.86,1332.01,19028.72,Paid,0.0,,0.0,19028.72,28,True,Municipal,South,D,True
BILL00000109,CUST0000055,2026-04-01,2026-04-28,2026-05-18,11748.17,1807.41,451.85,1054.32,15061.76,Open,11296.32,2026-06-02,1.0,3765.4400000000005,28,True,Unknown,Midwest,C,False
BILL00000111,CUST0000056,2026-04-01,2026-04-28,2026-05-18,4031.67,620.26,155.06,361.82,5168.8,Paid,0.0,,0.0,5168.8,28,True,Unknown,West,A,False
BILL00000113,CUST0000057,2026-04-01,2026-04-28,2026-05-18,1279.11,196.79,49.2,114.79,1639.89,Paid,0.0,,0.0,1639.89,28,True,Commercial,West,A,False
BILL00000115,CUST0000058,2026-04-01,2026-04-28,2026-05-18,4409.78,678.43,169.61,395.75,5653.57,Open,0.0,,0.0,5653.57,28,True,Unknown,Midwest,B,False
BILL00000117,CUST0000059,2026-04-01,2026-04-28,2026-05-18,6219.72,956.88,239.22,558.18,7974.0,Paid,0.0,,0.0,7974.0,28,True,Unknown,Northeast,B,True
BILL00000119,CUST0000060,2026-04-01,2026-04-28,2026-05-18,18371.46,2826.38,706.59,1648.72,23553.15,Open,0.0,,0.0,23553.15,28,True,Unknown,West,C,False
BILL00000121,CUST0000061,2026-04-01,2026-04-28,2026-05-18,2620.06,403.09,100.77,235.13,3359.05,Open,0.0,,0.0,3359.05,28,True,Industrial,West,A,True
BILL00000123,CUST0000062,2026-04-01,2026-04-28,2026-05-18,7779.21,1196.8,299.2,698.13,9973.35,Open,4986.67,2026-05-18,1.0,4986.68,28,True,Commercial,Northeast,A,True
BILL00000125,CUST0000063,2026-04-01,2026-04-28,2026-05-18,12908.17,1985.87,496.47,1158.43,16548.93,Cancelled,0.0,,0.0,16548.93,28,True,Municipal,Northeast,C,False
BILL00000127,CUST0000064,2026-04-01,2026-04-28,2026-05-18,9212.68,1417.34,354.33,826.78,11811.13,Open,0.0,,0.0,11811.13,28,True,Unknown,West,B,True
BILL00000129,CUST0000065,2026-04-01,2026-04-28,2026-05-18,15775.83,2427.05,606.76,1415.78,20225.42,Paid,0.0,,0.0,20225.42,28,True,Industrial,West,D,True
BILL00000131,CUST0000066,2026-04-01,2026-04-28,2026-05-18,14671.98,2257.23,564.31,1316.72,18810.23,Paid,0.0,,0.0,18810.23,28,True,Commercial,West,A,False
BILL00000133,CUST0000067,2026-04-01,2026-04-28,2026-05-18,6136.07,944.01,236.0,550.67,7866.75,Open,5900.07,2026-05-03,1.0,1966.6800000000003,28,True,Commercial,West,B,False
BILL00000135,CUST0000068,2026-04-01,2026-04-28,2026-05-18,7063.61,1086.71,271.68,633.91,9055.91,Cancelled,6791.93,2026-05-18,1.0,2263.9799999999996,28,True,Municipal,Northeast,D,True
BILL00000137,CUST0000069,2026-04-01,2026-04-28,2026-05-18,8687.25,1336.5,334.13,779.63,11137.51,Open,0.0,,0.0,11137.51,28,True,Unknown,West,A,True
BILL00000141,CUST0000071,2026-04-01,2026-04-28,2026-05-18,17355.72,2670.11,667.53,1557.56,22250.92,Open,16688.19,2026-05-23,1.0,5562.73,28,True,Municipal,West,A,False
BILL00000145,CUST0000073,2026-04-01,2026-04-28,2026-05-18,8265.99,1271.69,317.92,741.82,10597.42,Cancelled,0.0,,0.0,10597.42,28,True,Residential,Midwest,A,False
BILL00000147,CUST0000074,2026-04-01,2026-04-28,2026-05-18,17727.76,2727.35,681.84,1590.95,22727.9,Open,0.0,,0.0,22727.9,28,True,Municipal,Northeast,C,True
BILL00000149,CUST0000075,2026-04-01,2026-04-28,2026-05-18,1406.58,216.4,54.1,126.23,1803.31,Paid,0.0,,0.0,1803.31,28,True,Industrial,Northeast,A,True
BILL00000151,CUST0000076,2026-04-01,2026-04-28,2026-05-18,7729.84,1189.21,297.3,693.7,9910.05,Open,7432.54,2026-06-02,1.0,2477.5099999999993,28,True,Unknown,Northeast,D,True
BILL00000155,CUST0000078,2026-04-01,2026-04-28,2026-05-18,13876.18,2134.8,533.7,1245.3,17789.98,Open,8894.99,2026-05-08,1.0,8894.99,28,True,Unknown,West,A,True
BILL00000157,CUST0000079,2026-04-01,2026-04-28,2026-05-18,3060.34,470.82,117.71,274.65,3923.52,Open,1961.76,2026-06-02,1.0,1961.76,28,True,Residential,South,C,True
BILL00000159,CUST0000080,2026-04-01,2026-04-28,2026-05-18,14078.98,2166.0,541.5,1263.5,18049.98,Open,9024.99,2026-05-03,1.0,9024.99,28,True,Unknown,West,B,False
BILL00000161,CUST0000081,2026-04-01,2026-04-28,2026-05-18,12470.98,1918.61,479.65,1119.19,15988.43,Past Due,0.0,,0.0,15988.43,28,True,Municipal,Midwest,B,False
BILL00000163,CUST0000082,2026-04-01,2026-04-28,2026-05-18,11408.71,1755.19,438.8,1023.86,14626.55,Open,0.0,,0.0,14626.55,28,True,Municipal,Northeast,A,True
BILL00000165,CUST0000083,2026-04-01,2026-04-28,2026-05-18,17836.39,2744.06,686.01,1600.7,22867.17,Cancelled,0.0,,0.0,22867.17,28,True,Industrial,Midwest,A,False
BILL00000167,CUST0000084,2026-04-01,2026-04-28,2026-05-18,5878.22,904.34,226.09,527.53,7536.18,Open,3768.09,2026-05-23,1.0,3768.09,28,True,Residential,West,B,True
BILL00000169,CUST0000085,2026-04-01,2026-04-28,2026-05-18,5273.1,811.25,202.81,473.23,6760.38,Paid,0.0,,0.0,6760.38,28,True,Commercial,Northeast,A,False
BILL00000171,CUST0000086,2026-04-01,2026-04-28,2026-05-18,3922.1,603.4,150.85,351.98,5028.34,Paid,3771.25,2026-05-18,1.0,1257.0900000000001,28,True,Residential,South,C,True
BILL00000175,CUST0000088,2026-04-01,2026-04-28,2026-05-18,15923.06,2449.7,612.43,1428.99,20414.18,Open,15310.64,2026-05-18,1.0,5103.540000000001,28,True,Residential,Northeast,A,True
BILL00000177,CUST0000089,2026-04-01,2026-04-28,2026-05-18,18109.63,2786.1,696.52,1625.22,23217.47,Past Due,0.0,,0.0,23217.47,28,True,Unknown,West,A,False
BILL00000179,CUST0000090,2026-04-01,2026-04-28,2026-05-18,4140.62,637.02,159.25,371.59,5308.49,Open,0.0,,0.0,5308.49,28,True,Unknown,South,C,False
BILL00000181,CUST0000091,2026-04-01,2026-04-28,2026-05-18,14699.64,2261.48,565.37,1319.2,18845.69,Paid,0.0,,0.0,18845.69,28,True,Residential,West,D,True
BILL00000183,CUST0000092,2026-04-01,2026-04-28,2026-05-18,569.22,87.57,21.89,51.08,729.78,Open,0.0,,0.0,729.78,28,True,Municipal,West,B,False
BILL00000189,CUST0000095,2026-04-01,2026-04-28,2026-05-18,6596.85,1014.9,253.72,592.02,8457.49,Cancelled,0.0,,0.0,8457.49,28,True,Unknown,West,B,False
BILL00000193,CUST0000097,2026-04-01,2026-04-28,2026-05-18,16049.93,2469.22,617.31,1440.38,20576.84,Open,0.0,,0.0,20576.84,28,True,Residential,West,A,False
BILL00000195,CUST0000098,2026-04-01,2026-04-28,2026-05-18,5648.72,869.03,217.26,506.94,7241.95,Cancelled,0.0,,0.0,7241.95,28,True,Unknown,South,A,True
BILL00000197,CUST0000099,2026-04-01,2026-04-28,2026-05-18,10276.83,1581.05,395.26,922.28,13175.42,Cancelled,0.0,,0.0,13175.42,28,True,Industrial,West,A,True
BILL00000199,CUST0000100,2026-04-01,2026-04-28,2026-05-18,7064.52,1086.85,271.71,634.0,9057.07,Open,0.0,,0.0,9057.07,28,True,Residential,Midwest,D,True
BILL00000205,CUST0000103,2026-04-01,2026-04-28,2026-05-18,103.59,15.94,3.98,9.3,132.81,Paid,0.0,,0.0,132.81,28,True,Industrial,South,B,False
BILL00000209,CUST0000105,2026-04-01,2026-04-28,2026-05-18,154.3,23.74,5.93,13.85,197.82,Cancelled,0.0,,0.0,197.82,28,True,Industrial,South,D,True
BILL00000211,CUST0000106,2026-04-01,2026-04-28,2026-05-18,16391.33,2521.74,630.44,1471.02,21014.53,Open,15760.9,2026-05-03,1.0,5253.629999999999,28,True,Commercial,Northeast,C,True
BILL00000213,CUST0000107,2026-04-01,2026-04-28,2026-05-18,18447.01,2838.0,709.5,1655.5,23650.01,Cancelled,11825.01,2026-05-08,1.0,11824.999999999998,28,True,Unknown,Midwest,C,True
BILL00000215,CUST0000108,2026-04-01,2026-04-28,2026-05-18,2357.26,362.65,90.66,211.55,3022.12,Open,0.0,,0.0,3022.12,28,True,Commercial,South,C,False
BILL00000221,CUST0000111,2026-04-01,2026-04-28,2026-05-18,3113.03,478.93,119.73,279.37,3991.06,Cancelled,0.0,,0.0,3991.06,28,True,Residential,Northeast,A,True
BILL00000223,CUST0000112,2026-04-01,2026-04-28,2026-05-18,14023.1,2157.4,539.35,1258.48,17978.33,Past Due,0.0,,0.0,17978.33,28,True,Unknown,South,C,True
BILL00000225,CUST0000113,2026-04-01,2026-04-28,2026-05-18,18204.16,2800.64,700.16,1633.71,23338.67,Paid,0.0,,0.0,23338.67,28,True,Unknown,South,C,False
BILL00000227,CUST0000114,2026-04-01,2026-04-28,2026-05-18,3019.28,464.5,116.13,270.96,3870.87,Past Due,0.0,,0.0,3870.87,28,True,Industrial,Midwest,D,False
BILL00000229,CUST0000115,2026-04-01,2026-04-28,2026-05-18,11825.45,1819.3,454.83,1061.26,15160.84,Cancelled,0.0,,0.0,15160.84,28,True,Unknown,South,A,False
BILL00000231,CUST0000116,2026-04-01,2026-04-28,2026-05-18,644.62,99.17,24.79,57.85,826.43,Cancelled,0.0,,0.0,826.43,28,True,Municipal,Midwest,D,False
BILL00000233,CUST0000117,2026-04-01,2026-04-28,2026-05-18,13597.27,2091.89,522.97,1220.27,17432.4,Open,0.0,,0.0,17432.4,28,True,Residential,Northeast,A,False
BILL00000235,CUST0000118,2026-04-01,2026-04-28,2026-05-18,7751.54,1192.54,298.14,695.65,9937.87,Open,0.0,,0.0,9937.87,28,True,Industrial,Northeast,C,False
BILL00000237,CUST0000119,2026-04-01,2026-04-28,2026-05-18,13947.76,2145.81,536.45,1251.72,17881.74,Cancelled,0.0,,0.0,17881.74,28,True,Industrial,West,D,False
BILL00000239,CUST0000120,2026-04-01,2026-04-28,2026-05-18,14714.33,2263.74,565.94,1320.52,18864.53,Open,0.0,,0.0,18864.53,28,True,Commercial,West,A,True
BILL00000241,CUST0000121,2026-04-01,2026-04-28,2026-05-18,2804.77,431.5,107.88,251.71,3595.87,Open,0.0,,0.0,3595.87,28,True,Residential,Midwest,D,False
BILL00000247,CUST0000124,2026-04-01,2026-04-28,2026-05-18,18095.39,2783.91,695.98,1623.94,23199.21,Paid,0.0,,0.0,23199.21,28,True,Industrial,South,A,True
BILL00000251,CUST0000126,2026-04-01,2026-04-28,2026-05-18,3799.48,584.54,146.13,340.98,4871.13,Open,0.0,,0.0,4871.13,28,True,Unknown,Northeast,A,True
BILL00000255,CUST0000128,2026-04-01,2026-04-28,2026-05-18,2058.03,316.62,79.15,184.69,2638.5,Cancelled,0.0,,0.0,2638.5,28,True,Industrial,Midwest,A,False
BILL00000259,CUST0000130,2026-04-01,2026-04-28,2026-05-18,6151.53,946.39,236.6,552.06,7886.57,Past Due,0.0,,0.0,7886.57,28,True,Unknown,South,B,True
BILL00000261,CUST0000131,2026-04-01,2026-04-28,2026-05-18,14491.32,2229.43,557.36,1300.5,18578.61,Past Due,0.0,,0.0,18578.61,28,True,Residential,Northeast,A,False
BILL00000263,CUST0000132,2026-04-01,2026-04-28,2026-05-18,19030.91,2927.83,731.96,1707.9,24398.6,Past Due,0.0,,0.0,24398.6,28,True,Municipal,West,A,True
BILL00000265,CUST0000133,2026-04-01,2026-04-28,2026-05-18,5586.68,859.49,214.87,501.37,7162.42,Paid,3581.21,2026-05-23,1.0,3581.21,28,True,Commercial,Midwest,A,False
BILL00000267,CUST0000134,2026-04-01,2026-04-28,2026-05-18,18201.2,2800.18,700.05,1633.44,23334.87,Cancelled,0.0,,0.0,23334.87,28,True,Commercial,West,B,False
BILL00000271,CUST0000136,2026-04-01,2026-04-28,2026-05-18,4914.33,756.05,189.01,441.03,6300.43,Past Due,3150.21,2026-05-03,1.0,3150.2200000000003,28,True,Commercial,West,D,False
BILL00000273,CUST0000137,2026-04-01,2026-04-28,2026-05-18,2528.68,389.03,97.26,226.93,3241.9,Cancelled,0.0,,0.0,3241.9,28,True,Industrial,Midwest,A,True
BILL00000275,CUST0000138,2026-04-01,2026-04-28,2026-05-18,6770.32,1041.59,260.4,607.59,8679.9,Open,0.0,,0.0,8679.9,28,True,Unknown,Midwest,D,True
BILL00000277,CUST0000139,2026-04-01,2026-04-28,2026-05-18,17125.65,2634.71,658.68,1536.92,21955.96,Open,0.0,,0.0,21955.96,28,True,Residential,Midwest,A,False
BILL00000279,CUST0000140,2026-04-01,2026-04-28,2026-05-18,505.47,77.77,19.44,45.36,648.04,Cancelled,0.0,,0.0,648.04,28,True,Commercial,Midwest,A,False
BILL00000285,CUST0000143,2026-04-01,2026-04-28,2026-05-18,12724.87,1957.67,489.42,1141.98,16313.94,Open,0.0,,0.0,16313.94,28,True,Commercial,West,B,False
BILL00000287,CUST0000144,2026-04-01,2026-04-28,2026-05-18,15738.16,2421.26,605.31,1412.4,20177.13,Paid,0.0,,0.0,20177.13,28,True,Residential,West,C,True
BILL00000291,CUST0000146,2026-04-01,2026-04-28,2026-05-18,8946.13,1376.33,344.08,802.86,11469.4,Open,0.0,,0.0,11469.4,28,True,Unknown,Midwest,B,True
BILL00000293,CUST0000147,2026-04-01,2026-04-28,2026-05-18,9168.05,1410.47,352.62,822.77,11753.91,Open,0.0,,0.0,11753.91,28,True,Commercial,Northeast,D,True
BILL00000295,CUST0000148,2026-04-01,2026-04-28,2026-05-18,17411.28,2678.66,669.66,1562.55,22322.15,Past Due,11161.08,2026-05-03,1.0,11161.070000000002,28,True,Municipal,Northeast,A,False
BILL00000299,CUST0000150,2026-04-01,2026-04-28,2026-05-18,3860.69,593.95,148.49,346.47,4949.61,Open,2474.8,2026-05-03,1.0,2474.8099999999995,28,True,Residential,Midwest,B,True
BILL00000301,CUST0000151,2026-04-01,2026-04-28,2026-05-18,14488.89,2229.06,557.27,1300.29,18575.5,Cancelled,0.0,,0.0,18575.5,28,True,Residential,West,A,True
BILL00000303,CUST0000152,2026-04-01,2026-04-28,2026-05-18,19023.66,2926.72,731.68,1707.25,24389.31,Open,12194.65,2026-05-18,1.0,12194.660000000002,28,True,Municipal,West,D,False
BILL00000305,CUST0000153,2026-04-01,2026-04-28,2026-05-18,4825.31,742.36,185.59,433.04,6186.3,Open,4639.72,2026-05-23,1.0,1546.58,28,True,Industrial,Northeast,A,True
BILL00000307,CUST0000154,2026-04-01,2026-04-28,2026-05-18,17435.18,2682.34,670.58,1564.7,22352.79,Open,0.0,,0.0,22352.79,28,True,Commercial,South,A,False
BILL00000309,CUST0000155,2026-04-01,2026-04-28,2026-05-18,12727.7,1958.11,489.53,1142.23,16317.57,Paid,0.0,,0.0,16317.57,28,True,Unknown,South,D,False
BILL00000313,CUST0000157,2026-04-01,2026-04-28,2026-05-18,14571.11,2241.71,560.43,1307.66,18680.91,Open,0.0,,0.0,18680.91,28,True,Residential,South,B,False
BILL00000317,CUST0000159,2026-04-01,2026-04-28,2026-05-18,9466.6,1456.4,364.1,849.57,12136.66,Past Due,0.0,,0.0,12136.66,28,True,Municipal,Northeast,A,True
BILL00000321,CUST0000161,2026-04-01,2026-04-28,2026-05-18,5653.55,869.78,217.44,507.37,7248.15,Paid,3624.07,2026-06-02,1.0,3624.0799999999995,28,True,Residential,South,A,False
BILL00000323,CUST0000162,2026-04-01,2026-04-28,2026-05-18,10259.24,1578.34,394.59,920.7,13152.87,Cancelled,0.0,,0.0,13152.87,28,True,Residential,South,D,True
BILL00000325,CUST0000163,2026-04-01,2026-04-28,2026-05-18,6863.64,1055.94,263.99,615.97,8799.53,Open,0.0,,0.0,8799.53,28,True,Residential,Northeast,D,True
BILL00000327,CUST0000164,2026-04-01,2026-04-28,2026-05-18,10030.02,1543.08,385.77,900.13,12859.0,Cancelled,9644.25,2026-05-03,1.0,3214.75,28,True,Unknown,Midwest,D,True
BILL00000329,CUST0000165,2026-04-01,2026-04-28,2026-05-18,18002.7,2769.65,692.41,1615.63,23080.38,Paid,11540.19,2026-05-08,1.0,11540.19,28,True,Commercial,South,A,False
BILL00000331,CUST0000166,2026-04-01,2026-04-28,2026-05-18,18218.39,2802.83,700.71,1634.98,23356.91,Open,0.0,,0.0,23356.91,28,True,Unknown,Midwest,A,True
BILL00000333,CUST0000167,2026-04-01,2026-04-28,2026-05-18,933.18,143.57,35.89,83.75,1196.38,Cancelled,0.0,,0.0,1196.38,28,True,Residential,West,B,True
BILL00000335,CUST0000168,2026-04-01,2026-04-28,2026-05-18,5400.59,830.86,207.71,484.67,6923.83,Paid,5192.87,2026-05-03,1.0,1730.96,28,True,Municipal,Midwest,A,True
BILL00000337,CUST0000169,2026-04-01,2026-04-28,2026-05-18,6753.67,1039.03,259.76,606.1,8658.55,Past Due,0.0,,0.0,8658.55,28,True,Industrial,Midwest,C,False
BILL00000339,CUST0000170,2026-04-01,2026-04-28,2026-05-18,5506.76,847.19,211.8,494.2,7059.95,Open,0.0,,0.0,7059.95,28,True,Industrial,Midwest,A,True
BILL00000341,CUST0000171,2026-04-01,2026-04-28,2026-05-18,10514.79,1617.66,404.41,943.63,13480.5,Cancelled,0.0,,0.0,13480.5,28,True,Municipal,South,D,False
BILL00000345,CUST0000173,2026-04-01,2026-04-28,2026-05-18,6354.89,977.67,244.42,570.31,8147.29,Open,0.0,,0.0,8147.29,28,True,Industrial,South,A,True
BILL00000349,CUST0000175,2026-04-01,2026-04-28,2026-05-18,16704.21,2569.88,642.47,1499.1,21415.66,Open,10707.83,2026-05-23,1.0,10707.83,28,True,Residential,South,D,True
BILL00000351,CUST0000176,2026-04-01,2026-04-28,2026-05-18,12011.03,1847.85,461.96,1077.91,15398.76,Past Due,0.0,,0.0,15398.76,28,True,Residential,West,D,True
BILL00000355,CUST0000178,2026-04-01,2026-04-28,2026-05-18,1205.05,185.39,46.35,108.15,1544.93,Paid,1158.7,2026-05-03,1.0,386.23,28,True,Industrial,Northeast,C,False
BILL00000361,CUST0000181,2026-04-01,2026-04-28,2026-05-18,12868.72,1979.8,494.95,1154.88,16498.36,Past Due,0.0,,0.0,16498.36,28,True,Commercial,South,C,False
BILL00000363,CUST0000182,2026-04-01,2026-04-28,2026-05-18,16609.75,2555.35,638.84,1490.62,21294.55,Past Due,15970.91,2026-06-02,1.0,5323.639999999999,28,True,Industrial,South,D,False
BILL00000365,CUST0000183,2026-04-01,2026-04-28,2026-05-18,1562.76,240.43,60.11,140.25,2003.54,Past Due,0.0,,0.0,2003.54,28,True,Industrial,South,A,True
BILL00000369,CUST0000185,2026-04-01,2026-04-28,2026-05-18,13617.68,2095.03,523.76,1222.1,17458.57,Past Due,0.0,,0.0,17458.57,28,True,Industrial,West,C,True
BILL00000371,CUST0000186,2026-04-01,2026-04-28,2026-05-18,18585.4,2859.29,714.82,1667.92,23827.44,Paid,0.0,,0.0,23827.44,28,True,Unknown,Northeast,B,False
BILL00000373,CUST0000187,2026-04-01,2026-04-28,2026-05-18,19236.23,2959.42,739.85,1726.33,24661.83,Paid,0.0,,0.0,24661.83,28,True,Residential,Midwest,C,False
BILL00000377,CUST0000189,2026-04-01,2026-04-28,2026-05-18,8215.65,1263.95,315.99,737.3,10532.89,Open,0.0,,0.0,10532.89,28,True,Commercial,Midwest,A,True
BILL00000381,CUST0000191,2026-04-01,2026-04-28,2026-05-18,7588.47,1167.46,291.86,681.02,9728.81,Cancelled,4864.4,2026-05-08,1.0,4864.41,28,True,Commercial,Northeast,B,True
BILL00000383,CUST0000192,2026-04-01,2026-04-28,2026-05-18,6591.47,1014.07,253.52,591.54,8450.6,Paid,0.0,,0.0,8450.6,28,True,Municipal,South,C,False
BILL00000385,CUST0000193,2026-04-01,2026-04-28,2026-05-18,3631.85,558.75,139.69,325.93,4656.21,Open,0.0,,0.0,4656.21,28,True,Residential,West,A,True
BILL00000387,CUST0000194,2026-04-01,2026-04-28,2026-05-18,18008.98,2770.61,692.65,1616.19,23088.43,Past Due,0.0,,0.0,23088.43,28,True,Residential,South,A,True
BILL00000389,CUST0000195,2026-04-01,2026-04-28,2026-05-18,1222.6,188.09,47.02,109.72,1567.44,Past Due,0.0,,0.0,1567.44,28,True,Municipal,South,A,True
BILL00000391,CUST0000196,2026-04-01,2026-04-28,2026-05-18,10589.3,1629.12,407.28,950.32,13576.03,Open,6788.02,2026-05-23,1.0,6788.01,28,True,Commercial,Northeast,C,False
BILL00000393,CUST0000197,2026-04-01,2026-04-28,2026-05-18,9671.81,1487.97,371.99,867.98,12399.76,Past Due,0.0,,0.0,12399.76,28,True,Unknown,Northeast,B,False
BILL00000395,CUST0000198,2026-04-01,2026-04-28,2026-05-18,8745.94,1345.53,336.38,784.89,11212.75,Open,0.0,,0.0,11212.75,28,True,Industrial,South,A,False
BILL00000397,CUST0000199,2026-04-01,2026-04-28,2026-05-18,2662.89,409.68,102.42,238.98,3413.96,Open,0.0,,0.0,3413.96,28,True,Commercial,West,B,True
BILL00000399,CUST0000200,2026-04-01,2026-04-28,2026-05-18,10806.78,1662.58,415.65,969.84,13854.85,Open,0.0,,0.0,13854.85,28,True,Municipal,West,B,True
BILL00000401,CUST0000201,2026-04-01,2026-04-28,2026-05-18,4253.82,654.43,163.61,381.75,5453.61,Open,4090.21,2026-05-18,1.0,1363.3999999999996,28,True,Commercial,West,B,False
BILL00000403,CUST0000202,2026-04-01,2026-04-28,2026-05-18,13171.01,2026.31,506.58,1182.01,16885.9,Cancelled,0.0,,0.0,16885.9,28,True,Municipal,West,A,True
BILL00000405,CUST0000203,2026-04-01,2026-04-28,2026-05-18,3741.79,575.66,143.92,335.8,4797.17,Cancelled,0.0,,0.0,4797.17,28,True,Commercial,Midwest,A,False
BILL00000411,CUST0000206,2026-04-01,2026-04-28,2026-05-18,10913.08,1678.94,419.73,979.38,13991.13,Past Due,0.0,,0.0,13991.13,28,True,Residential,Northeast,C,False
BILL00000415,CUST0000208,2026-04-01,2026-04-28,2026-05-18,17598.97,2707.53,676.88,1579.39,22562.78,Open,0.0,,0.0,22562.78,28,True,Residential,West,A,True
BILL00000417,CUST0000209,2026-04-01,2026-04-28,2026-05-18,7651.6,1177.17,294.29,686.68,9809.74,Open,0.0,,0.0,9809.74,28,True,Municipal,South,D,False
BILL00000419,CUST0000210,2026-04-01,2026-04-28,2026-05-18,8063.22,1240.49,310.12,723.62,10337.46,Past Due,0.0,,0.0,10337.46,28,True,Commercial,Midwest,A,True
BILL00000421,CUST0000211,2026-04-01,2026-04-28,2026-05-18,2795.53,430.08,107.52,250.88,3584.01,Paid,1792.0,2026-05-23,1.0,1792.0100000000002,28,True,Industrial,Northeast,C,False
BILL00000423,CUST0000212,2026-04-01,2026-04-28,2026-05-18,12242.43,1883.45,470.86,1098.68,15695.42,Paid,0.0,,0.0,15695.42,28,True,Industrial,Midwest,C,False
BILL00000427,CUST0000214,2026-04-01,2026-04-28,2026-05-18,3338.9,513.68,128.42,299.65,4280.64,Past Due,0.0,,0.0,4280.64,28,True,Unknown,West,C,True
BILL00000429,CUST0000215,2026-04-01,2026-04-28,2026-05-18,11423.91,1757.52,439.38,1025.22,14646.03,Paid,0.0,,0.0,14646.03,28,True,Commercial,West,A,False
BILL00000431,CUST0000216,2026-04-01,2026-04-28,2026-05-18,7498.97,1153.69,288.42,672.98,9614.06,Open,7210.54,2026-05-18,1.0,2403.5199999999995,28,True,Municipal,South,A,True
BILL00000433,CUST0000217,2026-04-01,2026-04-28,2026-05-18,4706.26,724.04,181.01,422.36,6033.67,Past Due,0.0,,0.0,6033.67,28,True,Unknown,West,D,True
BILL00000439,CUST0000220,2026-04-01,2026-04-28,2026-05-18,722.24,111.11,27.78,64.82,925.95,Open,0.0,,0.0,925.95,28,True,Residential,Midwest,C,False
BILL00000443,CUST0000222,2026-04-01,2026-04-28,2026-05-18,5041.64,775.64,193.91,452.46,6463.64,Open,0.0,,0.0,6463.64,28,True,Unknown,South,A,True
BILL00000445,CUST0000223,2026-04-01,2026-04-28,2026-05-18,2099.61,323.02,80.75,188.43,2691.8,Past Due,0.0,,0.0,2691.8,28,True,Commercial,West,A,True
BILL00000449,CUST0000225,2026-04-01,2026-04-28,2026-05-18,17049.29,2622.97,655.74,1530.06,21858.07,Open,0.0,,0.0,21858.07,28,True,Residential,South,B,True
BILL00000451,CUST0000226,2026-04-01,2026-04-28,2026-05-18,17130.66,2635.49,658.87,1537.37,21962.38,Paid,0.0,,0.0,21962.38,28,True,Industrial,South,A,False
BILL00000453,CUST0000227,2026-04-01,2026-04-28,2026-05-18,15042.29,2314.2,578.55,1349.95,19284.99,Paid,0.0,,0.0,19284.99,28,True,Unknown,West,C,False
BILL00000457,CUST0000229,2026-04-01,2026-04-28,2026-05-18,14232.0,2189.54,547.38,1277.23,18246.16,Past Due,0.0,,0.0,18246.16,28,True,Residential,Northeast,D,True
BILL00000459,CUST0000230,2026-04-01,2026-04-28,2026-05-18,17273.09,2657.4,664.35,1550.15,22144.98,Open,0.0,,0.0,22144.98,28,True,Unknown,South,A,True
BILL00000461,CUST0000231,2026-04-01,2026-04-28,2026-05-18,19252.25,2961.88,740.47,1727.77,24682.37,Past Due,0.0,,0.0,24682.37,28,True,Commercial,Midwest,A,True
BILL00000465,CUST0000233,2026-04-01,2026-04-28,2026-05-18,13979.68,2150.72,537.68,1254.59,17922.67,Open,0.0,,0.0,17922.67,28,True,Commercial,West,C,False
BILL00000467,CUST0000234,2026-04-01,2026-04-28,2026-05-18,18296.6,2814.86,703.72,1642.0,23457.18,Open,0.0,,0.0,23457.18,28,True,Commercial,West,D,True
BILL00000469,CUST0000235,2026-04-01,2026-04-28,2026-05-18,11210.85,1724.75,431.19,1006.1,14372.89,Cancelled,0.0,,0.0,14372.89,28,True,Industrial,Midwest,A,False
BILL00000471,CUST0000236,2026-04-01,2026-04-28,2026-05-18,11162.47,1717.3,429.33,1001.76,14310.86,Open,0.0,,0.0,14310.86,28,True,Municipal,West,B,True
BILL00000473,CUST0000237,2026-04-01,2026-04-28,2026-05-18,14269.3,2195.28,548.82,1280.58,18293.97,Open,9146.99,2026-05-23,1.0,9146.980000000001,28,True,Industrial,South,D,True
BILL00000475,CUST0000238,2026-04-01,2026-04-28,2026-05-18,6313.47,971.3,242.83,566.59,8094.19,Past Due,0.0,,0.0,8094.19,28,True,Municipal,Northeast,A,False
BILL00000477,CUST0000239,2026-04-01,2026-04-28,2026-05-18,10822.44,1664.99,416.25,971.24,13874.92,Cancelled,0.0,,0.0,13874.92,28,True,Commercial,South,A,True
BILL00000483,CUST0000242,2026-04-01,2026-04-28,2026-05-18,7546.51,1161.0,290.25,677.25,9675.02,Open,4837.51,2026-05-23,1.0,4837.51,28,True,Unknown,Northeast,C,True
BILL00000487,CUST0000244,2026-04-01,2026-04-28,2026-05-18,6807.24,1047.27,261.82,610.91,8727.23,Paid,0.0,,0.0,8727.23,28,True,Commercial,Midwest,B,False
BILL00000489,CUST0000245,2026-04-01,2026-04-28,2026-05-18,13418.87,2064.44,516.11,1204.26,17203.68,Open,0.0,,0.0,17203.68,28,True,Unknown,South,C,False
BILL00000491,CUST0000246,2026-04-01,2026-04-28,2026-05-18,16839.4,2590.68,647.67,1511.23,21588.98,Open,0.0,,0.0,21588.98,28,True,Unknown,Midwest,A,False
BILL00000493,CUST0000247,2026-04-01,2026-04-28,2026-05-18,12205.75,1877.81,469.45,1095.39,15648.4,Past Due,0.0,,0.0,15648.4,28,True,Commercial,West,A,True
BILL00000495,CUST0000248,2026-04-01,2026-04-28,2026-05-18,13708.63,2109.02,527.25,1230.26,17575.16,Past Due,0.0,,0.0,17575.16,28,True,Unknown,South,C,True
BILL00000497,CUST0000249,2026-04-01,2026-04-28,2026-05-18,14586.23,2244.04,561.01,1309.02,18700.29,Cancelled,0.0,,0.0,18700.29,28,True,Commercial,South,C,False
BILL00000499,CUST0000250,2026-04-01,2026-04-28,2026-05-18,631.81,97.2,24.3,56.7,810.01,Open,0.0,,0.0,810.01,28,True,Residential,South,B,True
BILL00000501,CUST0000251,2026-04-01,2026-04-28,2026-05-18,18622.22,2864.96,716.24,1671.23,23874.64,Paid,0.0,,0.0,23874.64,28,True,Municipal,Northeast,C,True
BILL00000505,CUST0000253,2026-04-01,2026-04-28,2026-05-18,1307.67,201.18,50.29,117.35,1676.49,Cancelled,0.0,,0.0,1676.49,28,True,Residential,West,C,False
BILL00000507,CUST0000254,2026-04-01,2026-04-28,2026-05-18,8461.77,1301.81,325.45,759.39,10848.42,Open,0.0,,0.0,10848.42,28,True,Municipal,Northeast,D,False
BILL00000511,CUST0000256,2026-04-01,2026-04-28,2026-05-18,8853.2,1362.03,340.51,794.52,11350.26,Open,0.0,,0.0,11350.26,28,True,Municipal,West,B,True
BILL00000513,CUST0000257,2026-04-01,2026-04-28,2026-05-18,13034.41,2005.29,501.32,1169.75,16710.78,Open,0.0,,0.0,16710.78,28,True,Commercial,West,C,False
BILL00000517,CUST0000259,2026-04-01,2026-04-28,2026-05-18,11442.41,1760.37,440.09,1026.88,14669.76,Paid,0.0,,0.0,14669.76,28,True,Unknown,South,A,True
BILL00000523,CUST0000262,2026-04-01,2026-04-28,2026-05-18,10539.03,1621.39,405.35,945.81,13511.58,Paid,0.0,,0.0,13511.58,28,True,Industrial,West,D,False
BILL00000525,CUST0000263,2026-04-01,2026-04-28,2026-05-18,3333.12,512.79,128.2,299.13,4273.23,Open,0.0,,0.0,4273.23,28,True,Municipal,South,A,False
BILL00000527,CUST0000264,2026-04-01,2026-04-28,2026-05-18,11058.32,1701.28,425.32,992.41,14177.34,Paid,0.0,,0.0,14177.34,28,True,Residential,West,B,False
BILL00000529,CUST0000265,2026-04-01,2026-04-28,2026-05-18,9263.03,1425.08,356.27,831.3,11875.67,Cancelled,0.0,,0.0,11875.67,28,True,Municipal,Midwest,D,False
BILL00000531,CUST0000266,2026-04-01,2026-04-28,2026-05-18,8524.33,1311.43,327.86,765.0,10928.62,Open,0.0,,0.0,10928.62,28,True,Unknown,Northeast,A,False
BILL00000533,CUST0000267,2026-04-01,2026-04-28,2026-05-18,12773.69,1965.18,491.3,1146.36,16376.53,Paid,0.0,,0.0,16376.53,28,True,Residential,West,C,True
BILL00000535,CUST0000268,2026-04-01,2026-04-28,2026-05-18,3192.25,491.12,122.78,286.48,4092.63,Open,0.0,,0.0,4092.63,28,True,Commercial,West,A,False
BILL00000537,CUST0000269,2026-04-01,2026-04-28,2026-05-18,18081.8,2781.82,695.45,1622.73,23181.8,Cancelled,0.0,,0.0,23181.8,28,True,Unknown,South,D,True
BILL00000539,CUST0000270,2026-04-01,2026-04-28,2026-05-18,253.91,39.06,9.77,22.79,325.53,Cancelled,0.0,,0.0,325.53,28,True,Residential,South,B,True
BILL00000543,CUST0000272,2026-04-01,2026-04-28,2026-05-18,17722.79,2726.58,681.65,1590.51,22721.52,Open,0.0,,0.0,22721.52,28,True,Municipal,Midwest,A,True
BILL00000545,CUST0000273,2026-04-01,2026-04-28,2026-05-18,8466.24,1302.5,325.62,759.79,10854.15,Past Due,5427.08,2026-05-03,1.0,5427.07,28,True,Industrial,West,A,True
BILL00000547,CUST0000274,2026-04-01,2026-04-28,2026-05-18,10603.02,1631.23,407.81,951.55,13593.61,Paid,0.0,,0.0,13593.61,28,True,Unknown,South,D,False
BILL00000549,CUST0000275,2026-04-01,2026-04-28,2026-05-18,7686.39,1182.52,295.63,689.8,9854.34,Open,0.0,,0.0,9854.34,28,True,Municipal,South,C,True
BILL00000551,CUST0000276,2026-04-01,2026-04-28,2026-05-18,15695.56,2414.7,603.68,1408.58,20122.52,Open,0.0,,0.0,20122.52,28,True,Unknown,West,A,False
BILL00000553,CUST0000277,2026-04-01,2026-04-28,2026-05-18,1020.01,156.92,39.23,91.54,1307.7,Cancelled,0.0,,0.0,1307.7,28,True,Residential,Northeast,D,False
BILL00000559,CUST0000280,2026-04-01,2026-04-28,2026-05-18,6732.47,1035.76,258.94,604.2,8631.37,Paid,0.0,,0.0,8631.37,28,True,Residential,Midwest,A,False
BILL00000561,CUST0000281,2026-04-01,2026-04-28,2026-05-18,5505.24,846.96,211.74,494.06,7057.99,Cancelled,0.0,,0.0,7057.99,28,True,Residential,South,B,False
BILL00000563,CUST0000282,2026-04-01,2026-04-28,2026-05-18,19317.96,2971.99,743.0,1733.66,24766.61,Paid,0.0,,0.0,24766.61,28,True,Residential,West,C,True
BILL00000565,CUST0000283,2026-04-01,2026-04-28,2026-05-18,6949.1,1069.09,267.27,623.64,8909.1,Cancelled,0.0,,0.0,8909.1,28,True,Commercial,Northeast,A,True
BILL00000567,CUST0000284,2026-04-01,2026-04-28,2026-05-18,1655.24,254.65,63.66,148.55,2122.11,Paid,0.0,,0.0,2122.11,28,True,Residential,Midwest,A,False
BILL00000569,CUST0000285,2026-04-01,2026-04-28,2026-05-18,12195.94,1876.3,469.07,1094.51,15635.83,Open,0.0,,0.0,15635.83,28,True,Unknown,South,A,True
BILL00000571,CUST0000286,2026-04-01,2026-04-28,2026-05-18,7314.32,1125.28,281.32,656.41,9377.33,Open,0.0,,0.0,9377.33,28,True,Industrial,Northeast,C,False
BILL00000573,CUST0000287,2026-04-01,2026-04-28,2026-05-18,17104.16,2631.41,657.85,1534.99,21928.41,Paid,0.0,,0.0,21928.41,28,True,Residential,Midwest,B,True
BILL00000575,CUST0000288,2026-04-01,2026-04-28,2026-05-18,13048.87,2007.52,501.88,1171.05,16729.32,Paid,0.0,,0.0,16729.32,28,True,Industrial,Northeast,D,False
BILL00000577,CUST0000289,2026-04-01,2026-04-28,2026-05-18,14845.21,2283.88,570.97,1332.26,19032.31,Paid,0.0,,0.0,19032.31,28,True,Residential,Midwest,B,False
BILL00000579,CUST0000290,2026-04-01,2026-04-28,2026-05-18,775.94,119.38,29.84,69.64,994.79,Past Due,0.0,,0.0,994.79,28,True,Commercial,West,D,False
BILL00000581,CUST0000291,2026-04-01,2026-04-28,2026-05-18,4973.3,765.12,191.28,446.32,6376.03,Open,0.0,,0.0,6376.03,28,True,Municipal,Northeast,C,False
BILL00000583,CUST0000292,2026-04-01,2026-04-28,2026-05-18,7912.18,1217.26,304.31,710.07,10143.82,Paid,0.0,,0.0,10143.82,28,True,Industrial,South,A,True
BILL00000585,CUST0000293,2026-04-01,2026-04-28,2026-05-18,8257.69,1270.41,317.6,741.07,10586.78,Open,0.0,,0.0,10586.78,28,True,Industrial,Northeast,A,True
BILL00000587,CUST0000294,2026-04-01,2026-04-28,2026-05-18,11770.81,1810.89,452.72,1056.35,15090.78,Paid,0.0,,0.0,15090.78,28,True,Residential,West,B,False
BILL00000589,CUST0000295,2026-04-01,2026-04-28,2026-05-18,11767.91,1810.45,452.61,1056.09,15087.06,Open,0.0,,0.0,15087.06,28,True,Commercial,Midwest,A,False
BILL00000593,CUST0000297,2026-04-01,2026-04-28,2026-05-18,13630.86,2097.06,524.26,1223.28,17475.46,Paid,0.0,,0.0,17475.46,28,True,Industrial,South,A,False
BILL00000595,CUST0000298,2026-04-01,2026-04-28,2026-05-18,18654.36,2869.9,717.48,1674.11,23915.84,Open,0.0,,0.0,23915.84,28,True,Municipal,West,C,False
BILL00000597,CUST0000299,2026-04-01,2026-04-28,2026-05-18,9280.03,1427.7,356.92,832.82,11897.47,Open,0.0,,0.0,11897.47,28,True,Commercial,South,A,False
BILL00000599,CUST0000300,2026-04-01,2026-04-28,2026-05-18,11647.27,1791.89,447.97,1045.27,14932.4,Open,0.0,,0.0,14932.4,28,True,Industrial,Northeast,D,False
BILL00000601,CUST0000301,2026-04-01,2026-04-28,2026-05-18,543.53,83.62,20.9,48.78,696.83,Paid,0.0,,0.0,696.83,28,True,Industrial,Midwest,A,False
BILL00000603,CUST0000302,2026-04-01,2026-04-28,2026-05-18,701.01,107.85,26.96,62.91,898.74,Open,674.05,2026-06-02,1.0,224.69000000000005,28,True,Unknown,West,A,True
BILL00000605,CUST0000303,2026-04-01,2026-04-28,2026-05-18,18421.55,2834.08,708.52,1653.22,23617.37,Paid,0.0,,0.0,23617.37,28,True,Unknown,Northeast,A,True
BILL00000607,CUST0000304,2026-04-01,2026-04-28,2026-05-18,18545.44,2853.14,713.29,1664.33,23776.2,Paid,0.0,,0.0,23776.2,28,True,Industrial,Northeast,B,True
BILL00000609,CUST0000305,2026-04-01,2026-04-28,2026-05-18,4466.51,687.15,171.79,400.84,5726.29,Cancelled,4294.72,2026-05-18,1.0,1431.5699999999997,28,True,Industrial,South,D,True
BILL00000615,CUST0000308,2026-04-01,2026-04-28,2026-05-18,12325.63,1896.25,474.06,1106.15,15802.09,Open,0.0,,0.0,15802.09,28,True,Industrial,West,A,True
BILL00000619,CUST0000310,2026-04-01,2026-04-28,2026-05-18,1119.97,172.3,43.08,100.51,1435.86,Open,0.0,,0.0,1435.86,28,True,Industrial,South,B,False
BILL00000621,CUST0000311,2026-04-01,2026-04-28,2026-05-18,1016.97,156.46,39.11,91.27,1303.8,Past Due,0.0,,0.0,1303.8,28,True,Industrial,South,A,True
BILL00000623,CUST0000312,2026-04-01,2026-04-28,2026-05-18,9388.39,1444.37,361.09,842.55,12036.4,Paid,0.0,,0.0,12036.4,28,True,Residential,Northeast,A,True
BILL00000625,CUST0000313,2026-04-01,2026-04-28,2026-05-18,8872.48,1365.0,341.25,796.25,11374.97,Past Due,0.0,,0.0,11374.97,28,True,Industrial,West,C,True
BILL00000627,CUST0000314,2026-04-01,2026-04-28,2026-05-18,9711.52,1494.08,373.52,871.55,12450.66,Paid,0.0,,0.0,12450.66,28,True,Industrial,Midwest,A,False
BILL00000629,CUST0000315,2026-04-01,2026-04-28,2026-05-18,7706.49,1185.61,296.4,691.61,9880.12,Open,7410.09,2026-05-08,1.0,2470.0300000000007,28,True,Industrial,West,A,True
BILL00000633,CUST0000317,2026-04-01,2026-04-28,2026-05-18,17958.42,2762.83,690.71,1611.65,23023.61,Paid,0.0,,0.0,23023.61,28,True,Unknown,South,A,True
BILL00000635,CUST0000318,2026-04-01,2026-04-28,2026-05-18,11662.47,1794.23,448.56,1046.63,14951.88,Open,7475.94,2026-05-23,1.0,7475.94,28,True,Commercial,South,D,False
BILL00000637,CUST0000319,2026-04-01,2026-04-28,2026-05-18,8883.6,1366.71,341.68,797.25,11389.23,Cancelled,0.0,,0.0,11389.23,28,True,Unknown,West,A,True
BILL00000639,CUST0000320,2026-04-01,2026-04-28,2026-05-18,13191.86,2029.52,507.38,1183.89,16912.65,Paid,12684.48,2026-05-18,1.0,4228.170000000002,28,True,Commercial,Northeast,A,False
BILL00000641,CUST0000321,2026-04-01,2026-04-28,2026-05-18,17943.22,2760.5,690.12,1610.29,23004.13,Paid,0.0,,0.0,23004.13,28,True,Unknown,South,A,False
BILL00000643,CUST0000322,2026-04-01,2026-04-28,2026-05-18,15687.01,2413.39,603.35,1407.81,20111.55,Paid,0.0,,0.0,20111.55,28,True,Municipal,Northeast,C,True
BILL00000645,CUST0000323,2026-04-01,2026-04-28,2026-05-18,18590.4,2860.06,715.02,1668.37,23833.85,Open,11916.92,2026-05-23,1.0,11916.929999999998,28,True,Unknown,South,D,True
BILL00000647,CUST0000324,2026-04-01,2026-04-28,2026-05-18,11865.89,1825.52,456.38,1064.89,15212.69,Past Due,0.0,,0.0,15212.69,28,True,Residential,Northeast,A,True
BILL00000649,CUST0000325,2026-04-01,2026-04-28,2026-05-18,13842.05,2129.55,532.39,1242.24,17746.22,Open,8873.11,2026-05-18,1.0,8873.11,28,True,Residential,West,D,True
BILL00000651,CUST0000326,2026-04-01,2026-04-28,2026-05-18,5403.95,831.38,207.84,484.97,6928.13,Past Due,0.0,,0.0,6928.13,28,True,Unknown,Northeast,A,False
BILL00000653,CUST0000327,2026-04-01,2026-04-28,2026-05-18,14352.66,2208.1,552.03,1288.06,18400.85,Past Due,0.0,,0.0,18400.85,28,True,Commercial,West,A,True
BILL00000655,CUST0000328,2026-04-01,2026-04-28,2026-05-18,4066.95,625.68,156.42,364.98,5214.03,Open,3910.52,2026-05-08,1.0,1303.5099999999998,28,True,Municipal,Northeast,A,False
BILL00000657,CUST0000329,2026-04-01,2026-04-28,2026-05-18,7794.15,1199.1,299.78,699.48,9992.51,Open,0.0,,0.0,9992.51,28,True,Commercial,Midwest,D,False
BILL00000659,CUST0000330,2026-04-01,2026-04-28,2026-05-18,5286.33,813.28,203.32,474.41,6777.35,Past Due,0.0,,0.0,6777.35,28,True,Municipal,Midwest,B,False
BILL00000661,CUST0000331,2026-04-01,2026-04-28,2026-05-18,5295.86,814.75,203.69,475.27,6789.57,Past Due,0.0,,0.0,6789.57,28,True,Residential,South,B,False
BILL00000667,CUST0000334,2026-04-01,2026-04-28,2026-05-18,842.13,129.56,32.39,75.58,1079.65,Open,809.74,2026-05-08,1.0,269.9100000000001,28,True,Municipal,West,B,True
BILL00000669,CUST0000335,2026-04-01,2026-04-28,2026-05-18,13945.14,2145.41,536.35,1251.49,17878.38,Open,0.0,,0.0,17878.38,28,True,Residential,Midwest,A,True
BILL00000671,CUST0000336,2026-04-01,2026-04-28,2026-05-18,5299.79,815.35,203.84,475.62,6794.6,Paid,0.0,,0.0,6794.6,28,True,Industrial,Midwest,C,True
BILL00000673,CUST0000337,2026-04-01,2026-04-28,2026-05-18,11736.03,1805.54,451.39,1053.23,15046.19,Open,0.0,,0.0,15046.19,28,True,Residential,South,B,False
BILL00000675,CUST0000338,2026-04-01,2026-04-28,2026-05-18,9240.55,1421.62,355.41,829.28,11846.86,Open,0.0,,0.0,11846.86,28,True,Unknown,Northeast,D,True
BILL00000677,CUST0000339,2026-04-01,2026-04-28,2026-05-18,6786.77,1044.12,261.03,609.07,8700.99,Past Due,0.0,,0.0,8700.99,28,True,Unknown,South,B,False
BILL00000681,CUST0000341,2026-04-01,2026-04-28,2026-05-18,1010.35,155.44,38.86,90.67,1295.32,Past Due,0.0,,0.0,1295.32,28,True,Industrial,South,A,False
BILL00000683,CUST0000342,2026-04-01,2026-04-28,2026-05-18,9737.2,1498.03,374.51,873.85,12483.59,Paid,0.0,,0.0,12483.59,28,True,Residential,Northeast,B,False
BILL00000685,CUST0000343,2026-04-01,2026-04-28,2026-05-18,18215.26,2802.35,700.59,1634.7,23352.9,Paid,11676.45,2026-05-23,1.0,11676.45,28,True,Commercial,South,A,True
BILL00000687,CUST0000344,2026-04-01,2026-04-28,2026-05-18,724.42,111.45,27.86,65.01,928.74,Past Due,0.0,,0.0,928.74,28,True,Municipal,South,D,True
BILL00000689,CUST0000345,2026-04-01,2026-04-28,2026-05-18,5612.87,863.52,215.88,503.72,7195.99,Open,0.0,,0.0,7195.99,28,True,Municipal,South,A,True
BILL00000691,CUST0000346,2026-04-01,2026-04-28,2026-05-18,5076.4,780.98,195.25,455.57,6508.2,Paid,0.0,,0.0,6508.2,28,True,Residential,South,C,False
BILL00000693,CUST0000347,2026-04-01,2026-04-28,2026-05-18,12098.42,1861.3,465.32,1085.76,15510.79,Cancelled,0.0,,0.0,15510.79,28,True,Commercial,Northeast,A,True
BILL00000695,CUST0000348,2026-04-01,2026-04-28,2026-05-18,2741.84,421.82,105.46,246.06,3515.18,Cancelled,1757.59,2026-06-02,1.0,1757.59,28,True,Residential,South,D,False
BILL00000699,CUST0000350,2026-04-01,2026-04-28,2026-05-18,10808.29,1662.81,415.7,969.98,13856.79,Open,0.0,,0.0,13856.79,28,True,Commercial,Midwest,C,True
BILL00000703,CUST0000352,2026-04-01,2026-04-28,2026-05-18,5823.24,895.88,223.97,522.6,7465.69,Past Due,0.0,,0.0,7465.69,28,True,Industrial,South,A,True
BILL00000705,CUST0000353,2026-04-01,2026-04-28,2026-05-18,7812.75,1201.96,300.49,701.14,10016.35,Past Due,5008.17,2026-05-03,1.0,5008.18,28,True,Industrial,West,A,True
BILL00000707,CUST0000354,2026-04-01,2026-04-28,2026-05-18,2752.21,423.42,105.85,246.99,3528.47,Paid,0.0,,0.0,3528.47,28,True,Municipal,West,B,False
BILL00000709,CUST0000355,2026-04-01,2026-04-28,2026-05-18,19231.11,2958.63,739.66,1725.87,24655.27,Open,18491.45,2026-06-02,1.0,6163.82,28,True,Residential,West,A,True
BILL00000711,CUST0000356,2026-04-01,2026-04-28,2026-05-18,11794.98,1814.61,453.65,1058.52,15121.77,Open,7560.89,2026-05-08,1.0,7560.88,28,True,Industrial,Midwest,B,True
BILL00000713,CUST0000357,2026-04-01,2026-04-28,2026-05-18,2371.55,364.85,91.21,212.83,3040.45,Paid,0.0,,0.0,3040.45,28,True,Commercial,Midwest,B,False
BILL00000717,CUST0000359,2026-04-01,2026-04-28,2026-05-18,2141.76,329.5,82.38,192.21,2745.84,Cancelled,0.0,,0.0,2745.84,28,True,Commercial,Midwest,A,False
BILL00000719,CUST0000360,2026-04-01,2026-04-28,2026-05-18,7010.26,1078.5,269.63,629.13,8987.51,Cancelled,0.0,,0.0,8987.51,28,True,Industrial,West,C,False
BILL00000721,CUST0000361,2026-04-01,2026-04-28,2026-05-18,6457.44,993.45,248.36,579.51,8278.77,Open,6209.08,2026-06-02,1.0,2069.6900000000005,28,True,Residential,West,C,False
BILL00000723,CUST0000362,2026-04-01,2026-04-28,2026-05-18,11286.18,1736.34,434.08,1012.86,14469.46,Paid,0.0,,0.0,14469.46,28,True,Municipal,West,A,True
BILL00000725,CUST0000363,2026-04-01,2026-04-28,2026-05-18,3120.09,480.01,120.0,280.01,4000.11,Past Due,0.0,,0.0,4000.11,28,True,Industrial,South,B,False
BILL00000727,CUST0000364,2026-04-01,2026-04-28,2026-05-18,2902.6,446.55,111.64,260.49,3721.28,Open,0.0,,0.0,3721.28,28,True,Commercial,West,B,True
BILL00000729,CUST0000365,2026-04-01,2026-04-28,2026-05-18,10220.26,1572.35,393.09,917.2,13102.9,Past Due,0.0,,0.0,13102.9,28,True,Residential,South,D,False
BILL00000731,CUST0000366,2026-04-01,2026-04-28,2026-05-18,1226.41,188.68,47.17,110.06,1572.32,Cancelled,0.0,,0.0,1572.32,28,True,Municipal,Northeast,D,False
BILL00000733,CUST0000367,2026-04-01,2026-04-28,2026-05-18,6817.15,1048.79,262.2,611.8,8739.93,Open,0.0,,0.0,8739.93,28,True,Commercial,West,C,False
BILL00000735,CUST0000368,2026-04-01,2026-04-28,2026-05-18,18395.96,2830.15,707.54,1650.92,23584.57,Cancelled,0.0,,0.0,23584.57,28,True,Municipal,Northeast,C,False
BILL00000737,CUST0000369,2026-04-01,2026-04-28,2026-05-18,16503.29,2538.97,634.74,1481.06,21158.06,Open,0.0,,0.0,21158.06,28,True,Commercial,South,A,False
BILL00000739,CUST0000370,2026-04-01,2026-04-28,2026-05-18,6436.42,990.22,247.55,577.63,8251.82,Open,0.0,,0.0,8251.82,28,True,Unknown,Midwest,B,False
BILL00000741,CUST0000371,2026-04-01,2026-04-28,2026-05-18,15124.41,2326.83,581.71,1357.32,19390.27,Paid,9695.13,2026-05-08,1.0,9695.140000000001,28,True,Unknown,South,A,False
BILL00000743,CUST0000372,2026-04-01,2026-04-28,2026-05-18,15845.01,2437.69,609.42,1421.99,20314.11,Past Due,0.0,,0.0,20314.11,28,True,Municipal,West,C,True
BILL00000747,CUST0000374,2026-04-01,2026-04-28,2026-05-18,7221.1,1110.94,277.73,648.05,9257.82,Paid,0.0,,0.0,9257.82,28,True,Industrial,South,A,False
BILL00000749,CUST0000375,2026-04-01,2026-04-28,2026-05-18,6635.45,1020.84,255.21,595.49,8506.99,Past Due,0.0,,0.0,8506.99,28,True,Residential,South,C,False
BILL00000753,CUST0000377,2026-04-01,2026-04-28,2026-05-18,12260.61,1886.25,471.56,1100.31,15718.73,Past Due,0.0,,0.0,15718.73,28,True,Unknown,Midwest,A,False
BILL00000755,CUST0000378,2026-04-01,2026-04-28,2026-05-18,17487.65,2690.41,672.6,1569.4,22420.06,Open,11210.03,2026-05-23,1.0,11210.03,28,True,Municipal,West,C,True
BILL00000757,CUST0000379,2026-04-01,2026-04-28,2026-05-18,15483.33,2382.05,595.51,1389.53,19850.42,Paid,0.0,,0.0,19850.42,28,True,Residential,South,B,True
BILL00000761,CUST0000381,2026-04-01,2026-04-28,2026-05-18,10034.24,1543.73,385.93,900.51,12864.41,Open,0.0,,0.0,12864.41,28,True,Residential,West,C,True
BILL00000763,CUST0000382,2026-04-01,2026-04-28,2026-05-18,4029.27,619.89,154.97,361.6,5165.73,Past Due,0.0,,0.0,5165.73,28,True,Commercial,West,C,False
BILL00000765,CUST0000383,2026-04-01,2026-04-28,2026-05-18,16586.41,2551.76,637.94,1488.52,21264.63,Open,0.0,,0.0,21264.63,28,True,Unknown,West,C,True
BILL00000767,CUST0000384,2026-04-01,2026-04-28,2026-05-18,13602.33,2092.67,523.17,1220.72,17438.88,Open,0.0,,0.0,17438.88,28,True,Residential,South,A,False
BILL00000775,CUST0000388,2026-04-01,2026-04-28,2026-05-18,2532.38,389.6,97.4,227.27,3246.64,Cancelled,0.0,,0.0,3246.64,28,True,Commercial,South,B,True
BILL00000777,CUST0000389,2026-04-01,2026-04-28,2026-05-18,6434.2,989.88,247.47,577.43,8248.98,Open,0.0,,0.0,8248.98,28,True,Unknown,South,A,False
BILL00000779,CUST0000390,2026-04-01,2026-04-28,2026-05-18,4064.12,625.25,156.31,364.73,5210.42,Past Due,3907.81,2026-05-18,1.0,1302.6100000000001,28,True,Municipal,South,A,False
BILL00000781,CUST0000391,2026-04-01,2026-04-28,2026-05-18,6712.32,1032.66,258.17,602.39,8605.54,Cancelled,0.0,,0.0,8605.54,28,True,Unknown,West,A,True
BILL00000783,CUST0000392,2026-04-01,2026-04-28,2026-05-18,2254.73,346.88,86.72,202.35,2890.68,Open,0.0,,0.0,2890.68,28,True,Industrial,Northeast,A,True
BILL00000785,CUST0000393,2026-04-01,2026-04-28,2026-05-18,8198.97,1261.38,315.35,735.81,10511.5,Open,0.0,,0.0,10511.5,28,True,Residential,South,A,True
BILL00000789,CUST0000395,2026-04-01,2026-04-28,2026-05-18,3854.9,593.06,148.27,345.95,4942.18,Open,0.0,,0.0,4942.18,28,True,Municipal,Midwest,A,True
BILL00000791,CUST0000396,2026-04-01,2026-04-28,2026-05-18,6596.04,1014.78,253.69,591.95,8456.47,Open,0.0,,0.0,8456.47,28,True,Municipal,Northeast,C,False
BILL00000793,CUST0000397,2026-04-01,2026-04-28,2026-05-18,16440.42,2529.3,632.32,1475.42,21077.46,Paid,0.0,,0.0,21077.46,28,True,Municipal,West,B,True
BILL00000795,CUST0000398,2026-04-01,2026-04-28,2026-05-18,5167.11,794.94,198.73,463.71,6624.5,Paid,0.0,,0.0,6624.5,28,True,Unknown,West,A,True
BILL00000797,CUST0000399,2026-04-01,2026-04-28,2026-05-18,14389.74,2213.81,553.45,1291.39,18448.39,Cancelled,0.0,,0.0,18448.39,28,True,Industrial,Midwest,A,True
BILL00000801,CUST0000401,2026-04-01,2026-04-28,2026-05-18,7630.28,1173.89,293.47,684.77,9782.41,Past Due,4891.2,2026-05-08,1.0,4891.21,28,True,Municipal,West,B,False
BILL00000803,CUST0000402,2026-04-01,2026-04-28,2026-05-18,12779.64,1966.1,491.52,1146.89,16384.16,Past Due,0.0,,0.0,16384.16,28,True,Unknown,West,C,False
BILL00000805,CUST0000403,2026-04-01,2026-04-28,2026-05-18,3158.37,485.9,121.48,283.44,4049.2,Paid,0.0,,0.0,4049.2,28,True,Industrial,Midwest,C,False
BILL00000807,CUST0000404,2026-04-01,2026-04-28,2026-05-18,13526.77,2081.04,520.26,1213.94,17342.01,Cancelled,0.0,,0.0,17342.01,28,True,Unknown,West,D,False
BILL00000809,CUST0000405,2026-04-01,2026-04-28,2026-05-18,15399.42,2369.14,592.29,1382.0,19742.85,Cancelled,0.0,,0.0,19742.85,28,True,Residential,West,A,False
BILL00000811,CUST0000406,2026-04-01,2026-04-28,2026-05-18,12684.11,1951.4,487.85,1138.32,16261.68,Open,0.0,,0.0,16261.68,28,True,Unknown,West,C,True
BILL00000815,CUST0000408,2026-04-01,2026-04-28,2026-05-18,8315.3,1279.28,319.82,746.24,10660.64,Open,0.0,,0.0,10660.64,28,True,Residential,South,D,True
BILL00000817,CUST0000409,2026-04-01,2026-04-28,2026-05-18,16606.95,2554.91,638.73,1490.37,21290.96,Past Due,0.0,,0.0,21290.96,28,True,Residential,South,D,True
BILL00000819,CUST0000410,2026-04-01,2026-04-28,2026-05-18,8295.95,1276.3,319.07,744.51,10635.83,Past Due,0.0,,0.0,10635.83,28,True,Industrial,Midwest,D,False
BILL00000821,CUST0000411,2026-04-01,2026-04-28,2026-05-18,18978.45,2919.76,729.94,1703.19,24331.34,Paid,0.0,,0.0,24331.34,28,True,Unknown,South,A,False
BILL00000823,CUST0000412,2026-04-01,2026-04-28,2026-05-18,11823.63,1819.02,454.75,1061.09,15158.5,Paid,0.0,,0.0,15158.5,28,True,Unknown,South,B,False
BILL00000825,CUST0000413,2026-04-01,2026-04-28,2026-05-18,4579.42,704.53,176.13,410.97,5871.05,Open,0.0,,0.0,5871.05,28,True,Industrial,West,D,False
BILL00000827,CUST0000414,2026-04-01,2026-04-28,2026-05-18,6241.41,960.22,240.05,560.13,8001.81,Past Due,6001.35,2026-05-08,1.0,2000.46,28,True,Industrial,Northeast,A,False
BILL00000829,CUST0000415,2026-04-01,2026-04-28,2026-05-18,17247.37,2653.44,663.36,1547.84,22112.01,Open,0.0,,0.0,22112.01,28,True,Commercial,Midwest,B,False
BILL00000831,CUST0000416,2026-04-01,2026-04-28,2026-05-18,14677.76,2258.12,564.53,1317.24,18817.65,Paid,0.0,,0.0,18817.65,28,True,Commercial,West,D,True
BILL00000833,CUST0000417,2026-04-01,2026-04-28,2026-05-18,6797.19,1045.72,261.43,610.0,8714.34,Open,0.0,,0.0,8714.34,28,True,Unknown,Midwest,C,False
BILL00000839,CUST0000420,2026-04-01,2026-04-28,2026-05-18,4530.39,696.98,174.25,406.57,5808.19,Open,0.0,,0.0,5808.19,28,True,Municipal,Midwest,B,False
BILL00000841,CUST0000421,2026-04-01,2026-04-28,2026-05-18,6982.52,1074.23,268.56,626.64,8951.94,Paid,0.0,,0.0,8951.94,28,True,Unknown,Midwest,A,True
BILL00000843,CUST0000422,2026-04-01,2026-04-28,2026-05-18,4104.25,631.42,157.86,368.33,5261.86,Open,0.0,,0.0,5261.86,28,True,Industrial,South,C,True
BILL00000851,CUST0000426,2026-04-01,2026-04-28,2026-05-18,18681.51,2874.08,718.52,1676.55,23950.65,Past Due,17962.99,2026-06-02,1.0,5987.66,28,True,Residential,West,A,False
BILL00000855,CUST0000428,2026-04-01,2026-04-28,2026-05-18,16995.92,2614.76,653.69,1525.27,21789.64,Open,0.0,,0.0,21789.64,28,True,Commercial,South,D,True
BILL00000857,CUST0000429,2026-04-01,2026-04-28,2026-05-18,5025.54,773.16,193.29,451.01,6443.0,Paid,3221.5,2026-05-23,1.0,3221.5,28,True,Municipal,Northeast,B,False
BILL00000861,CUST0000431,2026-04-01,2026-04-28,2026-05-18,14450.56,2223.16,555.79,1296.85,18526.36,Past Due,0.0,,0.0,18526.36,28,True,Municipal,Midwest,A,True
BILL00000865,CUST0000433,2026-04-01,2026-04-28,2026-05-18,14942.09,2298.78,574.7,1340.96,19156.52,Cancelled,0.0,,0.0,19156.52,28,True,Residential,Northeast,A,True
BILL00000867,CUST0000434,2026-04-01,2026-04-28,2026-05-18,2008.21,308.95,77.24,180.22,2574.62,Cancelled,1287.31,2026-05-08,1.0,1287.31,28,True,Industrial,South,C,False
BILL00000869,CUST0000435,2026-04-01,2026-04-28,2026-05-18,13703.91,2108.29,527.07,1229.84,17569.12,Past Due,0.0,,0.0,17569.12,28,True,Unknown,South,B,False
BILL00000871,CUST0000436,2026-04-01,2026-04-28,2026-05-18,11633.23,1789.73,447.43,1044.01,14914.4,Past Due,0.0,,0.0,14914.4,28,True,Industrial,West,D,True
BILL00000873,CUST0000437,2026-04-01,2026-04-28,2026-05-18,770.64,118.56,29.64,69.16,988.0,Open,0.0,,0.0,988.0,28,True,Commercial,South,A,True
BILL00000875,CUST0000438,2026-04-01,2026-04-28,2026-05-18,3030.03,466.16,116.54,271.93,3884.65,Past Due,0.0,,0.0,3884.65,28,True,Residential,West,B,False
BILL00000881,CUST0000441,2026-04-01,2026-04-28,2026-05-18,11869.65,1826.1,456.53,1065.23,15217.51,Open,0.0,,0.0,15217.51,28,True,Commercial,Midwest,B,True
BILL00000885,CUST0000443,2026-04-01,2026-04-28,2026-05-18,268.87,41.36,10.34,24.13,344.71,Open,172.35,2026-05-23,1.0,172.35999999999999,28,True,Residential,Midwest,C,True
BILL00000887,CUST0000444,2026-04-01,2026-04-28,2026-05-18,7871.88,1211.06,302.76,706.45,10092.16,Open,0.0,,0.0,10092.16,28,True,Unknown,West,B,True
BILL00000889,CUST0000445,2026-04-01,2026-04-28,2026-05-18,11045.76,1699.35,424.84,991.29,14161.22,Cancelled,0.0,,0.0,14161.22,28,True,Residential,West,B,False
BILL00000891,CUST0000446,2026-04-01,2026-04-28,2026-05-18,15555.97,2393.23,598.31,1396.05,19943.55,Past Due,0.0,,0.0,19943.55,28,True,Unknown,South,A,False
BILL00000893,CUST0000447,2026-04-01,2026-04-28,2026-05-18,1531.04,235.54,58.89,137.4,1962.87,Past Due,0.0,,0.0,1962.87,28,True,Municipal,West,B,True
BILL00000895,CUST0000448,2026-04-01,2026-04-28,2026-05-18,16335.18,2513.1,628.28,1465.98,20942.54,Past Due,0.0,,0.0,20942.54,28,True,Commercial,Northeast,C,False
BILL00000897,CUST0000449,2026-04-01,2026-04-28,2026-05-18,18893.02,2906.62,726.65,1695.53,24221.82,Open,18166.37,2026-05-08,1.0,6055.450000000001,28,True,Residential,South,A,True
BILL00000899,CUST0000450,2026-04-01,2026-04-28,2026-05-18,15257.76,2347.35,586.84,1369.29,19561.23,Past Due,14670.92,2026-05-23,1.0,4890.3099999999995,28,True,Residential,South,A,True
BILL00000903,CUST0000452,2026-04-01,2026-04-28,2026-05-18,13590.5,2090.85,522.71,1219.66,17423.72,Paid,13067.79,2026-06-02,1.0,4355.93,28,True,Municipal,South,A,True
BILL00000905,CUST0000453,2026-04-01,2026-04-28,2026-05-18,11711.63,1801.79,450.45,1051.04,15014.91,Cancelled,0.0,,0.0,15014.91,28,True,Residential,South,A,True
BILL00000909,CUST0000455,2026-04-01,2026-04-28,2026-05-18,3911.06,601.7,150.43,350.99,5014.18,Cancelled,0.0,,0.0,5014.18,28,True,Industrial,West,B,False
BILL00000913,CUST0000457,2026-04-01,2026-04-28,2026-05-18,5336.08,820.94,205.23,478.88,6841.13,Cancelled,0.0,,0.0,6841.13,28,True,Industrial,West,A,False
BILL00000915,CUST0000458,2026-04-01,2026-04-28,2026-05-18,18084.96,2782.3,695.58,1623.01,23185.84,Open,0.0,,0.0,23185.84,28,True,Municipal,Northeast,C,False
BILL00000921,CUST0000461,2026-04-01,2026-04-28,2026-05-18,13364.56,2056.09,514.02,1199.38,17134.05,Open,0.0,,0.0,17134.05,28,True,Municipal,South,C,False
BILL00000923,CUST0000462,2026-04-01,2026-04-28,2026-05-18,17562.17,2701.87,675.47,1576.09,22515.6,Past Due,0.0,,0.0,22515.6,28,True,Residential,South,B,True
BILL00000925,CUST0000463,2026-04-01,2026-04-28,2026-05-18,3329.9,512.29,128.07,298.84,4269.1,Paid,3201.83,2026-06-02,1.0,1067.2700000000004,28,True,Residential,West,B,False
BILL00000927,CUST0000464,2026-04-01,2026-04-28,2026-05-18,16714.03,2571.39,642.85,1499.98,21428.24,Past Due,0.0,,0.0,21428.24,28,True,Residential,West,A,True
BILL00000929,CUST0000465,2026-04-01,2026-04-28,2026-05-18,2002.96,308.15,77.04,179.75,2567.9,Open,0.0,,0.0,2567.9,28,True,Municipal,Midwest,A,True
BILL00000931,CUST0000466,2026-04-01,2026-04-28,2026-05-18,18770.92,2887.83,721.96,1684.57,24065.28,Paid,0.0,,0.0,24065.28,28,True,Commercial,West,A,True
BILL00000933,CUST0000467,2026-04-01,2026-04-28,2026-05-18,16080.38,2473.9,618.48,1443.11,20615.87,Open,0.0,,0.0,20615.87,28,True,Unknown,South,C,True
BILL00000935,CUST0000468,2026-04-01,2026-04-28,2026-05-18,6449.36,992.21,248.05,578.79,8268.41,Past Due,0.0,,0.0,8268.41,28,True,Residential,Midwest,C,True
BILL00000937,CUST0000469,2026-04-01,2026-04-28,2026-05-18,163.43,25.14,6.29,14.67,209.52,Open,0.0,,0.0,209.52,28,True,Commercial,Northeast,C,True
BILL00000939,CUST0000470,2026-04-01,2026-04-28,2026-05-18,7232.54,1112.7,278.17,649.07,9272.48,Past Due,0.0,,0.0,9272.48,28,True,Industrial,Northeast,D,False
BILL00000941,CUST0000471,2026-04-01,2026-04-28,2026-05-18,11716.67,1802.56,450.64,1051.5,15021.37,Open,7510.69,2026-05-03,1.0,7510.680000000001,28,True,Residential,West,B,False
BILL00000947,CUST0000474,2026-04-01,2026-04-28,2026-05-18,7778.0,1196.62,299.15,698.03,9971.8,Cancelled,0.0,,0.0,9971.8,28,True,Commercial,South,A,True
BILL00000953,CUST0000477,2026-04-01,2026-04-28,2026-05-18,4089.8,629.2,157.3,367.03,5243.34,Paid,3932.5,2026-05-03,1.0,1310.8400000000001,28,True,Municipal,Northeast,D,True
BILL00000955,CUST0000478,2026-04-01,2026-04-28,2026-05-18,8476.59,1304.09,326.02,760.72,10867.43,Cancelled,0.0,,0.0,10867.43,28,True,Industrial,West,B,False
BILL00000957,CUST0000479,2026-04-01,2026-04-28,2026-05-18,9985.04,1536.16,384.04,896.09,12801.33,Cancelled,9601.0,2026-05-03,1.0,3200.33,28,True,Unknown,South,A,True
BILL00000959,CUST0000480,2026-04-01,2026-04-28,2026-05-18,2082.04,320.31,80.08,186.85,2669.28,Past Due,2001.96,2026-05-03,1.0,667.3200000000002,28,True,Residential,South,A,False
BILL00000965,CUST0000483,2026-04-01,2026-04-28,2026-05-18,542.44,83.45,20.86,48.68,695.44,Open,0.0,,0.0,695.44,28,True,Municipal,Northeast,C,True
BILL00000967,CUST0000484,2026-04-01,2026-04-28,2026-05-18,18147.9,2791.98,698.0,1628.66,23266.54,Open,0.0,,0.0,23266.54,28,True,Industrial,Northeast,A,True
BILL00000969,CUST0000485,2026-04-01,2026-04-28,2026-05-18,9556.45,1470.22,367.56,857.63,12251.86,Past Due,0.0,,0.0,12251.86,28,True,Municipal,Midwest,A,False
BILL00000971,CUST0000486,2026-04-01,2026-04-28,2026-05-18,16507.56,2539.62,634.91,1481.45,21163.53,Paid,0.0,,0.0,21163.53,28,True,Commercial,Northeast,A,True
BILL00000973,CUST0000487,2026-04-01,2026-04-28,2026-05-18,18800.69,2892.41,723.1,1687.24,24103.45,Past Due,18077.58,2026-05-03,1.0,6025.869999999999,28,True,Unknown,Northeast,A,False
BILL00000975,CUST0000488,2026-04-01,2026-04-28,2026-05-18,17637.01,2713.39,678.35,1582.81,22611.55,Open,0.0,,0.0,22611.55,28,True,Industrial,South,D,True
BILL00000977,CUST0000489,2026-04-01,2026-04-28,2026-05-18,7967.48,1225.77,306.44,715.03,10214.71,Paid,0.0,,0.0,10214.71,28,True,Industrial,West,D,True
BILL00000979,CUST0000490,2026-04-01,2026-04-28,2026-05-18,19320.4,2972.37,743.09,1733.88,24769.74,Open,12384.87,2026-05-18,1.0,12384.87,28,True,Unknown,Midwest,D,True
BILL00000981,CUST0000491,2026-04-01,2026-04-28,2026-05-18,8058.57,1239.78,309.94,723.2,10331.5,Open,5165.75,2026-05-18,1.0,5165.75,28,True,Commercial,West,D,False
BILL00000983,CUST0000492,2026-04-01,2026-04-28,2026-05-18,10263.0,1578.92,394.73,921.04,13157.69,Past Due,0.0,,0.0,13157.69,28,True,Industrial,Midwest,A,True
BILL00000985,CUST0000493,2026-04-01,2026-04-28,2026-05-18,13524.7,2080.72,520.18,1213.76,17339.36,Paid,0.0,,0.0,17339.36,28,True,Commercial,Midwest,D,True
BILL00000987,CUST0000494,2026-04-01,2026-04-28,2026-05-18,11526.14,1773.25,443.31,1034.4,14777.1,Open,0.0,,0.0,14777.1,28,True,Unknown,West,A,True
BILL00000989,CUST0000495,2026-04-01,2026-04-28,2026-05-18,3678.66,565.95,141.49,330.14,4716.23,Open,0.0,,0.0,4716.23,28,True,Industrial,South,C,True
BILL00000991,CUST0000496,2026-04-01,2026-04-28,2026-05-18,12547.24,1930.34,482.59,1126.03,16086.2,Past Due,0.0,,0.0,16086.2,28,True,Residential,Northeast,A,False
BILL00000995,CUST0000498,2026-04-01,2026-04-28,2026-05-18,7011.34,1078.67,269.67,629.22,8988.89,Cancelled,0.0,,0.0,8988.89,28,True,Residential,South,D,False
BILL00000997,CUST0000499,2026-04-01,2026-04-28,2026-05-18,18272.06,2811.09,702.77,1639.8,23425.72,Open,0.0,,0.0,23425.72,28,True,Industrial,Midwest,A,True
BILL00000999,CUST0000500,2026-04-01,2026-04-28,2026-05-18,11434.35,1759.13,439.78,1026.16,14659.42,Past Due,0.0,,0.0,14659.42,28,True,Industrial,West,C,True
BILL00001001,CUST0000501,2026-04-01,2026-04-28,2026-05-18,18276.63,2811.79,702.95,1640.21,23431.58,Open,0.0,,0.0,23431.58,28,True,Municipal,West,C,False
BILL00001003,CUST0000502,2026-04-01,2026-04-28,2026-05-18,16675.02,2565.39,641.35,1496.48,21378.23,Cancelled,0.0,,0.0,21378.23,28,True,Commercial,West,B,True
BILL00001005,CUST0000503,2026-04-01,2026-04-28,2026-05-18,15370.54,2364.7,591.17,1379.41,19705.81,Open,0.0,,0.0,19705.81,28,True,Unknown,Northeast,A,False
BILL00001007,CUST0000504,2026-04-01,2026-04-28,2026-05-18,6372.34,980.36,245.09,571.88,8169.67,Paid,6127.25,2026-05-03,1.0,2042.42,28,True,Commercial,Midwest,D,False
BILL00001011,CUST0000506,2026-04-01,2026-04-28,2026-05-18,11245.03,1730.0,432.5,1009.17,14416.7,Paid,0.0,,0.0,14416.7,28,True,Residential,Northeast,A,False
BILL00001013,CUST0000507,2026-04-01,2026-04-28,2026-05-18,3310.93,509.37,127.34,297.13,4244.78,Cancelled,0.0,,0.0,4244.78,28,True,Commercial,South,A,False
BILL00001015,CUST0000508,2026-04-01,2026-04-28,2026-05-18,1338.31,205.89,51.47,120.1,1715.78,Open,1286.84,2026-06-02,1.0,428.94000000000005,28,True,Unknown,Midwest,A,False
BILL00001017,CUST0000509,2026-04-01,2026-04-28,2026-05-18,12719.77,1956.89,489.22,1141.52,16307.39,Paid,12230.55,2026-05-03,1.0,4076.84,28,True,Residential,West,B,True
BILL00001019,CUST0000510,2026-04-01,2026-04-28,2026-05-18,16867.98,2595.07,648.77,1513.79,21625.61,Open,0.0,,0.0,21625.61,28,True,Industrial,Northeast,B,True
BILL00001023,CUST0000512,2026-04-01,2026-04-28,2026-05-18,15435.91,2374.75,593.69,1385.27,19789.62,Paid,0.0,,0.0,19789.62,28,True,Commercial,Midwest,A,True
BILL00001027,CUST0000514,2026-04-01,2026-04-28,2026-05-18,8265.87,1271.67,317.92,741.81,10597.27,Cancelled,0.0,,0.0,10597.27,28,True,Industrial,Northeast,B,False
BILL00001029,CUST0000515,2026-04-01,2026-04-28,2026-05-18,8816.33,1356.36,339.09,791.21,11302.99,Open,0.0,,0.0,11302.99,28,True,Commercial,South,B,True
BILL00001031,CUST0000516,2026-04-01,2026-04-28,2026-05-18,9680.73,1489.34,372.34,868.78,12411.2,Cancelled,0.0,,0.0,12411.2,28,True,Commercial,West,A,False
BILL00001035,CUST0000518,2026-04-01,2026-04-28,2026-05-18,18103.65,2785.18,696.29,1624.69,23209.81,Open,0.0,,0.0,23209.81,28,True,Commercial,Northeast,B,True
BILL00001039,CUST0000520,2026-04-01,2026-04-28,2026-05-18,14190.12,2183.09,545.77,1273.47,18192.46,Open,0.0,,0.0,18192.46,28,True,Residential,South,A,True
BILL00001043,CUST0000522,2026-04-01,2026-04-28,2026-05-18,17054.25,2623.73,655.93,1530.51,21864.42,Past Due,0.0,,0.0,21864.42,28,True,Municipal,Northeast,D,True
BILL00001045,CUST0000523,2026-04-01,2026-04-28,2026-05-18,2575.85,396.28,99.07,231.17,3302.37,Open,0.0,,0.0,3302.37,28,True,Municipal,West,D,True
BILL00001047,CUST0000524,2026-04-01,2026-04-28,2026-05-18,8272.02,1272.62,318.15,742.36,10605.16,Open,0.0,,0.0,10605.16,28,True,Unknown,South,A,True
BILL00001049,CUST0000525,2026-04-01,2026-04-28,2026-05-18,11356.67,1747.18,436.79,1019.19,14559.83,Paid,0.0,,0.0,14559.83,28,True,Commercial,Northeast,A,False
BILL00001051,CUST0000526,2026-04-01,2026-04-28,2026-05-18,6761.86,1040.29,260.07,606.83,8669.05,Paid,0.0,,0.0,8669.05,28,True,Commercial,Northeast,D,True
BILL00001053,CUST0000527,2026-04-01,2026-04-28,2026-05-18,18726.39,2880.98,720.25,1680.57,24008.2,Paid,0.0,,0.0,24008.2,28,True,Residential,Northeast,A,False
BILL00001055,CUST0000528,2026-04-01,2026-04-28,2026-05-18,7849.41,1207.6,301.9,704.43,10063.35,Open,0.0,,0.0,10063.35,28,True,Commercial,Northeast,D,True
BILL00001057,CUST0000529,2026-04-01,2026-04-28,2026-05-18,14294.54,2199.16,549.79,1282.84,18326.33,Cancelled,0.0,,0.0,18326.33,28,True,Residential,West,B,False
BILL00001059,CUST0000530,2026-04-01,2026-04-28,2026-05-18,18785.11,2890.02,722.5,1685.84,24083.47,Past Due,0.0,,0.0,24083.47,28,True,Municipal,Midwest,B,False
BILL00001061,CUST0000531,2026-04-01,2026-04-28,2026-05-18,19394.62,2983.79,745.95,1740.54,24864.9,Paid,0.0,,0.0,24864.9,28,True,Industrial,West,A,True
BILL00001065,CUST0000533,2026-04-01,2026-04-28,2026-05-18,7554.45,1162.22,290.56,677.96,9685.19,Past Due,0.0,,0.0,9685.19,28,True,Commercial,West,A,False
BILL00001067,CUST0000534,2026-04-01,2026-04-28,2026-05-18,7277.79,1119.66,279.92,653.14,9330.5,Open,6997.88,2026-05-08,1.0,2332.62,28,True,Municipal,Midwest,D,True
BILL00001069,CUST0000535,2026-04-01,2026-04-28,2026-05-18,7341.47,1129.46,282.36,658.85,9412.13,Past Due,0.0,,0.0,9412.13,28,True,Municipal,Northeast,A,True
BILL00001071,CUST0000536,2026-04-01,2026-04-28,2026-05-18,16692.08,2568.01,642.0,1498.01,21400.11,Open,10700.05,2026-05-18,1.0,10700.060000000001,28,True,Industrial,Northeast,B,True
BILL00001075,CUST0000538,2026-04-01,2026-04-28,2026-05-18,19202.37,2954.21,738.55,1723.29,24618.43,Open,0.0,,0.0,24618.43,28,True,Commercial,West,B,False
BILL00001077,CUST0000539,2026-04-01,2026-04-28,2026-05-18,3978.79,612.12,153.03,357.07,5101.01,Paid,0.0,,0.0,5101.01,28,True,Municipal,South,A,False
BILL00001079,CUST0000540,2026-04-01,2026-04-28,2026-05-18,9654.77,1485.35,371.34,866.45,12377.91,Cancelled,9283.43,2026-05-23,1.0,3094.4799999999996,28,True,Municipal,Midwest,A,True
BILL00001083,CUST0000542,2026-04-01,2026-04-28,2026-05-18,202.54,31.16,7.79,18.18,259.67,Open,0.0,,0.0,259.67,28,True,Residential,West,A,False
BILL00001085,CUST0000543,2026-04-01,2026-04-28,2026-05-18,11029.8,1696.89,424.22,989.85,14140.77,Open,0.0,,0.0,14140.77,28,True,Unknown,Midwest,B,False
BILL00001087,CUST0000544,2026-04-01,2026-04-28,2026-05-18,282.96,43.53,10.88,25.39,362.77,Paid,181.38,2026-05-18,1.0,181.39,28,True,Unknown,South,C,False
BILL00001089,CUST0000545,2026-04-01,2026-04-28,2026-05-18,11652.08,1792.63,448.16,1045.7,14938.56,Open,0.0,,0.0,14938.56,28,True,Municipal,West,A,False
BILL00001091,CUST0000546,2026-04-01,2026-04-28,2026-05-18,4710.68,724.72,181.18,422.75,6039.34,Cancelled,0.0,,0.0,6039.34,28,True,Municipal,West,D,False
BILL00001095,CUST0000548,2026-04-01,2026-04-28,2026-05-18,3768.21,579.72,144.93,338.17,4831.04,Past Due,0.0,,0.0,4831.04,28,True,Municipal,Northeast,A,False
BILL00001099,CUST0000550,2026-04-01,2026-04-28,2026-05-18,1399.41,215.29,53.82,125.59,1794.12,Open,897.06,2026-05-23,1.0,897.06,28,True,Industrial,Northeast,D,True
BILL00001101,CUST0000551,2026-04-01,2026-04-28,2026-05-18,6339.21,975.26,243.82,568.9,8127.19,Open,0.0,,0.0,8127.19,28,True,Municipal,Midwest,A,True
BILL00001105,CUST0000553,2026-04-01,2026-04-28,2026-05-18,13410.44,2063.15,515.79,1203.5,17192.88,Open,0.0,,0.0,17192.88,28,True,Industrial,West,A,True
BILL00001107,CUST0000554,2026-04-01,2026-04-28,2026-05-18,12242.24,1883.42,470.86,1098.66,15695.18,Past Due,0.0,,0.0,15695.18,28,True,Industrial,South,A,True
BILL00001109,CUST0000555,2026-04-01,2026-04-28,2026-05-18,3092.69,475.8,118.95,277.55,3964.99,Open,0.0,,0.0,3964.99,28,True,Residential,South,A,False
BILL00001111,CUST0000556,2026-04-01,2026-04-28,2026-05-18,13178.67,2027.49,506.87,1182.7,16895.73,Paid,0.0,,0.0,16895.73,28,True,Industrial,South,D,False
BILL00001113,CUST0000557,2026-04-01,2026-04-28,2026-05-18,1877.73,288.88,72.22,168.51,2407.34,Open,0.0,,0.0,2407.34,28,True,Industrial,Northeast,C,False
BILL00001115,CUST0000558,2026-04-01,2026-04-28,2026-05-18,8982.55,1381.93,345.48,806.13,11516.09,Open,5758.04,2026-06-02,1.0,5758.05,28,True,Unknown,West,A,True
BILL00001117,CUST0000559,2026-04-01,2026-04-28,2026-05-18,14661.77,2255.66,563.91,1315.8,18797.14,Cancelled,0.0,,0.0,18797.14,28,True,Municipal,Midwest,A,False
BILL00001119,CUST0000560,2026-04-01,2026-04-28,2026-05-18,14526.22,2234.8,558.7,1303.64,18623.36,Open,0.0,,0.0,18623.36,28,True,Industrial,Northeast,A,False
BILL00001121,CUST0000561,2026-04-01,2026-04-28,2026-05-18,19236.4,2959.45,739.86,1726.34,24662.05,Open,0.0,,0.0,24662.05,28,True,Unknown,Northeast,D,False
BILL00001123,CUST0000562,2026-04-01,2026-04-28,2026-05-18,19409.68,2986.1,746.53,1741.89,24884.21,Open,12442.1,2026-05-03,1.0,12442.109999999999,28,True,Unknown,Midwest,A,True
BILL00001125,CUST0000563,2026-04-01,2026-04-28,2026-05-18,2352.34,361.9,90.47,211.11,3015.82,Past Due,0.0,,0.0,3015.82,28,True,Industrial,West,D,True
BILL00001127,CUST0000564,2026-04-01,2026-04-28,2026-05-18,4131.86,635.67,158.92,370.81,5297.26,Paid,0.0,,0.0,5297.26,28,True,Residential,Midwest,A,False
BILL00001129,CUST0000565,2026-04-01,2026-04-28,2026-05-18,7730.91,1189.37,297.34,693.8,9911.42,Cancelled,0.0,,0.0,9911.42,28,True,Industrial,West,C,False
BILL00001131,CUST0000566,2026-04-01,2026-04-28,2026-05-18,7291.5,1121.77,280.44,654.37,9348.08,Open,0.0,,0.0,9348.08,28,True,Residential,West,B,False
BILL00001133,CUST0000567,2026-04-01,2026-04-28,2026-05-18,7491.1,1152.48,288.12,672.28,9603.97,Paid,0.0,,0.0,9603.97,28,True,Commercial,South,A,False
BILL00001135,CUST0000568,2026-04-01,2026-04-28,2026-05-18,3851.41,592.52,148.13,345.64,4937.7,Cancelled,0.0,,0.0,4937.7,28,True,Municipal,Midwest,A,False
BILL00001139,CUST0000570,2026-04-01,2026-04-28,2026-05-18,19311.25,2970.96,742.74,1733.06,24758.02,Cancelled,0.0,,0.0,24758.02,28,True,Unknown,Northeast,D,False
BILL00001145,CUST0000573,2026-04-01,2026-04-28,2026-05-18,15662.07,2409.55,602.39,1405.57,20079.57,Paid,0.0,,0.0,20079.57,28,True,Municipal,South,A,False
BILL00001147,CUST0000574,2026-04-01,2026-04-28,2026-05-18,13608.58,2093.63,523.41,1221.28,17446.89,Past Due,0.0,,0.0,17446.89,28,True,Residential,South,A,True
BILL00001149,CUST0000575,2026-04-01,2026-04-28,2026-05-18,503.96,77.53,19.38,45.23,646.11,Open,484.58,2026-06-02,1.0,161.53000000000003,28,True,Municipal,South,A,False
BILL00001151,CUST0000576,2026-04-01,2026-04-28,2026-05-18,4304.09,662.17,165.54,386.26,5518.06,Past Due,0.0,,0.0,5518.06,28,True,Unknown,West,C,True
BILL00001153,CUST0000577,2026-04-01,2026-04-28,2026-05-18,13203.86,2031.36,507.84,1184.96,16928.03,Open,0.0,,0.0,16928.03,28,True,Residential,West,B,False
BILL00001155,CUST0000578,2026-04-01,2026-04-28,2026-05-18,9701.02,1492.46,373.12,870.6,12437.2,Open,0.0,,0.0,12437.2,28,True,Municipal,South,A,True
BILL00001157,CUST0000579,2026-04-01,2026-04-28,2026-05-18,4821.95,741.84,185.46,432.74,6181.99,Past Due,0.0,,0.0,6181.99,28,True,Municipal,West,A,False
BILL00001159,CUST0000580,2026-04-01,2026-04-28,2026-05-18,9157.6,1408.86,352.22,821.84,11740.51,Paid,5870.26,2026-06-02,1.0,5870.25,28,True,Unknown,West,A,True
BILL00001161,CUST0000581,2026-04-01,2026-04-28,2026-05-18,1710.19,263.11,65.78,153.48,2192.55,Cancelled,0.0,,0.0,2192.55,28,True,Commercial,Northeast,C,False
BILL00001165,CUST0000583,2026-04-01,2026-04-28,2026-05-18,11209.68,1724.57,431.14,1006.0,14371.39,Cancelled,0.0,,0.0,14371.39,28,True,Municipal,Midwest,C,False
BILL00001167,CUST0000584,2026-04-01,2026-04-28,2026-05-18,16979.52,2612.23,653.06,1523.8,21768.62,Open,10884.31,2026-05-03,1.0,10884.31,28,True,Unknown,West,D,True
BILL00001169,CUST0000585,2026-04-01,2026-04-28,2026-05-18,17440.04,2683.08,670.77,1565.13,22359.02,Cancelled,0.0,,0.0,22359.02,28,True,Industrial,South,C,False
BILL00001173,CUST0000587,2026-04-01,2026-04-28,2026-05-18,9303.11,1431.25,357.81,834.89,11927.07,Paid,8945.3,2026-06-02,1.0,2981.7700000000004,28,True,Industrial,South,C,True
BILL00001175,CUST0000588,2026-04-01,2026-04-28,2026-05-18,11663.74,1794.42,448.61,1046.75,14953.51,Paid,0.0,,0.0,14953.51,28,True,Industrial,West,A,True
BILL00001177,CUST0000589,2026-04-01,2026-04-28,2026-05-18,18413.51,2832.85,708.21,1652.49,23607.06,Open,0.0,,0.0,23607.06,28,True,Municipal,Northeast,D,True
BILL00001181,CUST0000591,2026-04-01,2026-04-28,2026-05-18,19476.31,2996.36,749.09,1747.87,24969.63,Open,0.0,,0.0,24969.63,28,True,Commercial,Midwest,A,True
BILL00001183,CUST0000592,2026-04-01,2026-04-28,2026-05-18,7959.37,1224.52,306.13,714.3,10204.32,Open,0.0,,0.0,10204.32,28,True,Commercial,West,B,True
BILL00001187,CUST0000594,2026-04-01,2026-04-28,2026-05-18,16952.17,2608.03,652.01,1521.35,21733.56,Past Due,0.0,,0.0,21733.56,28,True,Residential,Midwest,C,True
BILL00001189,CUST0000595,2026-04-01,2026-04-28,2026-05-18,17626.18,2711.72,677.93,1581.84,22597.66,Past Due,0.0,,0.0,22597.66,28,True,Unknown,South,D,True
BILL00001191,CUST0000596,2026-04-01,2026-04-28,2026-05-18,19289.45,2967.61,741.9,1731.1,24730.06,Open,0.0,,0.0,24730.06,28,True,Commercial,Northeast,B,True
BILL00001193,CUST0000597,2026-04-01,2026-04-28,2026-05-18,12342.27,1898.81,474.7,1107.64,15823.42,Open,0.0,,0.0,15823.42,28,True,Residential,Midwest,A,True
BILL00001195,CUST0000598,2026-04-01,2026-04-28,2026-05-18,14682.51,2258.85,564.71,1317.66,18823.72,Past Due,0.0,,0.0,18823.72,28,True,Municipal,West,D,False
BILL00001197,CUST0000599,2026-04-01,2026-04-28,2026-05-18,14512.25,2232.65,558.16,1302.38,18605.44,Open,0.0,,0.0,18605.44,28,True,Municipal,West,C,True
BILL00001199,CUST0000600,2026-04-01,2026-04-28,2026-05-18,16353.13,2515.87,628.97,1467.59,20965.55,Past Due,0.0,,0.0,20965.55,28,True,Unknown,Midwest,B,False
BILL00001201,CUST0000601,2026-04-01,2026-04-28,2026-05-18,6897.27,1061.12,265.28,618.99,8842.65,Paid,0.0,,0.0,8842.65,28,True,Unknown,South,A,True
BILL00001205,CUST0000603,2026-04-01,2026-04-28,2026-05-18,2851.23,438.65,109.66,255.88,3655.42,Paid,0.0,,0.0,3655.42,28,True,Unknown,Northeast,B,True
BILL00001207,CUST0000604,2026-04-01,2026-04-28,2026-05-18,10005.12,1539.25,384.81,897.9,12827.08,Open,0.0,,0.0,12827.08,28,True,Commercial,West,C,True
BILL00001209,CUST0000605,2026-04-01,2026-04-28,2026-05-18,941.98,144.92,36.23,84.54,1207.66,Cancelled,603.83,2026-05-03,1.0,603.83,28,True,Residential,Northeast,C,True
BILL00001213,CUST0000607,2026-04-01,2026-04-28,2026-05-18,7928.86,1219.82,304.96,711.56,10165.21,Open,0.0,,0.0,10165.21,28,True,Residential,Northeast,D,False
BILL00001217,CUST0000609,2026-04-01,2026-04-28,2026-05-18,11682.85,1797.36,449.34,1048.46,14978.01,Paid,0.0,,0.0,14978.01,28,True,Commercial,Northeast,A,True
BILL00001221,CUST0000611,2026-04-01,2026-04-28,2026-05-18,13938.43,2144.37,536.09,1250.89,17869.79,Open,0.0,,0.0,17869.79,28,True,Unknown,Northeast,D,True
BILL00001223,CUST0000612,2026-04-01,2026-04-28,2026-05-18,632.35,97.29,24.32,56.75,810.71,Cancelled,0.0,,0.0,810.71,28,True,Industrial,Northeast,A,False
BILL00001227,CUST0000614,2026-04-01,2026-04-28,2026-05-18,12034.48,1851.46,462.86,1080.02,15428.82,Cancelled,0.0,,0.0,15428.82,28,True,Municipal,Northeast,A,True
BILL00001229,CUST0000615,2026-04-01,2026-04-28,2026-05-18,13366.79,2056.43,514.11,1199.58,17136.91,Past Due,0.0,,0.0,17136.91,28,True,Industrial,West,B,True
BILL00001231,CUST0000616,2026-04-01,2026-04-28,2026-05-18,2256.88,347.21,86.8,202.54,2893.44,Paid,0.0,,0.0,2893.44,28,True,Commercial,South,A,False
BILL00001237,CUST0000619,2026-04-01,2026-04-28,2026-05-18,9309.93,1432.3,358.07,835.51,11935.81,Cancelled,8951.85,2026-05-23,1.0,2983.959999999999,28,True,Residential,West,C,False
BILL00001239,CUST0000620,2026-04-01,2026-04-28,2026-05-18,12850.11,1976.94,494.24,1153.22,16474.5,Paid,8237.25,2026-05-03,1.0,8237.25,28,True,Commercial,South,D,True
BILL00001243,CUST0000622,2026-04-01,2026-04-28,2026-05-18,4297.93,661.22,165.3,385.71,5510.16,Paid,0.0,,0.0,5510.16,28,True,Industrial,South,B,False
BILL00001245,CUST0000623,2026-04-01,2026-04-28,2026-05-18,6777.65,1042.72,260.68,608.25,8689.3,Paid,0.0,,0.0,8689.3,28,True,Municipal,West,D,False
BILL00001247,CUST0000624,2026-04-01,2026-04-28,2026-05-18,14747.63,2268.87,567.22,1323.5,18907.21,Past Due,0.0,,0.0,18907.21,28,True,Unknown,West,A,False
BILL00001249,CUST0000625,2026-04-01,2026-04-28,2026-05-18,11214.94,1725.38,431.34,1006.47,14378.13,Open,0.0,,0.0,14378.13,28,True,Commercial,West,A,True
BILL00001251,CUST0000626,2026-04-01,2026-04-28,2026-05-18,9026.01,1388.62,347.15,810.03,11571.8,Open,0.0,,0.0,11571.8,28,True,Commercial,South,D,False
BILL00001253,CUST0000627,2026-04-01,2026-04-28,2026-05-18,4140.38,636.98,159.25,371.57,5308.18,Open,0.0,,0.0,5308.18,28,True,Municipal,West,B,True
BILL00001255,CUST0000628,2026-04-01,2026-04-28,2026-05-18,11245.76,1730.12,432.53,1009.23,14417.64,Cancelled,0.0,,0.0,14417.64,28,True,Municipal,Northeast,A,True
BILL00001259,CUST0000630,2026-04-01,2026-04-28,2026-05-18,14562.87,2240.44,560.11,1306.92,18670.35,Past Due,0.0,,0.0,18670.35,28,True,Municipal,South,A,True
BILL00001263,CUST0000632,2026-04-01,2026-04-28,2026-05-18,13135.4,2020.83,505.21,1178.82,16840.26,Cancelled,12630.19,2026-05-08,1.0,4210.069999999998,28,True,Commercial,Midwest,A,False
BILL00001265,CUST0000633,2026-04-01,2026-04-28,2026-05-18,15113.33,2325.13,581.28,1356.32,19376.07,Past Due,0.0,,0.0,19376.07,28,True,Commercial,West,A,False
BILL00001267,CUST0000634,2026-04-01,2026-04-28,2026-05-18,8850.98,1361.69,340.42,794.32,11347.41,Paid,0.0,,0.0,11347.41,28,True,Commercial,South,D,False
BILL00001269,CUST0000635,2026-04-01,2026-04-28,2026-05-18,17790.56,2737.01,684.25,1596.59,22808.42,Open,17106.31,2026-05-08,1.0,5702.109999999997,28,True,Commercial,South,B,False
BILL00001273,CUST0000637,2026-04-01,2026-04-28,2026-05-18,2789.34,429.13,107.28,250.32,3576.07,Paid,0.0,,0.0,3576.07,28,True,Unknown,West,D,True
BILL00001275,CUST0000638,2026-04-01,2026-04-28,2026-05-18,5302.98,815.84,203.96,475.91,6798.69,Open,0.0,,0.0,6798.69,28,True,Unknown,South,B,True
BILL00001281,CUST0000641,2026-04-01,2026-04-28,2026-05-18,11124.61,1711.48,427.87,998.36,14262.32,Open,0.0,,0.0,14262.32,28,True,Commercial,West,C,True
BILL00001283,CUST0000642,2026-04-01,2026-04-28,2026-05-18,10316.78,1587.2,396.8,925.86,13226.64,Open,0.0,,0.0,13226.64,28,True,Municipal,Midwest,B,False
BILL00001285,CUST0000643,2026-04-01,2026-04-28,2026-05-18,12277.09,1888.78,472.2,1101.79,15739.86,Cancelled,0.0,,0.0,15739.86,28,True,Commercial,South,D,False
BILL00001287,CUST0000644,2026-04-01,2026-04-28,2026-05-18,2893.39,445.14,111.28,259.66,3709.47,Open,0.0,,0.0,3709.47,28,True,Residential,Midwest,A,True
BILL00001289,CUST0000645,2026-04-01,2026-04-28,2026-05-18,8876.42,1365.6,341.4,796.6,11380.02,Paid,0.0,,0.0,11380.02,28,True,Industrial,West,A,True
BILL00001293,CUST0000647,2026-04-01,2026-04-28,2026-05-18,8580.21,1320.03,330.01,770.02,11000.27,Open,8250.21,2026-05-03,1.0,2750.0600000000013,28,True,Unknown,Northeast,A,True
BILL00001295,CUST0000648,2026-04-01,2026-04-28,2026-05-18,17150.95,2638.61,659.65,1539.19,21988.4,Past Due,0.0,,0.0,21988.4,28,True,Commercial,Northeast,A,True
BILL00001297,CUST0000649,2026-04-01,2026-04-28,2026-05-18,5506.27,847.12,211.78,494.15,7059.32,Paid,0.0,,0.0,7059.32,28,True,Municipal,Northeast,A,True
BILL00001299,CUST0000650,2026-04-01,2026-04-28,2026-05-18,16215.44,2494.68,623.67,1455.23,20789.02,Open,0.0,,0.0,20789.02,28,True,Industrial,Midwest,D,False
BILL00001301,CUST0000651,2026-04-01,2026-04-28,2026-05-18,6060.15,932.33,233.08,543.86,7769.43,Open,0.0,,0.0,7769.43,28,True,Commercial,South,B,True
BILL00001303,CUST0000652,2026-04-01,2026-04-28,2026-05-18,11666.95,1794.92,448.73,1047.03,14957.63,Open,0.0,,0.0,14957.63,28,True,Industrial,West,B,False
BILL00001305,CUST0000653,2026-04-01,2026-04-28,2026-05-18,7412.47,1140.38,285.09,665.22,9503.16,Open,7127.37,2026-05-08,1.0,2375.79,28,True,Unknown,West,A,True
BILL00001307,CUST0000654,2026-04-01,2026-04-28,2026-05-18,5765.07,886.93,221.73,517.38,7391.11,Open,0.0,,0.0,7391.11,28,True,Unknown,West,D,False
BILL00001309,CUST0000655,2026-04-01,2026-04-28,2026-05-18,5951.76,915.66,228.91,534.13,7630.46,Cancelled,3815.23,2026-06-02,1.0,3815.23,28,True,Residential,West,A,False
BILL00001313,CUST0000657,2026-04-01,2026-04-28,2026-05-18,8903.18,1369.72,342.43,799.0,11414.33,Cancelled,0.0,,0.0,11414.33,28,True,Industrial,South,B,False
BILL00001315,CUST0000658,2026-04-01,2026-04-28,2026-05-18,6465.12,994.63,248.66,580.2,8288.62,Cancelled,4144.31,2026-06-02,1.0,4144.31,28,True,Industrial,Midwest,D,True
BILL00001317,CUST0000659,2026-04-01,2026-04-28,2026-05-18,18586.7,2859.49,714.87,1668.04,23829.1,Cancelled,0.0,,0.0,23829.1,28,True,Municipal,Northeast,D,True
BILL00001319,CUST0000660,2026-04-01,2026-04-28,2026-05-18,16146.47,2484.07,621.02,1449.04,20700.6,Cancelled,0.0,,0.0,20700.6,28,True,Commercial,South,A,False
BILL00001323,CUST0000662,2026-04-01,2026-04-28,2026-05-18,15802.47,2431.15,607.79,1418.17,20259.58,Paid,15194.68,2026-05-23,1.0,5064.9000000000015,28,True,Industrial,South,A,False
BILL00001325,CUST0000663,2026-04-01,2026-04-28,2026-05-18,16534.5,2543.77,635.94,1483.87,21198.08,Past Due,0.0,,0.0,21198.08,28,True,Municipal,West,D,True
BILL00001327,CUST0000664,2026-04-01,2026-04-28,2026-05-18,5798.22,892.03,223.01,520.35,7433.61,Open,0.0,,0.0,7433.61,28,True,Municipal,Midwest,C,True
BILL00001331,CUST0000666,2026-04-01,2026-04-28,2026-05-18,323.2,49.72,12.43,29.0,414.36,Open,0.0,,0.0,414.36,28,True,Residential,West,A,False
BILL00001333,CUST0000667,2026-04-01,2026-04-28,2026-05-18,17713.19,2725.11,681.28,1589.65,22709.22,Cancelled,0.0,,0.0,22709.22,28,True,Municipal,West,B,False
BILL00001335,CUST0000668,2026-04-01,2026-04-28,2026-05-18,1193.43,183.61,45.9,107.1,1530.04,Past Due,0.0,,0.0,1530.04,28,True,Unknown,Northeast,C,True
BILL00001337,CUST0000669,2026-04-01,2026-04-28,2026-05-18,17594.19,2706.8,676.7,1578.97,22556.65,Open,0.0,,0.0,22556.65,28,True,Municipal,Midwest,B,True
BILL00001339,CUST0000670,2026-04-01,2026-04-28,2026-05-18,9751.24,1500.19,375.05,875.11,12501.59,Paid,9376.19,2026-05-18,1.0,3125.3999999999996,28,True,Municipal,South,A,True
BILL00001341,CUST0000671,2026-04-01,2026-04-28,2026-05-18,17141.98,2637.23,659.31,1538.38,21976.9,Paid,0.0,,0.0,21976.9,28,True,Residential,Midwest,C,False
BILL00001343,CUST0000672,2026-04-01,2026-04-28,2026-05-18,2112.63,325.02,81.26,189.6,2708.5,Past Due,0.0,,0.0,2708.5,28,True,Industrial,South,A,True
BILL00001345,CUST0000673,2026-04-01,2026-04-28,2026-05-18,1439.03,221.39,55.35,129.14,1844.91,Open,0.0,,0.0,1844.91,28,True,Unknown,Midwest,B,True
BILL00001349,CUST0000675,2026-04-01,2026-04-28,2026-05-18,9158.34,1408.98,352.24,821.9,11741.46,Past Due,0.0,,0.0,11741.46,28,True,Industrial,South,C,False
BILL00001351,CUST0000676,2026-04-01,2026-04-28,2026-05-18,10810.91,1663.22,415.8,970.21,13860.14,Past Due,0.0,,0.0,13860.14,28,True,Residential,Northeast,A,True
BILL00001353,CUST0000677,2026-04-01,2026-04-28,2026-05-18,8592.59,1321.94,330.48,771.13,11016.14,Open,0.0,,0.0,11016.14,28,True,Residential,South,D,False
BILL00001355,CUST0000678,2026-04-01,2026-04-28,2026-05-18,3896.42,599.45,149.86,349.68,4995.41,Cancelled,0.0,,0.0,4995.41,28,True,Residential,South,A,False
BILL00001357,CUST0000679,2026-04-01,2026-04-28,2026-05-18,6477.05,996.47,249.12,581.27,8303.92,Open,0.0,,0.0,8303.92,28,True,Commercial,Northeast,D,False
BILL00001359,CUST0000680,2026-04-01,2026-04-28,2026-05-18,2260.32,347.74,86.94,202.85,2897.84,Cancelled,0.0,,0.0,2897.84,28,True,Industrial,South,D,False
BILL00001361,CUST0000681,2026-04-01,2026-04-28,2026-05-18,13672.84,2103.51,525.88,1227.05,17529.29,Open,0.0,,0.0,17529.29,28,True,Unknown,South,B,True
BILL00001365,CUST0000683,2026-04-01,2026-04-28,2026-05-18,11248.59,1730.55,432.64,1009.49,14421.26,Open,7210.63,2026-05-23,1.0,7210.63,28,True,Residential,Midwest,C,True
BILL00001367,CUST0000684,2026-04-01,2026-04-28,2026-05-18,5418.02,833.54,208.39,486.23,6946.18,Open,0.0,,0.0,6946.18,28,True,Municipal,West,A,False
BILL00001369,CUST0000685,2026-04-01,2026-04-28,2026-05-18,8743.4,1345.14,336.28,784.66,11209.48,Open,0.0,,0.0,11209.48,28,True,Unknown,Midwest,B,True
BILL00001373,CUST0000687,2026-04-01,2026-04-28,2026-05-18,4357.19,670.34,167.58,391.03,5586.14,Cancelled,0.0,,0.0,5586.14,28,True,Residential,South,A,False
BILL00001377,CUST0000689,2026-04-01,2026-04-28,2026-05-18,17697.74,2722.73,680.68,1588.26,22689.4,Open,17017.05,2026-05-08,1.0,5672.350000000002,28,True,Residential,South,C,True
BILL00001379,CUST0000690,2026-04-01,2026-04-28,2026-05-18,18954.59,2916.09,729.02,1701.05,24300.75,Cancelled,0.0,,0.0,24300.75,28,True,Municipal,South,C,True
BILL00001383,CUST0000692,2026-04-01,2026-04-28,2026-05-18,2136.95,328.76,82.19,191.78,2739.68,Cancelled,1369.84,2026-05-08,1.0,1369.84,28,True,Residential,Northeast,A,True
BILL00001389,CUST0000695,2026-04-01,2026-04-28,2026-05-18,12428.04,1912.01,478.0,1115.34,15933.38,Paid,0.0,,0.0,15933.38,28,True,Commercial,South,A,False
BILL00001391,CUST0000696,2026-04-01,2026-04-28,2026-05-18,4279.2,658.34,164.58,384.03,5486.16,Open,0.0,,0.0,5486.16,28,True,Commercial,West,A,False
BILL00001393,CUST0000697,2026-04-01,2026-04-28,2026-05-18,8982.54,1381.93,345.48,806.13,11516.08,Open,0.0,,0.0,11516.08,28,True,Unknown,South,D,False
BILL00001395,CUST0000698,2026-04-01,2026-04-28,2026-05-18,8590.12,1321.56,330.39,770.91,11012.97,Cancelled,0.0,,0.0,11012.97,28,True,Municipal,South,B,False
BILL00001399,CUST0000700,2026-04-01,2026-04-28,2026-05-18,238.37,36.67,9.17,21.39,305.61,Open,0.0,,0.0,305.61,28,True,Unknown,West,C,False
BILL00001401,CUST0000701,2026-04-01,2026-04-28,2026-05-18,18990.19,2921.57,730.39,1704.25,24346.4,Paid,0.0,,0.0,24346.4,28,True,Residential,South,A,False
BILL00001403,CUST0000702,2026-04-01,2026-04-28,2026-05-18,1040.81,160.12,40.03,93.41,1334.37,Past Due,0.0,,0.0,1334.37,28,True,Residential,Northeast,D,True
BILL00001409,CUST0000705,2026-04-01,2026-04-28,2026-05-18,13397.19,2061.11,515.28,1202.31,17175.88,Open,0.0,,0.0,17175.88,28,True,Municipal,West,A,True
BILL00001411,CUST0000706,2026-04-01,2026-04-28,2026-05-18,15437.61,2375.02,593.75,1385.43,19791.81,Cancelled,0.0,,0.0,19791.81,28,True,Residential,South,C,True
BILL00001415,CUST0000708,2026-04-01,2026-04-28,2026-05-18,15100.68,2323.18,580.8,1355.19,19359.85,Open,14519.89,2026-05-08,1.0,4839.959999999999,28,True,Industrial,South,D,False
BILL00001417,CUST0000709,2026-04-01,2026-04-28,2026-05-18,6418.41,987.45,246.86,576.01,8228.74,Paid,0.0,,0.0,8228.74,28,True,Industrial,West,C,False
BILL00001419,CUST0000710,2026-04-01,2026-04-28,2026-05-18,9953.1,1531.25,382.81,893.23,12760.38,Past Due,9570.29,2026-05-03,1.0,3190.0899999999983,28,True,Industrial,Northeast,A,True
BILL00001423,CUST0000712,2026-04-01,2026-04-28,2026-05-18,9998.97,1538.3,384.58,897.34,12819.19,Cancelled,9614.4,2026-05-03,1.0,3204.790000000001,28,True,Commercial,West,A,True
BILL00001425,CUST0000713,2026-04-01,2026-04-28,2026-05-18,355.1,54.63,13.66,31.87,455.25,Past Due,0.0,,0.0,455.25,28,True,Residential,West,A,True
BILL00001427,CUST0000714,2026-04-01,2026-04-28,2026-05-18,11721.69,1803.34,450.83,1051.95,15027.81,Cancelled,0.0,,0.0,15027.81,28,True,Unknown,West,B,False
BILL00001429,CUST0000715,2026-04-01,2026-04-28,2026-05-18,16105.14,2477.71,619.43,1445.33,20647.61,Cancelled,0.0,,0.0,20647.61,28,True,Municipal,West,A,True
BILL00001431,CUST0000716,2026-04-01,2026-04-28,2026-05-18,3427.82,527.36,131.84,307.62,4394.64,Cancelled,3295.98,2026-05-18,1.0,1098.6600000000003,28,True,Unknown,Northeast,C,False
BILL00001433,CUST0000717,2026-04-01,2026-04-28,2026-05-18,7234.75,1113.04,278.26,649.27,9275.32,Past Due,0.0,,0.0,9275.32,28,True,Municipal,West,D,True
BILL00001435,CUST0000718,2026-04-01,2026-04-28,2026-05-18,12617.17,1941.1,485.28,1132.31,16175.86,Paid,0.0,,0.0,16175.86,28,True,Commercial,Northeast,B,False
BILL00001437,CUST0000719,2026-04-01,2026-04-28,2026-05-18,13090.52,2013.93,503.48,1174.79,16782.71,Past Due,0.0,,0.0,16782.71,28,True,Residential,West,A,True
BILL00001439,CUST0000720,2026-04-01,2026-04-28,2026-05-18,18028.43,2773.61,693.4,1617.94,23113.38,Paid,11556.69,2026-06-02,1.0,11556.69,28,True,Industrial,West,A,False
BILL00001441,CUST0000721,2026-04-01,2026-04-28,2026-05-18,9856.8,1516.43,379.11,884.59,12636.93,Past Due,0.0,,0.0,12636.93,28,True,Residential,Midwest,C,False
BILL00001443,CUST0000722,2026-04-01,2026-04-28,2026-05-18,4160.46,640.07,160.02,373.37,5333.92,Paid,4000.44,2026-05-18,1.0,1333.48,28,True,Unknown,Midwest,D,False
BILL00001445,CUST0000723,2026-04-01,2026-04-28,2026-05-18,10497.62,1615.02,403.75,942.09,13458.49,Cancelled,0.0,,0.0,13458.49,28,True,Commercial,Northeast,A,False
BILL00001447,CUST0000724,2026-04-01,2026-04-28,2026-05-18,14095.65,2168.56,542.14,1264.99,18071.34,Paid,0.0,,0.0,18071.34,28,True,Industrial,South,C,True
BILL00001449,CUST0000725,2026-04-01,2026-04-28,2026-05-18,3197.76,491.96,122.99,286.98,4099.69,Paid,0.0,,0.0,4099.69,28,True,Residential,South,A,False
BILL00001451,CUST0000726,2026-04-01,2026-04-28,2026-05-18,19472.28,2995.74,748.93,1747.51,24964.46,Open,0.0,,0.0,24964.46,28,True,Industrial,West,A,False
BILL00001453,CUST0000727,2026-04-01,2026-04-28,2026-05-18,10712.47,1648.07,412.02,961.38,13733.93,Open,0.0,,0.0,13733.93,28,True,Unknown,Northeast,A,True
BILL00001455,CUST0000728,2026-04-01,2026-04-28,2026-05-18,19203.12,2954.33,738.58,1723.36,24619.38,Cancelled,12309.69,2026-05-03,1.0,12309.69,28,True,Residential,Midwest,A,False
BILL00001457,CUST0000729,2026-04-01,2026-04-28,2026-05-18,10912.69,1678.87,419.72,979.34,13990.62,Cancelled,0.0,,0.0,13990.62,28,True,Unknown,Midwest,B,True
BILL00001463,CUST0000732,2026-04-01,2026-04-28,2026-05-18,617.56,95.01,23.75,55.42,791.75,Cancelled,395.87,2026-06-02,1.0,395.88,28,True,Commercial,Midwest,B,True
BILL00001467,CUST0000734,2026-04-01,2026-04-28,2026-05-18,12765.53,1963.93,490.98,1145.62,16366.06,Cancelled,0.0,,0.0,16366.06,28,True,Industrial,South,B,False
BILL00001473,CUST0000737,2026-04-01,2026-04-28,2026-05-18,877.59,135.01,33.75,78.76,1125.12,Open,0.0,,0.0,1125.12,28,True,Unknown,Midwest,B,True
BILL00001477,CUST0000739,2026-04-01,2026-04-28,2026-05-18,11002.85,1692.75,423.19,987.44,14106.22,Open,0.0,,0.0,14106.22,28,True,Commercial,West,A,False
BILL00001481,CUST0000741,2026-04-01,2026-04-28,2026-05-18,4516.35,694.82,173.71,405.31,5790.19,Open,0.0,,0.0,5790.19,28,True,Commercial,Midwest,B,False
BILL00001483,CUST0000742,2026-04-01,2026-04-28,2026-05-18,13223.03,2034.31,508.58,1186.68,16952.6,Paid,0.0,,0.0,16952.6,28,True,Unknown,Midwest,A,False
BILL00001485,CUST0000743,2026-04-01,2026-04-28,2026-05-18,15440.06,2375.39,593.85,1385.65,19794.95,Past Due,0.0,,0.0,19794.95,28,True,Municipal,Midwest,A,False
BILL00001487,CUST0000744,2026-04-01,2026-04-28,2026-05-18,18144.46,2791.46,697.86,1628.35,23262.13,Open,0.0,,0.0,23262.13,28,True,Municipal,South,A,True
BILL00001489,CUST0000745,2026-04-01,2026-04-28,2026-05-18,17071.36,2626.36,656.59,1532.05,21886.36,Open,0.0,,0.0,21886.36,28,True,Industrial,South,C,True
BILL00001491,CUST0000746,2026-04-01,2026-04-28,2026-05-18,1476.59,227.17,56.79,132.51,1893.07,Cancelled,946.53,2026-05-03,1.0,946.54,28,True,Commercial,West,B,False
BILL00001493,CUST0000747,2026-04-01,2026-04-28,2026-05-18,18137.44,2790.38,697.59,1627.72,23253.13,Past Due,11626.57,2026-05-08,1.0,11626.560000000001,28,True,Municipal,West,A,False
BILL00001495,CUST0000748,2026-04-01,2026-04-28,2026-05-18,13803.37,2123.6,530.9,1238.76,17696.63,Cancelled,0.0,,0.0,17696.63,28,True,Commercial,West,A,True
BILL00001497,CUST0000749,2026-04-01,2026-04-28,2026-05-18,8496.85,1307.21,326.8,762.54,10893.4,Cancelled,0.0,,0.0,10893.4,28,True,Residential,South,A,True
BILL00001499,CUST0000750,2026-04-01,2026-04-28,2026-05-18,7822.48,1203.46,300.86,702.02,10028.82,Past Due,5014.41,2026-05-08,1.0,5014.41,28,True,Commercial,Midwest,D,False
BILL00001501,CUST0000751,2026-04-01,2026-04-28,2026-05-18,3943.48,606.69,151.67,353.9,5055.74,Paid,3791.8,2026-05-18,1.0,1263.9399999999996,28,True,Municipal,West,A,True
BILL00001503,CUST0000752,2026-04-01,2026-04-28,2026-05-18,6092.66,937.33,234.33,546.78,7811.11,Open,5858.33,2026-06-02,1.0,1952.7799999999997,28,True,Commercial,South,A,False
BILL00001505,CUST0000753,2026-04-01,2026-04-28,2026-05-18,4983.96,766.76,191.69,447.28,6389.69,Past Due,4792.27,2026-06-02,1.0,1597.4199999999992,28,True,Unknown,Midwest,C,False
BILL00001507,CUST0000754,2026-04-01,2026-04-28,2026-05-18,18453.16,2838.95,709.74,1656.05,23657.89,Paid,11828.95,2026-05-03,1.0,11828.939999999999,28,True,Industrial,South,C,True
BILL00001511,CUST0000756,2026-04-01,2026-04-28,2026-05-18,10628.07,1635.09,408.77,953.8,13625.73,Cancelled,0.0,,0.0,13625.73,28,True,Municipal,South,B,True
BILL00001513,CUST0000757,2026-04-01,2026-04-28,2026-05-18,8538.48,1313.61,328.4,766.27,10946.77,Open,0.0,,0.0,10946.77,28,True,Industrial,Midwest,C,True
BILL00001517,CUST0000759,2026-04-01,2026-04-28,2026-05-18,2415.72,371.65,92.91,216.8,3097.08,Open,0.0,,0.0,3097.08,28,True,Municipal,West,D,True
BILL00001519,CUST0000760,2026-04-01,2026-04-28,2026-05-18,10771.13,1657.1,414.27,966.64,13809.14,Past Due,0.0,,0.0,13809.14,28,True,Residential,Northeast,C,False
BILL00001521,CUST0000761,2026-04-01,2026-04-28,2026-05-18,3217.69,495.03,123.76,288.77,4125.24,Open,3093.93,2026-05-03,1.0,1031.31,28,True,Unknown,Northeast,A,True
BILL00001525,CUST0000763,2026-04-01,2026-04-28,2026-05-18,14920.75,2295.5,573.87,1339.04,19129.17,Past Due,0.0,,0.0,19129.17,28,True,Commercial,Midwest,A,True
BILL00001529,CUST0000765,2026-04-01,2026-04-28,2026-05-18,16321.91,2511.06,627.77,1464.79,20925.52,Paid,0.0,,0.0,20925.52,28,True,Residential,Northeast,C,False
BILL00001531,CUST0000766,2026-04-01,2026-04-28,2026-05-18,940.84,144.74,36.19,84.43,1206.2,Open,0.0,,0.0,1206.2,28,True,Residential,Midwest,C,False
BILL00001535,CUST0000768,2026-04-01,2026-04-28,2026-05-18,17296.69,2661.03,665.26,1552.27,22175.24,Paid,11087.62,2026-05-03,1.0,11087.62,28,True,Commercial,West,A,False
BILL00001537,CUST0000769,2026-04-01,2026-04-28,2026-05-18,3692.44,568.07,142.02,331.37,4733.9,Past Due,2366.95,2026-06-02,1.0,2366.95,28,True,Industrial,Midwest,D,False
BILL00001539,CUST0000770,2026-04-01,2026-04-28,2026-05-18,13460.06,2070.78,517.69,1207.95,17256.48,Paid,0.0,,0.0,17256.48,28,True,Unknown,Northeast,B,False
BILL00001541,CUST0000771,2026-04-01,2026-04-28,2026-05-18,2578.38,396.67,99.17,231.39,3305.62,Past Due,0.0,,0.0,3305.62,28,True,Municipal,West,B,True
BILL00001543,CUST0000772,2026-04-01,2026-04-28,2026-05-18,17481.01,2689.39,672.35,1568.81,22411.56,Cancelled,0.0,,0.0,22411.56,28,True,Unknown,Midwest,A,False
BILL00001545,CUST0000773,2026-04-01,2026-04-28,2026-05-18,10237.77,1575.04,393.76,918.77,13125.34,Open,9844.01,2026-05-23,1.0,3281.33,28,True,Unknown,Northeast,B,True
BILL00001547,CUST0000774,2026-04-01,2026-04-28,2026-05-18,5348.58,822.86,205.71,480.0,6857.16,Open,0.0,,0.0,6857.16,28,True,Industrial,West,D,False
BILL00001549,CUST0000775,2026-04-01,2026-04-28,2026-05-18,1201.58,184.86,46.21,107.83,1540.48,Past Due,1155.36,2026-05-18,1.0,385.1200000000001,28,True,Commercial,West,A,False
BILL00001551,CUST0000776,2026-04-01,2026-04-28,2026-05-18,1242.34,191.13,47.78,111.49,1592.74,Open,0.0,,0.0,1592.74,28,True,Commercial,South,D,False
BILL00001553,CUST0000777,2026-04-01,2026-04-28,2026-05-18,3282.74,505.04,126.26,294.6,4208.64,Open,0.0,,0.0,4208.64,28,True,Industrial,Midwest,D,False
BILL00001555,CUST0000778,2026-04-01,2026-04-28,2026-05-18,11662.36,1794.21,448.55,1046.62,14951.75,Cancelled,0.0,,0.0,14951.75,28,True,Industrial,West,A,False
BILL00001557,CUST0000779,2026-04-01,2026-04-28,2026-05-18,11873.29,1826.66,456.66,1065.55,15222.17,Cancelled,0.0,,0.0,15222.17,28,True,Municipal,Northeast,C,False
BILL00001559,CUST0000780,2026-04-01,2026-04-28,2026-05-18,1461.97,224.92,56.23,131.2,1874.32,Past Due,0.0,,0.0,1874.32,28,True,Industrial,South,B,False
BILL00001561,CUST0000781,2026-04-01,2026-04-28,2026-05-18,161.11,24.79,6.2,14.46,206.55,Open,0.0,,0.0,206.55,28,True,Industrial,Midwest,A,False
BILL00001563,CUST0000782,2026-04-01,2026-04-28,2026-05-18,16528.39,2542.83,635.71,1483.32,21190.24,Past Due,0.0,,0.0,21190.24,28,True,Unknown,Northeast,A,False
BILL00001567,CUST0000784,2026-04-01,2026-04-28,2026-05-18,7922.65,1218.87,304.72,711.01,10157.24,Open,0.0,,0.0,10157.24,28,True,Commercial,West,A,False
BILL00001571,CUST0000786,2026-04-01,2026-04-28,2026-05-18,18758.31,2885.89,721.47,1683.44,24049.12,Open,0.0,,0.0,24049.12,28,True,Industrial,West,C,True
BILL00001573,CUST0000787,2026-04-01,2026-04-28,2026-05-18,8371.92,1287.99,322.0,751.33,10733.23,Paid,0.0,,0.0,10733.23,28,True,Unknown,Northeast,B,False
BILL00001575,CUST0000788,2026-04-01,2026-04-28,2026-05-18,2037.95,313.53,78.38,182.89,2612.75,Open,0.0,,0.0,2612.75,28,True,Unknown,South,D,True
BILL00001577,CUST0000789,2026-04-01,2026-04-28,2026-05-18,8772.86,1349.67,337.42,787.31,11247.26,Past Due,8435.44,2026-05-08,1.0,2811.8199999999997,28,True,Unknown,Midwest,A,False
BILL00001583,CUST0000792,2026-04-01,2026-04-28,2026-05-18,8493.3,1306.66,326.67,762.22,10888.84,Cancelled,0.0,,0.0,10888.84,28,True,Industrial,Northeast,A,True
BILL00001587,CUST0000794,2026-04-01,2026-04-28,2026-05-18,8725.96,1342.46,335.61,783.1,11187.13,Open,0.0,,0.0,11187.13,28,True,Unknown,West,D,True
BILL00001591,CUST0000796,2026-04-01,2026-04-28,2026-05-18,9717.89,1495.06,373.76,872.12,12458.83,Paid,0.0,,0.0,12458.83,28,True,Commercial,Northeast,B,False
BILL00001593,CUST0000797,2026-04-01,2026-04-28,2026-05-18,16749.4,2576.83,644.21,1503.15,21473.59,Past Due,0.0,,0.0,21473.59,28,True,Residential,Midwest,D,False
BILL00001595,CUST0000798,2026-04-01,2026-04-28,2026-05-18,18528.92,2850.6,712.65,1662.85,23755.03,Past Due,0.0,,0.0,23755.03,28,True,Residential,South,A,False
BILL00001597,CUST0000799,2026-04-01,2026-04-28,2026-05-18,14973.19,2303.57,575.89,1343.75,19196.39,Open,9598.2,2026-06-02,1.0,9598.189999999999,28,True,Unknown,South,A,False
BILL00001599,CUST0000800,2026-04-01,2026-04-28,2026-05-18,6053.36,931.29,232.82,543.25,7760.72,Past Due,0.0,,0.0,7760.72,28,True,Residential,West,B,True
