adjustment_id,warehouse_id,product_id,adjustment_ts,adjustment_qty,adjustment_reason,approved_by
ADJ00000001,WH0001,SKU0000050,04/09/2026 18:32,-50,Damage,mgr_2
ADJ00000002,WH0012,SKU0000025,2026-04-28 01:21:01,-25,Shrinkage,mgr_1
ADJ00000003,WH0018,SKU0000672,2026-03-19 16:13:43,-10,System Correction,mgr_1
ADJ00000004,WH0016,SKU0000256,05/08/2026 14:59,-50,Shrinkage,controller
ADJ00000005,WH0020,SKU0000243,2026-02-14 00:17:16,-25,Cycle Count,ops_lead
ADJ00000006,WH0010,SKU0000110,05/05/2026 09:05,-10,Shrinkage,controller
ADJ00000007,WH0005,SKU0000023,03/03/2026 07:45,50,Found Inventory,mgr_1
ADJ00000008,WH0005,SKU0000572,01/12/2026 04:05,-10,Cycle Count,controller
ADJ00000009,WH0002,SKU0000645,04/06/2026 04:28,5,Found Inventory,
ADJ00000010,WH0010,SKU0000266,2026-05-20 08:10:38,-10,Shrinkage,ops_lead
ADJ00000011,WH0002,SKU0000261,03/18/2026 04:48,-5,Found Inventory,ops_lead
ADJ00000012,WH0018,SKU0000152,02/01/2026 07:20,-10,Shrinkage,ops_lead
ADJ00000013,WH0005,SKU0000177,2026-02-17 20:27:46,-10,System Correction,controller
ADJ00000014,WH0001,SKU0000511,2026-05-15 15:11:52,-25,Shrinkage,mgr_1
ADJ00000015,WH0013,SKU0000569,04/20/2026 13:01,-5,Shrinkage,mgr_2
ADJ00000016,WH0024,SKU0000114,2026-02-09 05:39:16,-50,Damage,ops_lead
ADJ00000017,WH0015,SKU0000637,05/31/2026 12:21,-25,Shrinkage,controller
ADJ00000018,WH0005,SKU0000139,2026-01-31 11:29:57,-10,Damage,ops_lead
ADJ00000019,WH0018,SKU0000201,02/06/2026 05:44,-10,Shrinkage,mgr_2
ADJ00000020,WH0020,SKU0000141,2026-04-07 02:10:41,25,Found Inventory,
ADJ00000021,WH0016,SKU0000027,2026-01-08 12:58:49,10,Cycle Count,controller
ADJ00000022,WH0001,SKU0000469,2026-01-03 05:40:03,-10,Damage,mgr_1
ADJ00000023,WH0020,SKU0000093,01/25/2026 20:11,25,System Correction,
ADJ00000024,WH0008,SKU0000179,2026-03-16 03:52:34,-50,Shrinkage,mgr_1
ADJ00000025,WH0019,SKU0000461,2026-04-29 23:52:04,-25,Found Inventory,ops_lead
ADJ00000026,WH0020,SKU0000161,2026-05-17 12:33:09,-5,Damage,mgr_1
ADJ00000027,WH0011,SKU0000187,01/08/2026 13:30,10,Shrinkage,ops_lead
ADJ00000028,WH0009,SKU0000424,01/19/2026 18:50,-25,Shrinkage,controller
ADJ00000029,WH0006,SKU0000323,2026-02-22 07:51:51,-10,Found Inventory,controller
ADJ00000030,WH0010,SKU0000508,04/25/2026 22:44,25,Shrinkage,
ADJ00000031,WH0008,SKU0000105,2026-01-21 16:35:35,-10,System Correction,controller
ADJ00000032,WH0008,SKU0000107,2026-02-18 23:38:53,-5,Cycle Count,mgr_2
ADJ00000033,WH0011,SKU0000620,02/12/2026 12:37,-50,Found Inventory,mgr_2
ADJ00000034,WH0014,SKU0000001,02/07/2026 20:46,25,Cycle Count,mgr_2
ADJ00000035,WH0023,SKU0000663,2026-04-07 17:28:17,-25,Cycle Count,
ADJ00000036,WH0008,SKU0000011,2026-04-18 20:41:36,-5,System Correction,controller
ADJ00000037,WH0021,SKU0000121,2026-04-22 09:53:28,50,System Correction,ops_lead
ADJ00000038,WH0001,SKU0000219,04/24/2026 20:20,-25,System Correction,
ADJ00000039,WH0022,SKU0000305,2026-01-20 08:44:52,-5,System Correction,
ADJ00000040,WH0024,SKU0000372,05/05/2026 03:58,25,Shrinkage,
ADJ00000041,WH0025,SKU0000384,03/12/2026 01:19,5,Damage,controller
ADJ00000042,WH0020,SKU0000200,05/31/2026 16:37,-5,Shrinkage,
ADJ00000043,WH0006,SKU0000188,2026-02-03 18:03:48,5,Shrinkage,ops_lead
ADJ00000044,WH0002,SKU0000568,2026-02-16 13:57:45,5,Shrinkage,ops_lead
ADJ00000045,WH0020,SKU0000428,2026-01-11 15:25:55,bad,Damage,mgr_2
ADJ00000046,WH0017,SKU0000550,2026-02-07 02:24:35,bad,Shrinkage,mgr_1
ADJ00000047,WH0008,SKU0000345,01/10/2026 05:37,-10,Found Inventory,mgr_1
ADJ00000048,WH0009,SKU0000497,2026-05-01 14:16:41,-10,Found Inventory,mgr_1
ADJ00000049,WH0014,SKU0000093,04/02/2026 21:32,50,System Correction,ops_lead
ADJ00000050,WH0024,SKU0000563,01/31/2026 23:05,25,Damage,ops_lead
ADJ00000051,WH0002,SKU0000305,01/25/2026 16:31,-5,Found Inventory,ops_lead
ADJ00000052,WH0016,SKU0000541,01/25/2026 13:06,50,Cycle Count,ops_lead
ADJ00000053,WH0013,SKU0000171,2026-05-27 17:14:53,-10,Cycle Count,
ADJ00000054,WH0018,SKU0000488,02/03/2026 08:35,-25,System Correction,mgr_2
ADJ00000055,WH0008,SKU0000388,02/18/2026 11:16,-10,Cycle Count,
ADJ00000056,WH0006,SKU0000066,2026-04-08 14:46:15,-5,Found Inventory,controller
ADJ00000057,WH0010,SKU0000210,2026-04-23 17:53:24,bad,System Correction,controller
ADJ00000058,WH0021,SKU0000432,05/19/2026 11:53,bad,Damage,controller
ADJ00000059,WH0012,SKU0000297,2026-05-31 04:44:35,bad,Found Inventory,mgr_1
ADJ00000060,WH0015,SKU0000159,01/04/2026 13:13,-50,Shrinkage,controller
ADJ00000061,WH0021,SKU0000039,2026-05-12 17:36:32,50,Shrinkage,controller
ADJ00000062,WH0019,SKU0000553,2026-02-08 14:09:07,50,Shrinkage,mgr_2
ADJ00000063,WH0001,SKU0000344,2026-05-08 19:58:25,5,Damage,
ADJ00000064,WH0011,SKU0000023,01/01/2026 18:05,-50,System Correction,controller
ADJ00000065,WH0001,SKU0000639,01/07/2026 09:22,-25,System Correction,mgr_1
ADJ00000066,WH0010,SKU0000243,01/24/2026 12:09,25,System Correction,mgr_1
ADJ00000067,WH0020,SKU0000148,2026-05-14 22:27:58,50,Shrinkage,mgr_1
ADJ00000068,WH0024,SKU0000587,03/12/2026 21:46,-25,Damage,ops_lead
ADJ00000069,WH0016,SKU0000280,04/17/2026 15:42,-10,Damage,controller
ADJ00000070,WH0022,SKU0000048,2026-02-04 21:42:20,bad,System Correction,controller
ADJ00000071,WH0025,SKU0000432,02/25/2026 21:52,5,System Correction,controller
ADJ00000072,WH0010,SKU0000544,2026-02-10 02:12:52,5,Cycle Count,mgr_1
ADJ00000073,WH0001,SKU0000279,2026-01-16 21:35:42,bad,System Correction,mgr_2
ADJ00000074,WH0025,SKU0000423,01/18/2026 07:17,bad,Cycle Count,mgr_2
ADJ00000075,WH0012,SKU0000156,2026-04-14 18:35:07,10,Cycle Count,controller
ADJ00000076,WH0013,SKU0000645,2026-05-10 02:29:31,-25,Cycle Count,mgr_2
ADJ00000077,WH0001,SKU0000487,2026-05-31 20:22:41,5,Damage,mgr_1
ADJ00000078,WH0004,SKU0000260,04/13/2026 19:54,bad,Found Inventory,ops_lead
ADJ00000079,WH0005,SKU0000516,2026-05-03 21:11:30,-50,Shrinkage,
ADJ00000080,WH0009,SKU0000181,02/24/2026 23:54,-5,System Correction,ops_lead
ADJ00000081,WH0018,SKU0000252,03/04/2026 11:27,10,Damage,mgr_2
ADJ00000082,WH0003,SKU0000308,05/06/2026 03:48,50,System Correction,ops_lead
ADJ00000083,WH0005,SKU0000435,2026-03-23 08:42:07,-10,Cycle Count,
ADJ00000084,WH0019,SKU0000464,01/13/2026 13:27,50,System Correction,
ADJ00000085,WH0009,SKU0000354,2026-01-17 15:50:09,-50,Damage,mgr_1
ADJ00000086,WH0015,SKU0000135,2026-03-06 17:11:37,25,Shrinkage,mgr_2
ADJ00000087,WH0009,SKU0000076,2026-01-07 08:50:51,5,Cycle Count,mgr_2
ADJ00000088,WH0012,SKU0000153,2026-05-07 03:28:20,-25,Cycle Count,mgr_1
ADJ00000089,WH0006,SKU0000354,02/28/2026 10:57,50,Damage,ops_lead
ADJ00000090,WH0005,SKU0000113,02/08/2026 20:23,50,System Correction,ops_lead
ADJ00000091,WH0013,SKU0000229,02/05/2026 08:06,50,Shrinkage,mgr_2
ADJ00000092,WH0010,SKU0000472,2026-03-05 04:35:44,10,Cycle Count,
ADJ00000093,WH0024,SKU0000174,02/16/2026 06:26,-5,Damage,controller
ADJ00000094,WH0015,SKU0000561,01/12/2026 10:14,-5,Damage,controller
ADJ00000095,WH0021,SKU0000433,2026-05-19 06:21:20,10,System Correction,mgr_1
ADJ00000096,WH0020,SKU0000264,03/27/2026 20:10,bad,Damage,ops_lead
ADJ00000097,WH0005,SKU0000613,2026-02-08 01:42:44,-5,Damage,mgr_1
ADJ00000098,WH0020,SKU0000616,05/13/2026 01:57,-5,System Correction,controller
ADJ00000099,WH0010,SKU0000341,2026-03-22 10:44:42,50,Found Inventory,ops_lead
ADJ00000100,WH0019,SKU0000360,01/06/2026 21:46,-50,Damage,controller
ADJ00000101,WH0017,SKU0000488,05/02/2026 03:39,25,Damage,controller
ADJ00000102,WH0014,SKU0000123,04/15/2026 01:35,5,Cycle Count,controller
ADJ00000103,WH0010,SKU0000099,2026-03-23 16:13:57,-50,Found Inventory,controller
ADJ00000104,WH0018,SKU0000440,2026-05-02 23:59:49,5,Damage,controller
ADJ00000105,WH0009,SKU0000662,2026-05-18 00:24:01,-25,Cycle Count,ops_lead
ADJ00000106,WH0010,SKU0000236,01/15/2026 23:58,-25,Damage,controller
ADJ00000107,WH0006,SKU0000029,2026-01-28 17:22:32,-10,Shrinkage,mgr_1
ADJ00000108,WH0020,SKU0000241,01/02/2026 11:58,-25,Shrinkage,mgr_1
ADJ00000109,WH0018,SKU0000387,2026-03-22 17:58:29,-10,Cycle Count,
ADJ00000110,WH0024,SKU0000065,01/13/2026 11:50,-25,Found Inventory,mgr_2
ADJ00000111,WH0017,SKU0000133,01/19/2026 09:51,-50,Damage,ops_lead
ADJ00000112,WH0021,SKU0000019,2026-05-20 05:13:08,bad,Cycle Count,mgr_1
ADJ00000113,WH0005,SKU0000633,02/21/2026 15:05,-50,System Correction,controller
ADJ00000114,WH0023,SKU0000474,03/18/2026 23:14,-25,Damage,mgr_1
ADJ00000115,WH0021,SKU0000023,2026-05-09 12:38:12,bad,Shrinkage,ops_lead
ADJ00000116,WH0016,SKU0000052,2026-03-10 11:47:20,25,Cycle Count,mgr_1
ADJ00000117,WH0021,SKU0000671,2026-05-31 04:30:33,25,System Correction,controller
ADJ00000118,WH0004,SKU0000007,2026-05-06 12:44:54,-25,Cycle Count,ops_lead
ADJ00000119,WH0020,SKU0000652,05/07/2026 02:54,-25,System Correction,controller
ADJ00000120,WH0004,SKU0000236,03/24/2026 12:59,10,Cycle Count,mgr_1
ADJ00000121,WH0012,SKU0000113,04/07/2026 07:33,10,Found Inventory,mgr_2
ADJ00000122,WH0010,SKU0000391,2026-02-17 16:50:12,10,Damage,mgr_1
ADJ00000123,WH0021,SKU0000340,2026-02-11 03:47:36,5,Damage,
ADJ00000124,WH0013,SKU0000367,01/23/2026 20:12,-5,Cycle Count,mgr_1
ADJ00000125,WH0009,SKU0000629,03/19/2026 05:48,50,System Correction,ops_lead
ADJ00000126,WH0011,SKU0000026,2026-01-03 22:24:00,bad,System Correction,ops_lead
ADJ00000127,WH0004,SKU_UNKNOWN,2026-04-21 16:57:15,-5,Found Inventory,ops_lead
ADJ00000128,WH0012,SKU0000495,03/25/2026 14:20,-10,Found Inventory,mgr_2
ADJ00000129,WH0025,SKU0000355,02/07/2026 00:13,-5,Cycle Count,ops_lead
ADJ00000130,WH0021,SKU0000189,01/25/2026 06:21,-5,Cycle Count,
ADJ00000131,WH0023,SKU0000177,2026-03-24 22:09:59,bad,Found Inventory,ops_lead
ADJ00000132,WH0016,SKU0000398,05/09/2026 05:38,-10,Found Inventory,controller
ADJ00000133,WH0005,SKU0000304,2026-03-25 10:11:19,bad,Cycle Count,ops_lead
ADJ00000134,WH0022,SKU0000108,2026-02-04 22:52:31,25,Damage,mgr_2
ADJ00000135,WH0022,SKU0000094,01/17/2026 00:20,-50,Shrinkage,controller
ADJ00000136,WH0008,SKU0000667,04/26/2026 08:49,5,Shrinkage,
ADJ00000137,WH0004,SKU0000266,04/22/2026 19:14,-10,Shrinkage,mgr_2
ADJ00000138,WH0015,SKU0000429,2026-03-28 06:34:57,5,Damage,controller
ADJ00000139,WH0009,SKU0000110,2026-05-15 11:33:29,10,Found Inventory,mgr_1
ADJ00000140,WH0019,SKU0000315,2026-03-03 19:12:42,50,Shrinkage,mgr_2
ADJ00000141,WH0018,SKU0000054,2026-02-13 18:44:40,-50,System Correction,mgr_1
ADJ00000142,WH0006,SKU0000627,03/04/2026 06:07,-25,Found Inventory,mgr_1
ADJ00000143,WH0016,SKU0000120,2026-04-23 04:56:16,5,Shrinkage,ops_lead
ADJ00000144,WH0001,SKU0000129,2026-03-16 10:26:19,5,Cycle Count,controller
ADJ00000145,WH0011,SKU0000361,2026-03-24 16:51:36,5,Found Inventory,mgr_1
ADJ00000146,WH0016,SKU0000312,03/31/2026 06:02,-10,Damage,
ADJ00000147,WH0025,SKU0000430,04/18/2026 03:21,-5,System Correction,mgr_1
ADJ00000148,WH0008,SKU0000548,2026-04-07 23:18:21,bad,Shrinkage,
ADJ00000149,WH0013,SKU0000068,01/30/2026 13:22,5,Found Inventory,mgr_1
ADJ00000150,WH0024,SKU0000414,2026-03-16 08:36:17,bad,Cycle Count,controller
ADJ00000151,WH0018,SKU0000379,02/23/2026 15:17,10,Damage,ops_lead
ADJ00000152,WH0010,SKU0000092,03/21/2026 04:20,10,Shrinkage,ops_lead
ADJ00000153,WH0016,SKU0000536,04/20/2026 04:59,50,System Correction,mgr_2
ADJ00000154,WH0005,SKU0000485,2026-04-29 08:47:14,50,Damage,mgr_1
ADJ00000155,WH0007,SKU0000534,2026-03-15 06:30:40,5,Damage,mgr_1
ADJ00000156,WH0001,SKU0000454,04/26/2026 05:47,-25,System Correction,mgr_2
ADJ00000157,WH0013,SKU0000089,02/01/2026 14:20,-50,Damage,ops_lead
ADJ00000158,WH0021,SKU0000033,2026-04-19 23:48:41,5,Cycle Count,mgr_1
ADJ00000159,WH0014,SKU0000323,05/20/2026 01:27,25,System Correction,
ADJ00000160,WH0011,SKU0000362,2026-03-21 05:06:02,10,System Correction,mgr_1
ADJ00000161,WH0012,SKU0000474,2026-02-24 05:49:18,10,Found Inventory,mgr_1
ADJ00000162,WH0006,SKU0000317,2026-02-19 01:48:09,25,Damage,mgr_2
ADJ00000163,WH0014,SKU0000586,2026-03-21 05:20:46,50,Shrinkage,ops_lead
ADJ00000164,WH0025,SKU0000349,02/20/2026 04:39,-5,Damage,mgr_1
ADJ00000165,WH0022,SKU0000474,04/26/2026 03:01,-50,Damage,mgr_1
ADJ00000166,WH0021,SKU0000642,03/08/2026 09:43,-5,Cycle Count,mgr_1
ADJ00000167,WH0002,SKU0000623,2026-05-17 16:15:53,25,System Correction,controller
ADJ00000168,WH0005,SKU0000083,2026-02-10 02:00:27,-10,System Correction,
ADJ00000169,WH0015,SKU0000689,03/28/2026 11:15,10,Found Inventory,ops_lead
ADJ00000170,WH0007,SKU0000489,2026-03-11 01:56:05,-50,Cycle Count,controller
ADJ00000171,WH0023,SKU0000596,05/21/2026 02:26,10,Shrinkage,mgr_1
ADJ00000172,WH0014,SKU0000571,01/30/2026 00:33,-5,Shrinkage,mgr_2
ADJ00000173,WH0009,SKU0000195,05/28/2026 11:54,-5,Damage,ops_lead
ADJ00000174,WH0011,SKU0000004,05/23/2026 16:15,5,Cycle Count,mgr_2
ADJ00000175,WH0005,SKU0000113,04/21/2026 03:17,25,Found Inventory,mgr_2
ADJ00000176,WH0020,SKU0000594,2026-02-13 06:57:55,10,Damage,
ADJ00000177,WH0013,SKU0000489,04/24/2026 04:08,25,System Correction,ops_lead
ADJ00000178,WH0005,SKU0000286,2026-03-22 13:55:06,25,Found Inventory,mgr_1
ADJ00000179,WH0023,SKU0000267,2026-03-16 01:28:40,5,System Correction,
ADJ00000180,WH0005,SKU0000313,04/05/2026 06:47,bad,Damage,
ADJ00000181,WH0019,SKU0000251,03/12/2026 02:15,-25,Found Inventory,mgr_2
ADJ00000182,WH0011,SKU0000139,03/20/2026 06:23,25,Cycle Count,mgr_1
ADJ00000183,WH0009,SKU0000422,04/20/2026 02:01,-25,Found Inventory,mgr_2
ADJ00000184,WH0005,SKU0000583,04/30/2026 18:44,5,Cycle Count,mgr_1
ADJ00000185,WH0016,SKU0000160,04/20/2026 01:47,10,Cycle Count,ops_lead
ADJ00000186,WH0005,SKU0000066,2026-05-25 17:35:48,50,Found Inventory,controller
ADJ00000187,WH0015,SKU0000144,03/03/2026 01:19,5,Found Inventory,
ADJ00000188,WH0001,SKU0000420,04/26/2026 17:04,10,Cycle Count,
ADJ00000189,WH0024,SKU0000149,2026-03-22 11:53:53,-25,Damage,
ADJ00000190,WH0023,SKU0000186,04/28/2026 02:17,-25,Damage,ops_lead
ADJ00000191,WH0014,SKU0000095,04/04/2026 12:51,5,Found Inventory,mgr_2
ADJ00000192,WH0017,SKU0000199,02/17/2026 01:58,-5,Cycle Count,mgr_1
ADJ00000193,WH0016,SKU0000064,2026-03-30 01:18:54,10,System Correction,mgr_1
ADJ00000194,WH0020,SKU0000240,04/02/2026 15:07,-50,Found Inventory,ops_lead
ADJ00000195,WH0002,SKU0000458,2026-01-04 06:11:31,10,System Correction,
ADJ00000196,WH0024,SKU0000140,2026-02-24 05:06:07,-10,System Correction,controller
ADJ00000197,WH0001,SKU0000537,03/10/2026 19:04,-25,Found Inventory,mgr_1
ADJ00000198,WH0005,SKU0000509,02/25/2026 00:54,-5,Shrinkage,
ADJ00000199,WH0014,SKU0000511,05/10/2026 01:10,5,Damage,mgr_2
ADJ00000200,WH0011,SKU0000124,02/15/2026 08:13,50,Found Inventory,mgr_2
ADJ00000201,WH0001,SKU0000244,05/12/2026 13:35,-5,System Correction,controller
ADJ00000202,WH0002,SKU0000512,2026-05-20 20:32:56,-25,Found Inventory,mgr_1
ADJ00000203,WH0006,SKU0000664,2026-03-20 01:20:58,bad,Shrinkage,controller
ADJ00000204,WH0024,SKU0000197,05/16/2026 00:09,bad,Shrinkage,ops_lead
ADJ00000205,WH0014,SKU0000183,2026-01-07 08:26:06,-10,Found Inventory,controller
ADJ00000206,WH0002,SKU0000385,2026-04-23 23:53:09,25,Cycle Count,controller
ADJ00000207,WH0001,SKU0000115,2026-01-26 04:11:52,-50,Damage,mgr_1
ADJ00000208,WH0010,SKU0000116,2026-04-25 17:23:46,25,Found Inventory,mgr_1
ADJ00000209,WH0013,SKU0000548,2026-02-14 01:48:47,10,System Correction,ops_lead
ADJ00000210,WH0006,SKU0000547,2026-01-30 15:35:20,-5,Shrinkage,controller
ADJ00000211,WH0020,SKU0000434,05/13/2026 12:56,bad,Shrinkage,ops_lead
ADJ00000212,WH0017,SKU0000002,2026-02-05 08:55:53,-50,Found Inventory,controller
ADJ00000213,WH0023,SKU0000275,2026-02-25 10:23:11,10,Shrinkage,mgr_1
ADJ00000214,WH0019,SKU0000026,03/23/2026 17:30,bad,Shrinkage,
ADJ00000215,WH0013,SKU0000613,2026-03-15 17:31:01,-50,Found Inventory,controller
ADJ00000216,WH0024,SKU0000238,03/07/2026 10:34,-50,Damage,controller
ADJ00000217,WH0019,SKU0000304,04/25/2026 03:14,-10,Cycle Count,
ADJ00000218,WH0017,SKU0000529,01/01/2026 07:30,-25,Found Inventory,
ADJ00000219,WH0023,SKU0000123,02/10/2026 15:28,50,Found Inventory,ops_lead
ADJ00000220,WH0019,SKU0000132,04/25/2026 14:04,50,System Correction,ops_lead
ADJ00000221,WH0006,SKU0000343,02/18/2026 06:22,-5,Cycle Count,ops_lead
ADJ00000222,WH0018,SKU0000419,2026-03-04 06:04:38,10,Shrinkage,mgr_2
ADJ00000223,WH0023,SKU0000126,05/14/2026 13:40,25,Damage,controller
ADJ00000224,WH0013,SKU0000347,2026-05-16 13:20:59,5,Shrinkage,
ADJ00000225,WH0010,SKU0000113,2026-03-03 04:20:53,-25,Damage,
ADJ00000226,WH0003,SKU0000071,04/30/2026 09:51,5,Shrinkage,ops_lead
ADJ00000227,WH0017,SKU0000217,04/26/2026 21:14,5,Found Inventory,ops_lead
ADJ00000228,WH0001,SKU0000594,02/08/2026 09:16,-10,Shrinkage,
ADJ00000229,WH0013,SKU0000477,2026-03-27 04:21:52,-25,Found Inventory,mgr_2
ADJ00000230,WH0007,SKU0000412,02/27/2026 15:37,25,System Correction,mgr_2
ADJ00000231,WH0003,SKU0000234,2026-02-02 22:11:30,5,Shrinkage,
ADJ00000232,WH0004,SKU0000414,03/18/2026 14:43,-5,System Correction,mgr_2
ADJ00000233,WH0017,SKU0000375,04/09/2026 23:54,-50,Cycle Count,mgr_2
ADJ00000234,WH0002,SKU0000347,03/01/2026 19:36,5,Shrinkage,ops_lead
ADJ00000235,WH0016,SKU0000352,01/26/2026 00:13,-50,System Correction,ops_lead
ADJ00000236,WH0019,SKU0000112,2026-05-08 07:36:46,5,System Correction,mgr_2
ADJ00000237,WH0005,SKU0000253,2026-01-20 23:02:31,-25,Shrinkage,controller
ADJ00000238,WH0007,SKU0000308,01/29/2026 10:58,-5,Shrinkage,ops_lead
ADJ00000239,WH0003,SKU0000445,05/01/2026 14:52,-25,Damage,mgr_1
ADJ00000240,WH0015,SKU0000223,2026-03-21 01:39:56,-5,Found Inventory,controller
ADJ00000241,WH0018,SKU0000351,05/20/2026 14:47,bad,System Correction,
ADJ00000242,WH0021,SKU0000058,2026-05-21 17:18:47,10,Cycle Count,controller
ADJ00000243,WH0021,SKU0000182,2026-05-16 19:56:25,bad,Cycle Count,mgr_1
ADJ00000244,WH0010,SKU0000408,05/22/2026 01:14,10,Cycle Count,mgr_1
ADJ00000245,WH0001,SKU0000193,2026-03-27 04:31:58,25,System Correction,mgr_1
ADJ00000246,WH0002,SKU0000678,05/17/2026 19:14,-25,Cycle Count,
ADJ00000247,WH0015,SKU0000400,03/17/2026 09:49,-10,System Correction,ops_lead
ADJ00000248,WH0025,SKU0000071,2026-02-14 16:15:04,-10,Damage,controller
ADJ00000249,WH0020,SKU0000649,2026-04-27 16:49:03,50,Damage,mgr_2
ADJ00000250,WH0025,SKU_UNKNOWN,2026-03-10 07:30:14,bad,Cycle Count,mgr_2
ADJ00000251,WH0013,SKU0000648,03/25/2026 02:04,25,Shrinkage,
ADJ00000252,WH0009,SKU0000047,2026-01-23 04:11:41,bad,Shrinkage,mgr_1
ADJ00000253,WH0008,SKU0000240,2026-04-10 12:26:57,-25,Found Inventory,mgr_2
ADJ00000254,WH0015,SKU0000564,05/04/2026 23:52,10,Cycle Count,controller
ADJ00000255,WH0017,SKU0000452,04/18/2026 02:03,-50,Damage,controller
ADJ00000256,WH0014,SKU0000377,2026-05-11 07:35:08,5,System Correction,controller
ADJ00000257,WH0008,SKU0000528,04/02/2026 09:23,10,Found Inventory,mgr_2
ADJ00000258,WH0021,SKU0000617,04/09/2026 16:03,bad,Found Inventory,ops_lead
ADJ00000259,WH0001,SKU0000297,2026-03-08 20:00:43,25,Damage,ops_lead
ADJ00000260,WH0010,SKU0000575,2026-01-06 07:15:12,-25,Cycle Count,controller
ADJ00000261,WH0005,SKU0000524,2026-04-29 10:40:49,bad,Shrinkage,
ADJ00000262,WH0012,SKU0000037,01/30/2026 17:39,25,Cycle Count,ops_lead
ADJ00000263,WH0025,SKU0000296,2026-04-09 18:19:01,-50,System Correction,controller
ADJ00000264,WH0024,SKU0000581,03/08/2026 04:13,-50,Found Inventory,
ADJ00000265,WH0022,SKU0000373,03/20/2026 16:14,-5,Found Inventory,
ADJ00000266,WH0005,SKU0000250,2026-03-15 22:26:33,bad,Found Inventory,ops_lead
ADJ00000267,WH0014,SKU0000585,02/21/2026 11:54,5,System Correction,controller
ADJ00000268,WH0015,SKU0000220,2026-05-01 01:25:29,-10,Damage,mgr_2
ADJ00000269,WH0024,SKU0000237,2026-01-22 05:19:36,5,Shrinkage,controller
ADJ00000270,WH0020,SKU0000421,01/02/2026 05:17,-50,Found Inventory,
ADJ00000271,WH0001,SKU0000185,04/22/2026 11:22,10,Cycle Count,mgr_1
ADJ00000272,WH0008,SKU0000532,2026-02-27 23:54:19,5,Shrinkage,
ADJ00000273,WH0002,SKU0000610,2026-02-22 14:58:44,25,System Correction,controller
ADJ00000274,WH0019,SKU0000155,05/07/2026 20:08,-50,Damage,
ADJ00000275,WH0017,SKU0000211,2026-01-16 23:45:07,5,System Correction,ops_lead
ADJ00000276,WH0012,SKU0000159,2026-01-29 08:29:52,25,Damage,ops_lead
ADJ00000277,WH0014,SKU0000370,2026-02-16 15:41:33,25,Found Inventory,
ADJ00000278,WH0013,SKU0000397,2026-05-21 03:30:24,50,System Correction,ops_lead
ADJ00000279,WH0021,SKU0000421,04/02/2026 18:17,50,Shrinkage,mgr_2
ADJ00000280,WH0004,SKU0000494,03/16/2026 18:31,50,Shrinkage,ops_lead
ADJ00000281,WH0002,SKU0000502,02/10/2026 22:32,5,Found Inventory,ops_lead
ADJ00000282,WH0018,SKU0000554,2026-05-16 04:54:52,-50,System Correction,mgr_2
ADJ00000283,WH0023,SKU0000309,2026-01-05 01:52:06,-5,Damage,mgr_1
ADJ00000284,WH0005,SKU0000637,2026-01-26 04:01:34,50,Cycle Count,
ADJ00000285,WH0022,SKU0000424,01/15/2026 16:42,-5,System Correction,ops_lead
ADJ00000286,WH0025,SKU0000104,02/28/2026 17:37,-50,Shrinkage,ops_lead
ADJ00000287,WH0019,SKU0000458,04/21/2026 01:12,50,System Correction,ops_lead
ADJ00000288,WH0013,SKU0000543,2026-04-06 01:50:06,25,System Correction,controller
ADJ00000289,WH0012,SKU0000186,2026-04-13 00:48:26,25,Cycle Count,controller
ADJ00000290,WH0010,SKU0000286,04/01/2026 07:11,25,Cycle Count,mgr_2
ADJ00000291,WH0003,SKU0000156,04/09/2026 17:48,-25,Cycle Count,mgr_2
ADJ00000292,WH0023,SKU0000275,2026-05-09 19:42:06,-5,Damage,mgr_1
ADJ00000293,WH0009,SKU0000417,2026-04-18 06:27:18,10,Found Inventory,mgr_2
ADJ00000294,WH0007,SKU0000378,03/12/2026 18:39,10,Damage,
ADJ00000295,WH0010,SKU0000200,2026-04-17 17:57:08,-10,Cycle Count,mgr_1
ADJ00000296,WH0014,SKU0000215,03/20/2026 08:26,5,Damage,controller
ADJ00000297,WH0010,SKU0000078,05/24/2026 18:04,-50,System Correction,mgr_1
ADJ00000298,WH0001,SKU0000237,01/06/2026 16:43,-5,Cycle Count,
ADJ00000299,WH0016,SKU0000361,2026-01-02 20:35:54,-25,System Correction,mgr_1
ADJ00000300,WH0025,SKU0000544,2026-04-08 19:06:27,-10,Found Inventory,controller
ADJ00000301,WH0004,SKU0000347,03/13/2026 22:29,bad,Shrinkage,mgr_1
ADJ00000302,WH_UNKNOWN,SKU0000190,02/07/2026 20:07,-5,System Correction,mgr_1
ADJ00000303,WH0023,SKU0000512,2026-05-04 04:42:06,5,Cycle Count,ops_lead
ADJ00000304,WH0013,SKU0000221,01/31/2026 10:15,5,Found Inventory,mgr_2
ADJ00000305,WH0020,SKU0000115,01/28/2026 03:09,-5,Cycle Count,
ADJ00000306,WH0002,SKU0000011,2026-04-20 01:32:35,bad,Cycle Count,mgr_2
ADJ00000307,WH0025,SKU0000330,02/02/2026 23:01,bad,Found Inventory,mgr_2
ADJ00000308,WH0021,SKU0000248,02/21/2026 12:55,5,Found Inventory,mgr_1
ADJ00000309,WH0012,SKU0000241,2026-01-21 16:04:05,5,Found Inventory,mgr_1
ADJ00000310,WH0001,SKU0000650,2026-03-04 00:06:36,25,System Correction,controller
ADJ00000311,WH0012,SKU_UNKNOWN,02/07/2026 17:34,-5,System Correction,mgr_1
ADJ00000312,WH0001,SKU0000083,02/18/2026 18:38,-5,Found Inventory,mgr_2
ADJ00000313,WH0005,SKU0000441,2026-03-25 07:34:50,-50,Damage,controller
ADJ00000314,WH0008,SKU0000361,01/07/2026 04:18,-25,System Correction,mgr_2
ADJ00000315,WH0001,SKU0000152,2026-04-30 12:12:14,bad,System Correction,mgr_1
ADJ00000316,WH0006,SKU0000293,2026-02-01 04:12:18,-25,Found Inventory,ops_lead
ADJ00000317,WH0021,SKU0000484,04/04/2026 12:09,-5,Damage,ops_lead
ADJ00000318,WH0020,SKU0000384,2026-01-19 22:44:08,5,Cycle Count,mgr_2
ADJ00000319,WH0009,SKU0000550,2026-05-15 17:09:08,-5,Found Inventory,controller
ADJ00000320,WH0009,SKU0000205,2026-05-24 11:05:49,10,Found Inventory,controller
ADJ00000321,WH0021,SKU0000301,2026-04-12 08:13:58,-10,Shrinkage,controller
ADJ00000322,WH0007,SKU0000414,05/21/2026 04:04,-10,Cycle Count,ops_lead
ADJ00000323,WH0018,SKU0000634,2026-02-09 06:39:31,-25,Damage,ops_lead
ADJ00000324,WH0004,SKU0000489,05/23/2026 07:10,-25,Damage,mgr_1
ADJ00000325,WH0015,SKU0000552,2026-05-27 06:08:24,bad,System Correction,
ADJ00000326,WH0002,SKU0000451,05/05/2026 07:10,25,Damage,mgr_1
ADJ00000327,WH0007,SKU0000283,2026-04-21 02:28:28,-50,Damage,ops_lead
ADJ00000328,WH0011,SKU0000354,2026-02-14 14:38:03,-50,Shrinkage,mgr_1
ADJ00000329,WH0020,SKU0000304,2026-05-16 12:43:34,25,Damage,
ADJ00000330,WH0001,SKU0000018,2026-03-17 15:35:47,-50,System Correction,
ADJ00000331,WH0009,SKU0000226,2026-02-24 20:27:11,50,Cycle Count,mgr_2
ADJ00000332,WH0014,SKU0000080,03/16/2026 20:19,bad,Found Inventory,mgr_2
ADJ00000333,WH0012,SKU0000140,2026-03-30 11:32:13,bad,System Correction,
ADJ00000334,WH0023,SKU0000561,2026-01-21 22:28:18,-25,Shrinkage,
ADJ00000335,WH0023,SKU0000431,01/27/2026 06:56,50,System Correction,ops_lead
ADJ00000336,WH0013,SKU0000143,02/27/2026 14:18,10,System Correction,mgr_2
ADJ00000337,WH0014,SKU0000677,2026-03-11 06:39:14,25,Damage,mgr_2
ADJ00000338,WH0006,SKU0000526,2026-04-12 06:24:26,-5,System Correction,
ADJ00000339,WH0007,SKU0000048,01/16/2026 23:05,-5,Found Inventory,mgr_1
ADJ00000340,WH0016,SKU0000662,01/07/2026 14:15,5,Shrinkage,ops_lead
ADJ00000341,WH0020,SKU0000646,2026-04-06 00:48:36,10,System Correction,mgr_1
ADJ00000342,WH0011,SKU0000537,2026-03-11 15:25:18,bad,Found Inventory,ops_lead
ADJ00000343,WH0011,SKU0000220,01/29/2026 06:58,-25,Shrinkage,ops_lead
ADJ00000344,WH0001,SKU0000097,05/10/2026 06:02,-5,Shrinkage,mgr_2
ADJ00000345,WH0023,SKU0000524,2026-05-26 00:25:39,-50,Found Inventory,controller
ADJ00000346,WH0018,SKU0000417,2026-03-11 21:34:40,10,Shrinkage,controller
ADJ00000347,WH0023,SKU0000135,02/12/2026 07:13,5,System Correction,mgr_1
ADJ00000348,WH0012,SKU0000224,01/02/2026 17:54,25,Found Inventory,mgr_1
ADJ00000349,WH0002,SKU0000347,01/12/2026 19:39,-5,Found Inventory,
ADJ00000350,WH0018,SKU0000108,2026-02-19 17:27:09,10,Shrinkage,controller
ADJ00000351,WH0024,SKU0000304,2026-02-02 05:21:52,10,Found Inventory,controller
ADJ00000352,WH0011,SKU0000671,2026-02-25 22:48:00,-25,System Correction,ops_lead
ADJ00000353,WH0016,SKU0000521,2026-05-31 06:05:53,25,Cycle Count,controller
ADJ00000354,WH0009,SKU0000191,05/30/2026 04:09,-50,Found Inventory,
ADJ00000355,WH0024,SKU0000624,2026-05-10 14:14:12,5,Damage,ops_lead
ADJ00000356,WH0003,SKU0000415,03/27/2026 02:10,-5,Damage,mgr_2
ADJ00000357,WH0024,SKU0000612,05/02/2026 18:00,-25,Damage,controller
ADJ00000358,WH0022,SKU0000121,01/10/2026 02:57,bad,Damage,mgr_2
ADJ00000359,WH0006,SKU0000571,01/23/2026 11:05,50,System Correction,mgr_1
ADJ00000360,WH0023,SKU0000117,01/20/2026 17:30,-10,Found Inventory,ops_lead
ADJ00000361,WH0010,SKU0000250,02/13/2026 18:13,-10,Found Inventory,ops_lead
ADJ00000362,WH0001,SKU0000684,2026-03-16 20:13:30,25,Shrinkage,mgr_1
ADJ00000363,WH0008,SKU0000329,2026-03-04 04:29:40,50,Cycle Count,mgr_2
ADJ00000364,WH0002,SKU0000240,2026-05-19 21:46:25,bad,Shrinkage,mgr_2
ADJ00000365,WH0020,SKU0000688,2026-04-28 14:34:35,5,Damage,mgr_2
ADJ00000366,WH0023,SKU0000153,2026-04-09 07:00:01,25,Damage,controller
ADJ00000367,WH0009,SKU0000325,2026-04-26 20:15:18,25,System Correction,ops_lead
ADJ00000368,WH0015,SKU0000217,05/23/2026 04:04,25,Damage,controller
ADJ00000369,WH0016,SKU0000680,2026-01-03 11:27:23,-10,Found Inventory,mgr_2
ADJ00000370,WH0013,SKU0000093,2026-02-12 12:53:12,-10,Damage,
ADJ00000371,WH0002,SKU0000631,2026-03-15 23:12:43,-50,Damage,mgr_1
ADJ00000372,WH0007,SKU0000137,02/22/2026 17:00,10,System Correction,mgr_2
ADJ00000373,WH0006,SKU0000190,05/17/2026 04:37,10,Found Inventory,mgr_1
ADJ00000374,WH0014,SKU0000390,02/25/2026 16:34,bad,Shrinkage,controller
ADJ00000375,WH0001,SKU0000399,05/08/2026 10:51,5,Damage,controller
ADJ00000376,WH0018,SKU0000230,03/02/2026 07:45,-50,Cycle Count,mgr_1
ADJ00000377,WH0010,SKU0000374,2026-05-11 05:10:27,-25,Cycle Count,mgr_1
ADJ00000378,WH0025,SKU0000286,2026-04-12 11:54:32,-5,Cycle Count,mgr_1
ADJ00000379,WH0012,SKU0000447,2026-04-06 20:46:26,-25,Shrinkage,mgr_1
ADJ00000380,WH0019,SKU0000401,2026-05-30 12:11:47,-50,Shrinkage,mgr_1
ADJ00000381,WH0004,SKU0000341,2026-02-06 10:22:51,-25,Found Inventory,mgr_2
ADJ00000382,WH0006,SKU0000109,2026-05-19 10:55:19,50,Shrinkage,
ADJ00000383,WH0011,SKU0000229,02/09/2026 14:26,-5,System Correction,ops_lead
ADJ00000384,WH0003,SKU0000681,2026-03-25 21:04:03,25,Damage,mgr_2
ADJ00000385,WH0008,SKU0000352,2026-03-27 06:10:46,10,Found Inventory,controller
ADJ00000386,WH0021,SKU0000180,04/19/2026 12:08,50,Shrinkage,ops_lead
ADJ00000387,WH0002,SKU0000234,05/07/2026 09:40,-5,System Correction,ops_lead
ADJ00000388,WH0025,SKU0000407,03/31/2026 10:06,10,Shrinkage,
ADJ00000389,WH0019,SKU0000348,2026-02-27 00:02:28,bad,Found Inventory,mgr_2
ADJ00000390,WH0007,SKU0000579,2026-04-16 12:49:00,bad,Found Inventory,mgr_1
ADJ00000391,WH0011,SKU0000042,02/11/2026 08:29,5,Found Inventory,controller
ADJ00000392,WH0022,SKU0000062,2026-04-11 06:22:37,-10,Shrinkage,mgr_1
ADJ00000393,WH0001,SKU0000020,04/05/2026 22:51,bad,Found Inventory,mgr_1
ADJ00000394,WH0009,SKU0000301,2026-02-27 11:36:48,-10,Damage,mgr_1
ADJ00000395,WH0013,SKU0000346,2026-04-17 02:28:57,bad,Cycle Count,
ADJ00000396,WH0024,SKU0000324,2026-01-17 20:25:34,-50,Shrinkage,mgr_2
ADJ00000397,WH0019,SKU0000454,2026-03-02 11:10:55,-5,System Correction,
ADJ00000398,WH0011,SKU0000600,2026-04-21 12:28:21,-25,Cycle Count,
ADJ00000399,WH0008,SKU0000246,2026-01-31 11:22:42,-50,Damage,controller
ADJ00000400,WH0003,SKU0000358,05/27/2026 01:29,50,Damage,ops_lead
ADJ00000401,WH0019,SKU0000018,2026-05-19 14:51:09,-50,System Correction,mgr_1
ADJ00000402,WH0013,SKU0000052,02/12/2026 05:05,-25,Damage,mgr_2
ADJ00000403,WH0018,SKU0000690,02/06/2026 19:06,bad,Shrinkage,
ADJ00000404,WH0008,SKU0000236,2026-01-12 11:46:54,-50,System Correction,controller
ADJ00000405,WH0009,SKU0000131,2026-05-02 22:32:52,-5,Damage,ops_lead
ADJ00000406,WH0019,SKU0000364,2026-01-13 09:16:50,25,Damage,ops_lead
ADJ00000407,WH0021,SKU0000390,01/25/2026 03:03,25,Damage,mgr_2
ADJ00000408,WH0006,SKU0000079,05/30/2026 07:01,5,System Correction,ops_lead
ADJ00000409,WH0023,SKU0000675,2026-05-29 20:01:56,-25,Cycle Count,mgr_2
ADJ00000410,WH0010,SKU0000035,2026-01-02 11:22:01,50,Shrinkage,mgr_2
ADJ00000411,WH0004,SKU0000535,2026-01-25 09:35:18,-50,Shrinkage,mgr_1
ADJ00000412,WH0016,SKU0000254,05/12/2026 05:50,50,Shrinkage,ops_lead
ADJ00000413,WH0017,SKU0000121,2026-01-16 06:00:07,5,System Correction,mgr_1
ADJ00000414,WH0014,SKU0000688,03/17/2026 23:25,-25,Found Inventory,
ADJ00000415,WH0014,SKU0000505,2026-03-25 23:35:08,50,Damage,mgr_2
ADJ00000416,WH0010,SKU0000571,2026-02-23 00:36:56,-25,Cycle Count,ops_lead
ADJ00000417,WH0012,SKU0000659,01/03/2026 00:21,bad,Found Inventory,ops_lead
ADJ00000418,WH0016,SKU0000203,01/21/2026 17:15,-50,Shrinkage,
ADJ00000419,WH0008,SKU0000074,02/25/2026 20:43,-10,Cycle Count,mgr_2
ADJ00000420,WH0001,SKU0000165,2026-03-06 02:49:02,bad,System Correction,controller
ADJ00000421,WH0025,SKU0000520,2026-05-14 17:19:38,-25,System Correction,mgr_2
ADJ00000422,WH0015,SKU0000151,2026-02-27 21:30:12,-50,System Correction,controller
ADJ00000423,WH0024,SKU0000359,2026-04-07 06:59:13,-25,System Correction,ops_lead
ADJ00000424,WH0014,SKU0000487,2026-01-28 05:00:28,5,Damage,controller
ADJ00000425,WH0010,SKU0000078,05/30/2026 16:16,5,Found Inventory,ops_lead
ADJ00000426,WH0015,SKU0000381,2026-03-12 11:01:42,10,Shrinkage,
ADJ00000427,WH0016,SKU0000062,2026-05-16 10:46:06,bad,System Correction,controller
ADJ00000428,WH0017,SKU0000381,2026-01-03 07:08:08,25,Damage,ops_lead
ADJ00000429,WH0001,SKU0000503,05/10/2026 08:47,10,System Correction,controller
ADJ00000430,WH0001,SKU0000347,01/19/2026 11:33,-50,Shrinkage,mgr_2
ADJ00000431,WH0008,SKU0000325,2026-02-04 14:10:58,5,Damage,controller
ADJ00000432,WH0003,SKU0000129,2026-03-04 07:05:26,-25,Cycle Count,mgr_1
ADJ00000433,WH0013,SKU0000486,01/08/2026 22:09,-50,Damage,mgr_1
ADJ00000434,WH0006,SKU0000008,2026-05-22 21:11:25,-5,Shrinkage,controller
ADJ00000435,WH0018,SKU0000587,04/07/2026 19:41,-25,Shrinkage,mgr_2
ADJ00000436,WH0022,SKU0000303,02/04/2026 19:29,-10,Found Inventory,
ADJ00000437,WH0012,SKU0000545,2026-05-14 15:14:10,50,Damage,mgr_1
ADJ00000438,WH0013,SKU0000558,05/06/2026 19:30,50,Found Inventory,mgr_2
ADJ00000439,WH0019,SKU0000355,03/27/2026 08:02,-50,Cycle Count,mgr_1
ADJ00000440,WH0013,SKU0000026,01/18/2026 04:22,-25,Damage,
ADJ00000441,WH0022,SKU0000064,2026-01-12 17:06:35,25,System Correction,
ADJ00000442,WH0023,SKU0000646,04/29/2026 05:34,-10,Shrinkage,mgr_2
ADJ00000443,WH0025,SKU0000530,03/26/2026 21:35,25,Cycle Count,controller
ADJ00000444,WH0021,SKU0000633,04/29/2026 05:16,bad,Found Inventory,controller
ADJ00000445,WH0019,SKU0000671,2026-01-05 11:41:02,10,System Correction,ops_lead
ADJ00000446,WH0017,SKU0000553,2026-01-29 21:14:44,-25,System Correction,mgr_1
ADJ00000447,WH0007,SKU0000401,2026-04-14 00:05:36,25,System Correction,mgr_2
ADJ00000448,WH0025,SKU0000421,2026-05-25 12:46:44,25,Shrinkage,mgr_2
ADJ00000449,WH0003,SKU0000141,02/10/2026 18:53,10,Damage,mgr_2
ADJ00000450,WH0009,SKU0000161,2026-03-29 07:23:30,-50,Damage,
ADJ00000451,WH0019,SKU0000634,2026-03-15 15:19:40,50,Shrinkage,mgr_2
ADJ00000452,WH0011,SKU0000356,01/01/2026 10:44,25,System Correction,mgr_2
ADJ00000453,WH0016,SKU0000634,02/23/2026 10:05,50,Shrinkage,mgr_1
ADJ00000454,WH0004,SKU0000627,2026-03-26 05:41:40,-50,Shrinkage,ops_lead
ADJ00000455,WH0014,SKU0000112,03/19/2026 07:05,-10,Cycle Count,ops_lead
ADJ00000456,WH0002,SKU0000638,2026-05-25 07:56:52,25,Cycle Count,controller
ADJ00000457,WH0018,SKU0000149,2026-05-14 02:57:04,5,Damage,ops_lead
ADJ00000458,WH0021,SKU0000301,03/07/2026 02:02,-50,Damage,
ADJ00000459,WH0006,SKU0000547,02/21/2026 04:05,bad,System Correction,ops_lead
ADJ00000460,WH0020,SKU0000603,01/11/2026 22:49,5,Found Inventory,ops_lead
ADJ00000461,WH0020,SKU0000058,2026-03-23 03:38:28,-10,Damage,ops_lead
ADJ00000462,WH0017,SKU0000327,2026-04-20 01:13:06,-50,Shrinkage,
ADJ00000463,WH0013,SKU0000680,04/21/2026 03:34,25,Cycle Count,mgr_1
ADJ00000464,WH0023,SKU0000629,02/13/2026 23:39,-25,Cycle Count,
ADJ00000465,WH0017,SKU0000382,05/15/2026 17:59,50,Shrinkage,mgr_1
ADJ00000466,WH0025,SKU0000516,01/10/2026 14:25,bad,Damage,ops_lead
ADJ00000467,WH0012,SKU0000168,01/22/2026 18:22,-5,Shrinkage,mgr_2
ADJ00000468,WH0015,SKU0000201,01/22/2026 19:39,-10,System Correction,mgr_1
ADJ00000469,WH0011,SKU0000600,2026-04-20 17:03:06,-5,Shrinkage,controller
ADJ00000470,WH0025,SKU0000311,2026-03-09 14:18:50,25,Damage,
ADJ00000471,WH0021,SKU0000378,05/30/2026 11:10,50,System Correction,mgr_2
ADJ00000472,WH0015,SKU0000033,2026-04-14 20:35:44,10,Cycle Count,controller
ADJ00000473,WH0018,SKU0000347,2026-04-29 18:13:24,-10,Cycle Count,
ADJ00000474,WH0020,SKU0000230,02/07/2026 19:02,-25,System Correction,mgr_2
ADJ00000475,WH0001,SKU0000634,01/24/2026 21:08,25,System Correction,mgr_2
ADJ00000476,WH0017,SKU0000393,01/03/2026 15:50,50,Cycle Count,ops_lead
ADJ00000477,WH0003,SKU0000547,2026-03-10 19:33:31,bad,System Correction,mgr_2
ADJ00000478,WH0023,SKU0000346,2026-03-09 07:05:00,25,System Correction,ops_lead
ADJ00000479,WH0022,SKU0000656,2026-03-06 08:28:50,-5,Damage,
ADJ00000480,WH0003,SKU0000244,2026-04-04 03:25:04,10,Damage,controller
ADJ00000481,WH0008,SKU0000058,05/22/2026 17:02,10,Found Inventory,controller
ADJ00000482,WH0017,SKU0000648,04/30/2026 05:15,50,Shrinkage,ops_lead
ADJ00000483,WH0008,SKU0000411,05/30/2026 04:03,-50,System Correction,mgr_1
ADJ00000484,WH0023,SKU0000607,2026-05-29 01:08:59,-10,Found Inventory,ops_lead
ADJ00000485,WH0001,SKU0000047,2026-04-23 06:34:38,-50,Damage,mgr_1
ADJ00000486,WH0015,SKU0000448,2026-02-28 17:17:00,5,Cycle Count,ops_lead
ADJ00000487,WH0016,SKU0000216,03/11/2026 21:08,-10,Cycle Count,
ADJ00000488,WH0024,SKU0000646,2026-03-18 23:12:24,10,Shrinkage,
ADJ00000489,WH0022,SKU0000001,2026-05-06 21:37:29,-25,Cycle Count,controller
ADJ00000490,WH0016,SKU0000418,02/02/2026 10:28,25,Shrinkage,mgr_2
ADJ00000491,WH0006,SKU0000252,2026-05-23 08:05:35,bad,Shrinkage,mgr_1
ADJ00000492,WH0006,SKU0000536,05/28/2026 04:37,-25,Shrinkage,
ADJ00000493,WH0002,SKU0000618,2026-04-06 08:27:16,50,System Correction,controller
ADJ00000494,WH0006,SKU0000291,2026-05-10 02:51:39,bad,System Correction,mgr_1
ADJ00000495,WH0006,SKU0000045,04/17/2026 02:08,5,Damage,ops_lead
ADJ00000496,WH0002,SKU0000136,2026-03-03 00:30:32,-5,Cycle Count,mgr_2
ADJ00000497,WH0003,SKU0000057,2026-03-13 08:19:37,-5,System Correction,
ADJ00000498,WH0003,SKU0000512,2026-02-24 16:58:19,50,System Correction,
ADJ00000499,WH0015,SKU0000625,01/05/2026 13:00,5,Damage,mgr_2
ADJ00000500,WH0018,SKU0000664,2026-03-16 11:20:57,bad,System Correction,
ADJ00000501,WH0025,SKU0000317,2026-02-07 13:11:36,-5,System Correction,mgr_1
ADJ00000502,WH0002,SKU0000672,05/20/2026 17:58,bad,System Correction,
ADJ00000503,WH0022,SKU0000310,04/12/2026 06:58,25,Found Inventory,ops_lead
ADJ00000504,WH0005,SKU0000150,2026-02-21 11:21:15,-10,Found Inventory,controller
ADJ00000505,WH0009,SKU0000423,2026-01-26 05:55:55,-10,Damage,controller
ADJ00000506,WH0023,SKU0000116,2026-02-28 18:23:43,50,Cycle Count,
ADJ00000507,WH0006,SKU0000131,2026-03-30 04:44:31,25,Shrinkage,ops_lead
ADJ00000508,WH0014,SKU0000307,2026-04-28 00:39:26,25,System Correction,controller
ADJ00000509,WH0016,SKU0000262,01/11/2026 22:00,-5,Found Inventory,ops_lead
ADJ00000510,WH0025,SKU0000550,02/26/2026 22:43,5,Damage,controller
ADJ00000511,WH0005,SKU0000219,02/25/2026 14:30,10,Shrinkage,mgr_1
ADJ00000512,WH0004,SKU0000601,2026-02-05 07:03:24,-25,Cycle Count,controller
ADJ00000513,WH0011,SKU0000457,03/26/2026 13:12,-50,Cycle Count,ops_lead
ADJ00000514,WH0015,SKU0000521,2026-03-26 04:03:06,10,Found Inventory,controller
ADJ00000515,WH0011,SKU0000579,01/06/2026 19:14,5,Damage,mgr_2
ADJ00000516,WH0011,SKU0000027,01/29/2026 11:56,-50,Damage,mgr_1
ADJ00000517,WH0006,SKU0000150,02/27/2026 02:16,-25,Damage,controller
ADJ00000518,WH0025,SKU0000577,2026-01-31 12:38:14,5,System Correction,mgr_1
ADJ00000519,WH0018,SKU0000119,2026-01-28 02:46:08,-50,Found Inventory,
ADJ00000520,WH0025,SKU_UNKNOWN,2026-03-20 13:38:43,-5,Found Inventory,mgr_1
ADJ00000521,WH0009,SKU0000204,03/19/2026 01:37,25,Cycle Count,ops_lead
ADJ00000522,WH0010,SKU0000098,01/27/2026 21:55,-5,Shrinkage,controller
ADJ00000523,WH0016,SKU0000521,2026-03-02 23:33:30,-25,Found Inventory,
ADJ00000524,WH0011,SKU0000367,04/17/2026 19:41,-5,Found Inventory,
ADJ00000525,WH0025,SKU0000129,2026-04-16 15:48:24,5,Cycle Count,ops_lead
ADJ00000526,WH0021,SKU0000628,05/08/2026 01:29,10,Shrinkage,controller
ADJ00000527,WH0014,SKU0000636,01/29/2026 07:44,bad,System Correction,mgr_1
ADJ00000528,WH0020,SKU0000093,02/05/2026 10:09,10,Found Inventory,
ADJ00000529,WH0020,SKU0000487,03/16/2026 23:41,bad,Found Inventory,mgr_2
ADJ00000530,WH0022,SKU0000650,2026-03-24 06:56:09,5,Damage,
ADJ00000531,WH0018,SKU0000171,2026-03-05 06:47:04,-5,System Correction,
ADJ00000532,WH0014,SKU0000295,02/06/2026 02:30,-25,Shrinkage,
ADJ00000533,WH0004,SKU0000277,04/08/2026 02:40,bad,System Correction,controller
ADJ00000534,WH0020,SKU0000557,04/15/2026 01:42,bad,Found Inventory,controller
ADJ00000535,WH0012,SKU0000539,02/16/2026 16:44,-50,Shrinkage,
ADJ00000536,WH0013,SKU0000290,03/11/2026 10:48,-25,System Correction,mgr_1
ADJ00000537,WH0018,SKU0000330,05/20/2026 00:27,10,Shrinkage,controller
ADJ00000538,WH0001,SKU0000498,2026-03-08 22:31:16,-25,Cycle Count,mgr_1
ADJ00000539,WH0004,SKU0000424,2026-01-06 23:37:11,25,System Correction,
ADJ00000540,WH0017,SKU0000632,03/15/2026 20:56,5,Damage,mgr_1
ADJ00000541,WH0023,SKU0000219,01/26/2026 00:06,50,Found Inventory,ops_lead
ADJ00000542,WH0015,SKU0000298,2026-05-19 18:18:32,25,System Correction,
ADJ00000543,WH0012,SKU0000377,2026-04-09 20:01:15,-25,Shrinkage,
ADJ00000544,WH0012,SKU0000026,01/31/2026 14:31,10,System Correction,mgr_2
ADJ00000545,WH0002,SKU0000157,05/02/2026 21:32,10,Shrinkage,ops_lead
ADJ00000546,WH0008,SKU0000338,03/02/2026 03:32,-10,Cycle Count,controller
ADJ00000547,WH0014,SKU0000383,2026-03-22 10:37:05,10,Shrinkage,controller
ADJ00000548,WH0025,SKU0000061,2026-02-24 10:12:44,5,System Correction,
ADJ00000549,WH0012,SKU0000576,04/06/2026 18:30,-50,Shrinkage,ops_lead
ADJ00000550,WH0017,SKU0000368,2026-04-04 20:36:44,5,Found Inventory,mgr_1
ADJ00000551,WH0015,SKU0000667,02/23/2026 22:05,25,System Correction,ops_lead
ADJ00000552,WH0002,SKU0000576,2026-04-12 12:10:20,50,Cycle Count,controller
ADJ00000553,WH0006,SKU0000066,04/28/2026 22:43,10,Found Inventory,
ADJ00000554,WH0023,SKU0000354,2026-01-12 04:59:18,25,Cycle Count,mgr_2
ADJ00000555,WH0005,SKU0000404,2026-04-03 17:07:18,25,Found Inventory,mgr_1
ADJ00000556,WH0015,SKU0000439,01/16/2026 05:19,50,Shrinkage,ops_lead
ADJ00000557,WH0001,SKU0000153,04/24/2026 17:45,bad,Shrinkage,mgr_2
ADJ00000558,WH0010,SKU0000322,05/06/2026 19:29,5,Damage,ops_lead
ADJ00000559,WH0012,SKU0000508,2026-04-16 16:20:59,-5,Damage,ops_lead
ADJ00000560,WH0022,SKU0000387,05/23/2026 21:28,-50,System Correction,ops_lead
ADJ00000561,WH0023,SKU0000029,2026-01-06 14:39:48,-10,Shrinkage,controller
ADJ00000562,WH0010,SKU0000366,01/04/2026 15:04,bad,Damage,ops_lead
ADJ00000563,WH0021,SKU0000325,01/21/2026 06:43,10,Found Inventory,ops_lead
ADJ00000564,WH0018,SKU0000198,01/14/2026 16:54,25,Found Inventory,mgr_2
ADJ00000565,WH0021,SKU0000542,04/19/2026 07:42,-10,Damage,mgr_2
ADJ00000566,WH0025,SKU0000277,05/28/2026 17:34,50,Cycle Count,controller
ADJ00000567,WH0009,SKU0000239,02/22/2026 01:42,50,Cycle Count,mgr_1
ADJ00000568,WH0004,SKU0000580,04/17/2026 17:31,-5,System Correction,
ADJ00000569,WH0006,SKU0000510,05/27/2026 11:57,-5,Cycle Count,ops_lead
ADJ00000570,WH0025,SKU0000516,01/09/2026 14:28,-25,Cycle Count,
ADJ00000571,WH0025,SKU0000452,2026-05-24 23:12:10,50,Damage,mgr_1
ADJ00000572,WH0003,SKU0000603,2026-01-20 03:12:15,50,Found Inventory,mgr_1
ADJ00000573,WH0008,SKU0000549,01/05/2026 15:58,10,System Correction,controller
ADJ00000574,WH0022,SKU0000627,02/03/2026 05:52,-10,Damage,mgr_2
ADJ00000575,WH0015,SKU0000101,01/19/2026 09:33,-25,Cycle Count,ops_lead
ADJ00000576,WH0015,SKU0000515,04/11/2026 17:43,10,Found Inventory,mgr_1
ADJ00000577,WH0013,SKU0000371,05/23/2026 05:33,10,System Correction,
ADJ00000578,WH0009,SKU0000269,2026-02-25 04:41:05,-5,Cycle Count,
ADJ00000579,WH0017,SKU0000049,05/31/2026 16:57,-50,Cycle Count,controller
ADJ00000580,WH0004,SKU0000072,2026-03-09 01:12:04,bad,Shrinkage,mgr_2
ADJ00000581,WH0016,SKU0000504,2026-03-20 03:30:31,-10,Found Inventory,controller
ADJ00000582,WH0019,SKU0000546,02/07/2026 12:43,bad,Cycle Count,mgr_2
ADJ00000583,WH0006,SKU0000015,2026-03-05 10:37:38,-25,Cycle Count,mgr_1
ADJ00000584,WH0011,SKU0000390,04/27/2026 03:18,-25,Cycle Count,ops_lead
ADJ00000585,WH0025,SKU0000568,2026-05-22 10:37:21,-10,Cycle Count,mgr_2
ADJ00000586,WH0021,SKU0000133,03/06/2026 08:24,-10,Damage,ops_lead
ADJ00000587,WH0011,SKU0000498,2026-01-02 13:47:26,-25,System Correction,
ADJ00000588,WH0014,SKU0000402,2026-02-27 17:48:01,-25,Found Inventory,mgr_1
ADJ00000589,WH0023,SKU0000484,2026-05-11 02:25:46,-50,System Correction,controller
ADJ00000590,WH0025,SKU0000009,01/27/2026 00:15,25,Found Inventory,mgr_2
ADJ00000591,WH0023,SKU0000315,2026-01-25 02:37:42,5,Shrinkage,ops_lead
ADJ00000592,WH0015,SKU0000555,2026-04-19 07:15:54,-25,Shrinkage,mgr_1
ADJ00000593,WH0004,SKU0000433,02/23/2026 22:49,-5,Found Inventory,controller
ADJ00000594,WH0017,SKU0000540,2026-02-23 00:13:06,bad,Found Inventory,ops_lead
ADJ00000595,WH0003,SKU0000339,2026-03-19 10:09:17,5,System Correction,mgr_2
ADJ00000596,WH0014,SKU0000351,05/03/2026 22:00,-10,System Correction,
ADJ00000597,WH0012,SKU0000192,2026-02-06 09:10:39,25,System Correction,controller
ADJ00000598,WH0005,SKU0000533,2026-02-14 06:18:16,bad,Found Inventory,controller
ADJ00000599,WH0007,SKU0000334,2026-03-27 06:45:30,25,Found Inventory,controller
ADJ00000600,WH0001,SKU0000355,2026-01-29 20:17:16,50,Damage,
ADJ00000601,WH0011,SKU0000026,05/22/2026 13:58,bad,Found Inventory,
ADJ00000602,WH0006,SKU0000432,2026-02-26 13:33:55,10,Damage,mgr_2
ADJ00000603,WH0002,SKU0000112,03/03/2026 04:52,50,System Correction,controller
ADJ00000604,WH0017,SKU0000348,2026-01-31 17:15:01,-5,Damage,ops_lead
ADJ00000605,WH0014,SKU0000172,2026-04-21 15:37:11,10,System Correction,controller
ADJ00000606,WH0012,SKU0000362,03/20/2026 17:04,bad,Found Inventory,
ADJ00000607,WH0022,SKU0000597,05/28/2026 02:35,bad,Damage,mgr_2
ADJ00000608,WH0003,SKU0000237,2026-03-05 05:08:09,bad,Shrinkage,controller
ADJ00000609,WH0005,SKU0000520,2026-04-19 03:10:22,-10,Cycle Count,
ADJ00000610,WH0020,SKU0000015,05/23/2026 21:16,25,Damage,mgr_2
ADJ00000611,WH0014,SKU0000338,05/08/2026 02:00,25,Found Inventory,mgr_2
ADJ00000612,WH0021,SKU0000037,02/19/2026 12:10,5,Damage,controller
ADJ00000613,WH0024,SKU0000589,2026-03-23 12:08:44,5,System Correction,
ADJ00000614,WH0020,SKU0000227,03/13/2026 20:58,-25,Found Inventory,
ADJ00000615,WH0012,SKU0000253,2026-03-02 17:57:25,-10,Cycle Count,ops_lead
ADJ00000616,WH0008,SKU0000409,03/01/2026 02:37,-10,System Correction,
ADJ00000617,WH0024,SKU0000023,2026-05-08 08:34:38,-50,Found Inventory,
ADJ00000618,WH0016,SKU0000277,2026-02-12 23:28:42,5,System Correction,mgr_2
ADJ00000619,WH0015,SKU0000152,2026-04-08 18:17:52,-10,Cycle Count,
ADJ00000620,WH0005,SKU0000016,02/14/2026 21:33,-25,Damage,ops_lead
ADJ00000621,WH0012,SKU0000649,2026-01-19 00:38:22,10,Found Inventory,controller
ADJ00000622,WH0021,SKU0000120,02/01/2026 22:04,-10,Found Inventory,mgr_1
ADJ00000623,WH0006,SKU0000002,2026-05-18 02:23:57,50,Shrinkage,controller
ADJ00000624,WH0019,SKU0000258,03/04/2026 08:46,50,Cycle Count,mgr_2
ADJ00000625,WH0009,SKU0000673,2026-02-13 11:02:13,50,System Correction,mgr_1
ADJ00000626,WH0017,SKU0000111,01/10/2026 22:06,-10,Damage,controller
ADJ00000627,WH0006,SKU0000469,03/01/2026 07:27,-50,System Correction,ops_lead
ADJ00000628,WH0018,SKU0000483,2026-05-06 02:25:10,bad,System Correction,mgr_2
ADJ00000629,WH0006,SKU0000213,2026-04-24 05:28:31,5,Cycle Count,mgr_2
ADJ00000630,WH0008,SKU0000200,2026-01-23 22:32:00,5,System Correction,controller
ADJ00000631,WH0004,SKU0000621,2026-04-28 14:49:55,-10,Shrinkage,
ADJ00000632,WH0010,SKU0000360,2026-05-02 07:39:07,50,Found Inventory,
ADJ00000633,WH0009,SKU0000545,2026-01-27 01:09:43,bad,Cycle Count,mgr_2
ADJ00000634,WH0004,SKU0000311,02/05/2026 00:15,50,Found Inventory,controller
ADJ00000635,WH0008,SKU0000037,05/15/2026 18:09,bad,System Correction,mgr_2
ADJ00000636,WH0017,SKU0000099,2026-02-26 17:48:01,bad,Shrinkage,
ADJ00000637,WH0007,SKU0000247,01/03/2026 13:02,-5,Cycle Count,ops_lead
ADJ00000638,WH0019,SKU0000115,2026-03-29 20:20:39,5,Found Inventory,controller
ADJ00000639,WH0014,SKU0000097,2026-03-26 01:27:31,-50,Damage,controller
ADJ00000640,WH0022,SKU0000081,03/08/2026 00:05,-25,Shrinkage,mgr_1
ADJ00000641,WH0014,SKU0000372,2026-02-08 08:10:32,-50,Found Inventory,mgr_1
ADJ00000642,WH0001,SKU0000612,02/20/2026 09:03,50,Shrinkage,ops_lead
ADJ00000643,WH0015,SKU_UNKNOWN,2026-03-26 12:53:15,5,Found Inventory,ops_lead
ADJ00000644,WH0024,SKU0000161,2026-05-04 20:40:54,-10,Shrinkage,controller
ADJ00000645,WH0008,SKU0000139,04/08/2026 17:44,-10,System Correction,mgr_1
ADJ00000646,WH0024,SKU0000420,2026-05-31 19:17:08,bad,Found Inventory,
ADJ00000647,WH0023,SKU0000203,03/20/2026 01:05,5,System Correction,controller
ADJ00000648,WH0018,SKU0000466,2026-05-20 05:44:59,-25,Found Inventory,controller
ADJ00000649,WH0023,SKU0000080,03/10/2026 19:08,10,Shrinkage,
ADJ00000650,WH0008,SKU0000269,2026-05-20 10:18:29,-25,Shrinkage,ops_lead
ADJ00000651,WH0012,SKU0000026,04/10/2026 01:11,50,System Correction,ops_lead
ADJ00000652,WH0011,SKU0000132,05/17/2026 11:17,-25,Cycle Count,
ADJ00000653,WH0005,SKU0000456,2026-02-28 21:15:17,-25,Shrinkage,controller
ADJ00000654,WH0016,SKU0000216,05/16/2026 00:41,-25,Shrinkage,controller
ADJ00000655,WH0007,SKU0000656,2026-05-02 02:15:16,-5,Found Inventory,controller
ADJ00000656,WH0009,SKU0000346,04/29/2026 17:03,50,Shrinkage,
ADJ00000657,WH0016,SKU0000442,2026-03-09 18:43:00,25,Cycle Count,controller
ADJ00000658,WH0016,SKU0000139,2026-02-13 12:58:56,-25,Cycle Count,mgr_1
ADJ00000659,WH0013,SKU0000083,05/23/2026 18:18,-25,Found Inventory,mgr_2
ADJ00000660,WH0025,SKU0000190,05/03/2026 15:34,-5,Cycle Count,controller
ADJ00000661,WH0013,SKU0000613,2026-01-08 12:40:30,bad,Found Inventory,ops_lead
ADJ00000662,WH0023,SKU0000232,2026-03-06 13:17:04,-25,Cycle Count,controller
ADJ00000663,WH0013,SKU0000521,2026-03-07 11:43:35,-25,Shrinkage,
ADJ00000664,WH0015,SKU0000313,01/18/2026 04:08,5,Found Inventory,mgr_2
ADJ00000665,WH0017,SKU0000558,2026-05-15 11:06:04,-25,System Correction,ops_lead
ADJ00000666,WH0006,SKU0000011,2026-04-27 04:21:52,5,Damage,
ADJ00000667,WH0010,SKU0000092,2026-03-27 19:45:36,-5,Found Inventory,ops_lead
ADJ00000668,WH0014,SKU0000447,2026-04-24 16:42:05,-10,Found Inventory,ops_lead
ADJ00000669,WH0021,SKU0000369,02/03/2026 13:58,-25,System Correction,controller
ADJ00000670,WH0015,SKU0000307,2026-05-04 23:28:53,25,Shrinkage,mgr_2
ADJ00000671,WH0011,SKU0000539,03/07/2026 11:56,-10,Cycle Count,
ADJ00000672,WH0022,SKU0000396,2026-04-26 00:05:57,-50,System Correction,ops_lead
ADJ00000673,WH0023,SKU0000298,05/15/2026 07:15,bad,Cycle Count,mgr_1
ADJ00000674,WH0017,SKU0000313,2026-01-19 00:02:22,-5,Shrinkage,mgr_2
ADJ00000675,WH0018,SKU0000335,2026-01-22 01:04:33,50,Shrinkage,ops_lead
ADJ00000676,WH0022,SKU0000039,2026-05-05 12:10:55,-10,Cycle Count,
ADJ00000677,WH0003,SKU0000057,03/03/2026 22:56,50,Cycle Count,mgr_2
ADJ00000678,WH0025,SKU0000483,2026-05-01 17:18:39,-50,Shrinkage,
ADJ00000679,WH0023,SKU0000036,2026-02-22 21:21:33,-10,Damage,mgr_2
ADJ00000680,WH0008,SKU0000033,2026-02-19 09:39:56,5,System Correction,mgr_2
ADJ00000681,WH0005,SKU0000568,01/31/2026 13:18,25,Found Inventory,
ADJ00000682,WH0004,SKU0000135,2026-02-19 18:39:12,10,Cycle Count,ops_lead
ADJ00000683,WH0012,SKU0000277,2026-05-02 12:44:15,-10,Cycle Count,
ADJ00000684,WH0017,SKU0000382,2026-03-02 07:43:14,5,Damage,controller
ADJ00000685,WH0016,SKU0000089,01/30/2026 20:41,bad,Cycle Count,mgr_2
ADJ00000686,WH0010,SKU0000327,2026-01-23 00:21:41,-50,System Correction,mgr_1
ADJ00000687,WH0002,SKU0000063,2026-04-01 10:55:30,25,Damage,mgr_2
ADJ00000688,WH0002,SKU0000012,04/05/2026 00:39,-10,Cycle Count,mgr_1
ADJ00000689,WH0007,SKU0000483,05/08/2026 09:39,-5,Shrinkage,mgr_1
ADJ00000690,WH0003,SKU0000133,03/17/2026 08:00,25,Cycle Count,mgr_2
ADJ00000691,WH0022,SKU0000423,04/19/2026 09:17,50,Damage,
ADJ00000692,WH0013,SKU0000685,04/28/2026 19:59,-5,Damage,mgr_2
ADJ00000693,WH0007,SKU0000385,2026-04-26 15:17:55,-25,Cycle Count,
ADJ00000694,WH0024,SKU0000558,2026-03-15 17:49:10,-25,Damage,mgr_2
ADJ00000695,WH0006,SKU0000674,03/04/2026 12:46,5,Cycle Count,ops_lead
ADJ00000696,WH0025,SKU0000204,2026-03-27 14:21:47,50,Found Inventory,controller
ADJ00000697,WH0013,SKU0000591,04/20/2026 19:04,-10,Shrinkage,mgr_1
ADJ00000698,WH0018,SKU0000229,02/13/2026 22:09,25,System Correction,mgr_1
ADJ00000699,WH0010,SKU0000326,2026-03-21 20:35:23,10,Cycle Count,mgr_1
ADJ00000700,WH0010,SKU0000689,2026-03-28 09:23:49,5,System Correction,mgr_1
ADJ00000701,WH0019,SKU0000553,03/13/2026 03:59,bad,System Correction,mgr_1
ADJ00000702,WH0022,SKU0000152,03/08/2026 10:19,-5,Damage,
ADJ00000703,WH0017,SKU0000456,2026-01-27 04:46:14,-25,Found Inventory,mgr_1
ADJ00000704,WH0019,SKU0000301,04/11/2026 03:10,50,System Correction,mgr_2
ADJ00000705,WH0015,SKU0000671,2026-02-12 09:12:36,50,Damage,mgr_2
ADJ00000706,WH0010,SKU0000682,01/10/2026 09:36,bad,Found Inventory,mgr_1
ADJ00000707,WH0012,SKU0000516,2026-01-28 00:31:55,50,Shrinkage,
ADJ00000708,WH0011,SKU0000429,02/06/2026 19:31,-10,System Correction,controller
ADJ00000709,WH0018,SKU0000338,03/10/2026 07:58,10,Cycle Count,controller
ADJ00000710,WH0003,SKU0000660,03/21/2026 16:28,5,System Correction,
ADJ00000711,WH0005,SKU0000149,05/06/2026 08:06,25,Damage,mgr_1
ADJ00000712,WH0004,SKU0000682,2026-02-26 18:34:26,-10,System Correction,mgr_1
ADJ00000713,WH0013,SKU0000386,04/08/2026 10:57,-50,System Correction,
ADJ00000714,WH0007,SKU0000519,2026-02-02 13:11:32,10,System Correction,mgr_2
ADJ00000715,WH0017,SKU0000384,2026-03-19 12:44:13,-25,Damage,
ADJ00000716,WH0023,SKU0000441,01/30/2026 10:24,bad,Damage,controller
ADJ00000717,WH0006,SKU0000026,02/16/2026 22:48,10,Shrinkage,ops_lead
ADJ00000718,WH0016,SKU0000474,05/15/2026 20:47,10,Found Inventory,mgr_2
ADJ00000719,WH0018,SKU0000541,2026-04-04 22:05:22,-5,Found Inventory,ops_lead
ADJ00000720,WH0003,SKU0000321,04/08/2026 10:57,10,Damage,mgr_1
ADJ00000721,WH0024,SKU0000114,2026-05-13 14:00:49,-5,Cycle Count,controller
ADJ00000722,WH0008,SKU0000388,03/29/2026 05:27,-25,Shrinkage,mgr_2
ADJ00000723,WH0015,SKU0000025,2026-01-07 03:27:21,-10,System Correction,mgr_1
ADJ00000724,WH0003,SKU0000628,02/10/2026 18:18,10,System Correction,
ADJ00000725,WH0014,SKU0000053,01/03/2026 01:05,10,Damage,controller
ADJ00000726,WH0012,SKU0000050,02/10/2026 06:15,-25,Damage,mgr_2
ADJ00000727,WH0012,SKU0000378,2026-02-07 16:41:59,10,Damage,mgr_2
ADJ00000728,WH0017,SKU0000506,01/02/2026 01:57,50,Shrinkage,
ADJ00000729,WH0004,SKU0000034,2026-02-13 15:26:52,bad,Found Inventory,mgr_1
ADJ00000730,WH0010,SKU0000197,03/05/2026 16:13,25,Found Inventory,mgr_1
ADJ00000731,WH0004,SKU0000025,01/06/2026 18:38,-5,System Correction,controller
ADJ00000732,WH0008,SKU0000031,2026-01-15 12:09:49,-5,Cycle Count,
ADJ00000733,WH0013,SKU0000158,01/11/2026 21:18,-10,Found Inventory,mgr_1
ADJ00000734,WH0001,SKU0000353,2026-01-31 01:59:47,5,Damage,
ADJ00000735,WH0023,SKU0000489,04/06/2026 02:44,bad,Cycle Count,controller
ADJ00000736,WH0004,SKU0000068,03/09/2026 09:54,-50,Damage,ops_lead
ADJ00000737,WH0014,SKU0000093,2026-05-14 23:43:46,bad,Found Inventory,mgr_1
ADJ00000738,WH0001,SKU0000574,2026-03-29 04:36:32,5,Shrinkage,mgr_2
ADJ00000739,WH0012,SKU0000572,04/21/2026 13:20,25,System Correction,
ADJ00000740,WH0019,SKU0000419,02/16/2026 17:15,10,Damage,controller
ADJ00000741,WH0006,SKU0000476,2026-04-14 08:16:24,25,Found Inventory,
ADJ00000742,WH0016,SKU0000676,2026-05-14 17:44:08,-25,Cycle Count,mgr_2
ADJ00000743,WH0014,SKU0000563,01/17/2026 16:07,50,System Correction,controller
ADJ00000744,WH0021,SKU0000636,03/26/2026 18:41,25,Found Inventory,controller
ADJ00000745,WH0009,SKU0000606,01/23/2026 23:25,-25,Damage,mgr_1
ADJ00000746,WH0009,SKU0000237,2026-04-03 16:04:31,-25,Cycle Count,mgr_2
ADJ00000747,WH0008,SKU0000250,04/25/2026 15:02,-25,Damage,controller
ADJ00000748,WH0010,SKU0000494,2026-05-07 17:21:23,-25,Cycle Count,
ADJ00000749,WH0004,SKU0000013,05/09/2026 02:32,-10,Damage,mgr_2
ADJ00000750,WH0001,SKU0000250,02/13/2026 21:40,10,Damage,controller
ADJ00000751,WH0019,SKU0000666,2026-02-23 23:14:39,10,Damage,ops_lead
ADJ00000752,WH0013,SKU0000527,05/27/2026 03:37,bad,System Correction,mgr_2
ADJ00000753,WH0004,SKU0000230,04/17/2026 21:03,50,Damage,ops_lead
ADJ00000754,WH0016,SKU0000095,03/26/2026 14:56,10,Shrinkage,mgr_1
ADJ00000755,WH0013,SKU0000444,2026-05-22 21:32:38,-5,Cycle Count,controller
ADJ00000756,WH0007,SKU0000064,02/24/2026 05:28,bad,Found Inventory,
ADJ00000757,WH0023,SKU0000055,02/04/2026 19:12,bad,System Correction,mgr_1
ADJ00000758,WH0004,SKU0000638,01/27/2026 00:34,10,Cycle Count,ops_lead
ADJ00000759,WH0012,SKU0000677,01/30/2026 04:26,25,System Correction,ops_lead
ADJ00000760,WH0015,SKU0000105,2026-01-20 22:29:37,25,Damage,mgr_1
ADJ00000761,WH0025,SKU0000001,2026-05-23 13:26:15,bad,Found Inventory,controller
ADJ00000762,WH0021,SKU0000229,03/28/2026 18:21,bad,Damage,mgr_1
ADJ00000763,WH0008,SKU0000571,2026-01-21 05:55:13,-50,Cycle Count,mgr_1
ADJ00000764,WH0013,SKU0000276,2026-02-06 16:41:56,-50,Damage,ops_lead
ADJ00000765,WH0021,SKU0000463,02/22/2026 04:22,-5,Shrinkage,ops_lead
ADJ00000766,WH0021,SKU0000682,2026-04-19 06:00:01,-10,System Correction,mgr_1
ADJ00000767,WH0012,SKU0000478,2026-03-19 20:47:27,bad,Found Inventory,controller
ADJ00000768,WH0012,SKU0000373,2026-02-25 09:57:28,50,Found Inventory,ops_lead
ADJ00000769,WH0014,SKU0000462,2026-05-26 12:10:38,50,Cycle Count,mgr_2
ADJ00000770,WH0017,SKU0000310,01/07/2026 20:24,5,Cycle Count,
ADJ00000771,WH0011,SKU0000016,2026-04-12 19:57:46,-50,System Correction,ops_lead
ADJ00000772,WH0003,SKU0000181,2026-04-02 17:06:40,-10,Damage,mgr_1
ADJ00000773,WH0002,SKU0000210,2026-03-19 04:37:07,-25,Damage,ops_lead
ADJ00000774,WH0019,SKU0000205,2026-01-18 23:32:33,-10,Found Inventory,mgr_1
ADJ00000775,WH0013,SKU0000040,02/14/2026 06:49,-10,Shrinkage,controller
ADJ00000776,WH0021,SKU0000581,2026-04-07 04:22:24,10,Shrinkage,controller
ADJ00000777,WH0013,SKU0000260,2026-03-07 04:08:38,-10,Found Inventory,controller
ADJ00000778,WH0010,SKU0000190,01/23/2026 06:47,10,System Correction,controller
ADJ00000779,WH0008,SKU0000462,2026-01-30 10:40:46,-50,Cycle Count,controller
ADJ00000780,WH0005,SKU0000400,01/17/2026 02:20,10,Found Inventory,mgr_2
ADJ00000781,WH0010,SKU0000616,05/08/2026 01:15,-10,Cycle Count,
ADJ00000782,WH0006,SKU0000248,2026-02-19 18:59:34,10,System Correction,controller
ADJ00000783,WH0015,SKU0000081,04/03/2026 22:42,bad,Damage,mgr_2
ADJ00000784,WH0007,SKU0000453,04/30/2026 03:08,10,Cycle Count,
ADJ00000785,WH0012,SKU0000676,2026-03-26 01:18:50,-10,Cycle Count,mgr_2
ADJ00000786,WH0014,SKU0000513,03/15/2026 00:19,-5,Damage,ops_lead
ADJ00000787,WH0020,SKU0000408,05/21/2026 06:47,10,Damage,controller
ADJ00000788,WH0011,SKU0000072,2026-03-03 23:04:47,50,Shrinkage,ops_lead
ADJ00000789,WH0008,SKU0000164,05/01/2026 18:37,25,Damage,mgr_1
ADJ00000790,WH0018,SKU0000640,01/16/2026 14:21,5,Cycle Count,mgr_1
ADJ00000791,WH0005,SKU0000186,2026-05-17 22:53:26,5,System Correction,mgr_1
ADJ00000792,WH0024,SKU0000410,02/16/2026 14:38,bad,System Correction,ops_lead
ADJ00000793,WH0014,SKU0000357,04/15/2026 05:39,25,Cycle Count,controller
ADJ00000794,WH0006,SKU0000655,05/09/2026 13:12,5,Damage,controller
ADJ00000795,WH0007,SKU0000085,2026-01-03 11:09:23,-25,Found Inventory,mgr_1
ADJ00000796,WH0005,SKU0000354,2026-03-27 16:55:13,50,Found Inventory,ops_lead
ADJ00000797,WH0006,SKU0000630,04/14/2026 20:00,-5,System Correction,mgr_1
ADJ00000798,WH0022,SKU0000121,01/19/2026 23:47,-10,Shrinkage,ops_lead
ADJ00000799,WH0001,SKU0000006,2026-02-14 12:47:00,25,Damage,mgr_2
ADJ00000800,WH0008,SKU0000177,04/01/2026 17:44,25,Damage,
ADJ00000801,WH0005,SKU0000396,2026-03-25 15:17:04,10,System Correction,controller
ADJ00000802,WH0002,SKU0000671,03/02/2026 20:39,10,Cycle Count,ops_lead
ADJ00000803,WH0025,SKU0000534,2026-05-21 05:38:40,-25,Found Inventory,mgr_2
ADJ00000804,WH_UNKNOWN,SKU0000123,05/24/2026 00:40,50,Shrinkage,mgr_1
ADJ00000805,WH0009,SKU0000631,03/21/2026 14:46,25,Found Inventory,mgr_2
ADJ00000806,WH0003,SKU0000201,2026-05-31 14:48:33,bad,Damage,
ADJ00000807,WH0013,SKU0000246,04/08/2026 15:48,-5,Damage,mgr_2
ADJ00000808,WH0004,SKU0000666,2026-01-03 19:11:23,25,Cycle Count,controller
ADJ00000809,WH0011,SKU0000043,2026-01-12 16:28:35,5,Damage,mgr_1
ADJ00000810,WH0009,SKU0000067,01/24/2026 13:52,-50,Found Inventory,ops_lead
ADJ00000811,WH0010,SKU0000246,2026-03-21 21:09:15,5,Found Inventory,
ADJ00000812,WH0006,SKU0000532,2026-03-23 07:27:48,-50,Cycle Count,mgr_2
ADJ00000813,WH_UNKNOWN,SKU0000499,2026-01-21 10:05:28,-50,Shrinkage,ops_lead
ADJ00000814,WH0002,SKU0000539,2026-04-25 06:54:01,-10,Cycle Count,mgr_1
ADJ00000815,WH0010,SKU0000662,03/10/2026 01:09,-5,Damage,
ADJ00000816,WH0024,SKU0000551,2026-03-26 11:11:17,10,Shrinkage,mgr_2
ADJ00000817,WH0001,SKU0000400,2026-04-07 18:28:22,10,Found Inventory,ops_lead
ADJ00000818,WH0018,SKU0000042,02/25/2026 15:09,-25,System Correction,mgr_2
ADJ00000819,WH0023,SKU0000690,04/03/2026 16:47,-10,Cycle Count,controller
ADJ00000820,WH0024,SKU0000445,2026-02-23 09:23:07,50,Damage,mgr_1
ADJ00000821,WH0009,SKU0000455,05/21/2026 12:58,-5,Shrinkage,controller
ADJ00000822,WH0019,SKU0000571,2026-05-15 23:53:34,5,Cycle Count,
ADJ00000823,WH0001,SKU0000276,02/28/2026 03:45,50,System Correction,controller
ADJ00000824,WH0024,SKU0000025,03/31/2026 20:23,50,Cycle Count,
ADJ00000825,WH0025,SKU0000388,01/25/2026 10:55,-50,System Correction,mgr_1
ADJ00000826,WH0023,SKU0000616,03/20/2026 23:23,5,Shrinkage,mgr_2
ADJ00000827,WH0017,SKU0000037,05/23/2026 21:36,10,Shrinkage,controller
ADJ00000828,WH0020,SKU0000363,05/09/2026 01:18,50,Damage,mgr_1
ADJ00000829,WH0004,SKU0000371,2026-05-05 20:06:52,-10,Cycle Count,mgr_2
ADJ00000830,WH0024,SKU0000587,03/14/2026 03:08,-50,Damage,mgr_1
ADJ00000831,WH0014,SKU0000200,2026-02-16 13:51:49,50,System Correction,mgr_1
ADJ00000832,WH0001,SKU0000135,01/25/2026 07:55,bad,Shrinkage,ops_lead
ADJ00000833,WH0006,SKU0000507,2026-01-30 18:55:52,-50,Cycle Count,
ADJ00000834,WH0012,SKU0000459,01/05/2026 12:59,-50,Damage,controller
ADJ00000835,WH0002,SKU0000380,03/01/2026 08:52,10,Damage,mgr_2
ADJ00000836,WH0010,SKU0000295,2026-05-21 12:28:30,-10,Found Inventory,ops_lead
ADJ00000837,WH0010,SKU0000078,2026-05-27 22:06:06,-5,Damage,mgr_2
ADJ00000838,WH0013,SKU0000561,03/22/2026 04:43,-5,Damage,mgr_2
ADJ00000839,WH0002,SKU0000171,05/08/2026 23:32,5,System Correction,mgr_1
ADJ00000840,WH0025,SKU0000265,2026-02-16 23:27:54,-5,System Correction,mgr_1
ADJ00000841,WH0005,SKU0000233,05/17/2026 17:45,bad,Found Inventory,ops_lead
ADJ00000842,WH0018,SKU0000346,03/29/2026 19:14,50,Cycle Count,controller
ADJ00000843,WH0020,SKU0000431,04/01/2026 22:24,-25,System Correction,mgr_2
ADJ00000844,WH0007,SKU0000615,03/15/2026 08:04,-50,System Correction,controller
ADJ00000845,WH0020,SKU0000230,01/31/2026 22:46,10,Shrinkage,
ADJ00000846,WH0014,SKU0000386,2026-04-15 03:34:37,-5,Shrinkage,mgr_1
ADJ00000847,WH0024,SKU0000028,2026-02-09 17:46:51,25,Cycle Count,mgr_2
ADJ00000848,WH0021,SKU0000583,03/30/2026 19:07,10,Shrinkage,
ADJ00000849,WH0006,SKU0000687,02/13/2026 05:39,50,Cycle Count,controller
ADJ00000850,WH0017,SKU0000266,2026-05-26 09:27:37,5,System Correction,ops_lead
ADJ00000851,WH0019,SKU0000068,04/12/2026 13:17,5,Damage,ops_lead
ADJ00000852,WH0013,SKU0000110,04/25/2026 08:22,5,System Correction,
ADJ00000853,WH0012,SKU0000386,03/11/2026 00:12,-50,Cycle Count,controller
ADJ00000854,WH0019,SKU0000039,02/07/2026 23:44,-25,Damage,mgr_1
ADJ00000855,WH0008,SKU0000232,2026-04-13 17:32:48,10,Shrinkage,controller
ADJ00000856,WH0010,SKU0000301,2026-03-29 02:38:51,10,Cycle Count,
ADJ00000857,WH0001,SKU0000597,2026-04-07 15:47:07,-10,Damage,mgr_2
ADJ00000858,WH0008,SKU0000041,04/13/2026 05:41,25,Cycle Count,mgr_2
ADJ00000859,WH0017,SKU0000336,02/20/2026 18:36,-10,Shrinkage,mgr_1
ADJ00000860,WH0011,SKU0000588,04/02/2026 10:30,-5,Cycle Count,ops_lead
ADJ00000861,WH0013,SKU0000650,2026-04-18 23:43:05,5,Shrinkage,
ADJ00000862,WH0024,SKU0000240,2026-05-17 09:23:45,-50,System Correction,ops_lead
ADJ00000863,WH0005,SKU0000059,2026-02-08 08:52:48,-50,Damage,mgr_1
ADJ00000864,WH0017,SKU0000199,04/24/2026 13:50,-25,System Correction,
ADJ00000865,WH0024,SKU0000206,01/31/2026 17:54,25,System Correction,controller
ADJ00000866,WH0022,SKU0000297,2026-01-02 22:59:10,bad,System Correction,ops_lead
ADJ00000867,WH0009,SKU0000315,01/18/2026 22:35,10,Shrinkage,
ADJ00000868,WH0023,SKU0000655,2026-03-11 20:45:06,-50,Cycle Count,mgr_2
ADJ00000869,WH0020,SKU0000458,05/12/2026 12:49,bad,Cycle Count,controller
ADJ00000870,WH0022,SKU0000520,2026-02-16 14:56:20,-25,Shrinkage,mgr_2
ADJ00000871,WH0017,SKU0000133,2026-03-01 17:08:31,-5,Shrinkage,
ADJ00000872,WH0007,SKU0000373,2026-05-30 04:35:01,-5,System Correction,mgr_1
ADJ00000873,WH0006,SKU0000680,02/06/2026 03:46,5,Shrinkage,controller
ADJ00000874,WH0015,SKU0000030,2026-01-07 11:18:05,-5,Found Inventory,mgr_2
ADJ00000875,WH0001,SKU0000372,01/30/2026 20:46,10,Cycle Count,controller
ADJ00000876,WH0015,SKU0000520,2026-04-08 08:47:46,bad,Damage,ops_lead
ADJ00000877,WH0025,SKU0000290,04/19/2026 03:13,bad,Damage,mgr_1
ADJ00000878,WH0015,SKU0000548,2026-03-18 04:44:30,-50,Cycle Count,
ADJ00000879,WH0006,SKU0000347,04/22/2026 02:28,50,Cycle Count,mgr_2
ADJ00000880,WH0003,SKU0000669,05/18/2026 21:21,-5,Cycle Count,mgr_2
ADJ00000881,WH0002,SKU0000339,04/14/2026 16:58,5,Damage,mgr_2
ADJ00000882,WH0017,SKU0000493,05/27/2026 23:57,5,Shrinkage,ops_lead
ADJ00000883,WH0015,SKU0000052,05/31/2026 02:22,50,Found Inventory,ops_lead
ADJ00000884,WH0011,SKU0000451,03/30/2026 04:09,bad,Damage,ops_lead
ADJ00000885,WH0010,SKU0000674,2026-04-05 19:23:57,25,Damage,
ADJ00000886,WH0024,SKU0000459,04/08/2026 07:21,-50,System Correction,ops_lead
ADJ00000887,WH0015,SKU0000196,03/02/2026 03:11,-10,Found Inventory,ops_lead
ADJ00000888,WH0010,SKU0000075,03/25/2026 10:28,-50,Cycle Count,mgr_1
ADJ00000889,WH_UNKNOWN,SKU0000181,03/08/2026 09:43,-50,Found Inventory,
ADJ00000890,WH0019,SKU0000513,2026-04-16 20:12:03,-10,Shrinkage,mgr_1
ADJ00000891,WH0013,SKU0000082,05/30/2026 05:42,10,Damage,ops_lead
ADJ00000892,WH0013,SKU0000623,2026-05-21 04:33:03,25,Cycle Count,
ADJ00000893,WH0021,SKU0000167,2026-04-18 05:34:09,25,Shrinkage,ops_lead
ADJ00000894,WH0008,SKU0000248,2026-03-04 00:11:53,bad,Cycle Count,mgr_1
ADJ00000895,WH0011,SKU0000403,2026-02-06 11:13:08,-50,System Correction,mgr_1
ADJ00000896,WH0018,SKU0000605,01/27/2026 14:20,-5,Found Inventory,controller
ADJ00000897,WH0019,SKU0000663,04/10/2026 21:30,-10,Damage,
ADJ00000898,WH0004,SKU0000252,01/15/2026 16:43,10,Shrinkage,
ADJ00000899,WH0012,SKU0000433,02/24/2026 09:00,5,Found Inventory,
ADJ00000900,WH0005,SKU0000484,02/20/2026 22:45,-5,System Correction,ops_lead
