invoice_id,order_id,customer_id,invoice_date,due_date,invoice_amount,currency,invoice_status,total_paid,last_payment_date,payment_count,open_amount,paid_in_full_flag,days_past_due,is_past_due
INV00000003,SO00000957,CUST000449,,2026-03-19,20888.02,CAD,Paid,15666.01,2026-03-24,1.0,5222.01,False,74,True
INV00000004,SO00001033,CUST000394,2026-02-15,2026-03-02,14169.04,USD,Open,0.0,,0.0,14169.04,False,91,True
INV00000006,SO00000441,CUST000243,2026-02-27,2026-03-29,19078.23,USD,Open,0.0,,0.0,19078.23,False,64,True
INV00000007,SO00000225,CUST000160,,2026-02-27,29641.89,MXN,Cancelled,0.0,,0.0,29641.89,False,94,True
INV00000009,SO00000785,CUST000061,2026-03-19,2026-04-18,28914.69,USD,Cancelled,0.0,,0.0,28914.69,False,44,True
INV00000010,SO00001551,CUST000037,,2026-03-23,33677.73,EUR,Open,0.0,,0.0,33677.73,False,70,True
INV00000012,SO00000085,CUST000196,2026-01-26,2026-02-10,2399.29,USD,Paid,2399.29,2026-01-31,1.0,0.0,True,111,False
INV00000017,SO00002141,CUST000306,,2026-03-29,3910.78,USD,Open,0.0,,0.0,3910.78,False,64,True
INV00000019,SO00001673,CUST000317,2026-04-26,2026-06-25,40679.75,CAD,Paid,20339.88,,1.0,20339.87,False,-24,False
INV00000021,SO00000374,CUST000205,2026-06-05,2026-07-05,42002.86,EUR,Open,0.0,,0.0,42002.86,False,-34,False
INV00000022,SO00001266,CUST000274,2026-04-12,2026-04-27,22598.96,EUR,Cancelled,0.0,,0.0,22598.96,False,35,True
INV00000029,SO00000581,CUST000122,2026-03-29,2026-05-13,19015.47,USD,Paid,0.0,,0.0,19015.47,False,19,True
INV00000035,SO00000672,CUST000446,2026-03-29,2026-05-13,24191.64,EUR,Open,0.0,,0.0,24191.64,False,19,True
INV00000038,SO00000256,CUST000321,,2026-02-26,33023.23,MXN,Open,0.0,,0.0,33023.23,False,95,True
INV00000039,SO00002485,CUST000262,,2026-05-24,1402.55,EUR,Open,0.0,,0.0,1402.55,False,8,True
INV00000041,SO00000859,CUST000029,,2026-02-03,18413.87,MXN,Cancelled,0.0,,0.0,18413.87,False,118,True
INV00000043,SO00000028,CUST000098,2026-02-08,2026-04-09,18479.22,USD,Open,0.0,,0.0,18479.22,False,53,True
INV00000050,SO00001881,CUST000078,,2026-04-16,31781.33,CAD,Open,0.0,,0.0,31781.33,False,46,True
INV00000051,SO00001657,CUST000369,,2026-04-07,7167.3,CAD,Cancelled,0.0,,0.0,7167.3,False,55,True
INV00000052,SO00000258,CUST000198,2026-03-27,2026-04-11,10767.77,USD,Partially Paid,0.0,,0.0,10767.77,False,51,True
INV00000063,SO00001413,CUST000277,2026-01-18,2026-02-02,22610.38,EUR,Cancelled,11305.19,2026-02-02,1.0,11305.19,False,119,True
INV00000065,SO00000549,CUST000448,2026-05-18,2026-06-17,23958.04,USD,Open,23958.04,2026-07-17,1.0,0.0,True,-16,False
INV00000068,SO00002484,CUST000248,,2026-03-03,40252.25,EUR,Partially Paid,0.0,,0.0,40252.25,False,90,True
INV00000069,SO00002064,CUST000188,,2026-03-28,27384.49,CAD,Open,13692.24,,1.0,13692.250000000002,False,65,True
INV00000070,SO00001874,CUST000079,,2026-04-22,1741.99,EUR,Partially Paid,1741.99,2026-05-07,1.0,0.0,True,40,False
INV00000072,SO00001546,CUST000354,,2026-03-26,20057.53,USD,Paid,0.0,,0.0,20057.53,False,67,True
INV00000073,SO00000014,CUST000125,,2026-04-19,28039.0,CAD,Paid,0.0,,0.0,28039.0,False,43,True
INV00000074,SO00000347,CUST000131,2026-05-14,2026-06-28,22711.33,CAD,Partially Paid,0.0,,0.0,22711.33,False,-27,False
INV00000079,SO00000046,CUST000141,2026-03-09,2026-05-08,3998.25,MXN,Open,2998.68,,1.0,999.5700000000002,False,24,True
INV00000082,SO00001811,CUST000347,,2026-05-13,22627.53,USD,Partially Paid,0.0,,0.0,22627.53,False,19,True
INV00000090,SO00001963,CUST000074,2026-03-03,2026-04-02,21586.92,USD,Open,0.0,,0.0,21586.92,False,60,True
INV00000093,SO00001258,CUST000007,,2026-02-11,21595.46,MXN,Cancelled,0.0,,0.0,21595.46,False,110,True
INV00000096,SO00002290,CUST000407,2026-01-07,2026-03-08,22368.57,USD,Open,0.0,,0.0,22368.57,False,85,True
INV00000102,SO00001239,CUST000337,2026-02-16,2026-04-17,41571.07,USD,Paid,0.0,,0.0,41571.07,False,45,True
INV00000104,SO00001019,CUST000240,,2026-02-25,7618.3,USD,Open,0.0,,0.0,7618.3,False,96,True
INV00000105,SO00001606,CUST000129,2026-03-14,2026-04-28,31461.87,USD,Cancelled,0.0,,0.0,31461.87,False,34,True
INV00000117,SO00000644,CUST000304,2026-03-15,2026-04-14,27954.3,USD,Cancelled,0.0,,0.0,27954.3,False,48,True
INV00000122,SO00001256,CUST000183,,2026-03-23,19144.03,MXN,Open,19144.03,2026-03-28,1.0,0.0,True,70,False
INV00000123,SO00000010,CUST000189,,2026-04-16,8397.13,EUR,Open,8397.13,,1.0,0.0,True,46,False
INV00000125,SO00001731,CUST000226,,2026-06-02,32015.52,USD,Open,32015.52,,1.0,0.0,True,-1,False
INV00000127,SO00000871,CUST000022,2026-01-30,2026-03-01,8002.35,USD,Open,0.0,,0.0,8002.35,False,92,True
INV00000128,SO00000927,CUST000381,2026-01-28,2026-03-29,37369.49,USD,Open,0.0,,0.0,37369.49,False,64,True
INV00000131,SO00002217,CUST000440,2026-03-09,2026-04-08,9875.89,MXN,Cancelled,0.0,,0.0,9875.89,False,54,True
INV00000137,SO00000727,CUST000410,2026-05-31,2026-06-15,44205.26,EUR,Open,0.0,,0.0,44205.26,False,-14,False
INV00000138,SO00001644,CUST000054,,2026-05-31,27939.74,USD,Open,0.0,,0.0,27939.74,False,1,True
INV00000139,SO00002195,CUST000166,,2026-04-26,12347.31,USD,Open,0.0,,0.0,12347.31,False,36,True
INV00000147,SO00002399,CUST000172,2026-02-16,2026-03-18,9565.87,USD,Partially Paid,4782.94,2026-03-18,1.0,4782.930000000001,False,75,True
INV00000149,SO00000501,CUST000116,,2026-07-14,19529.39,EUR,Cancelled,0.0,,0.0,19529.39,False,-43,False
INV00000159,SO00000458,CUST000274,,2026-03-19,15090.64,MXN,Cancelled,0.0,,0.0,15090.64,False,74,True
INV00000161,SO00001433,CUST000142,2026-04-11,2026-05-11,24680.26,EUR,Open,12340.13,2026-05-13,1.0,12340.13,False,21,True
INV00000166,SO00000251,CUST000369,,2026-07-05,36251.99,MXN,Cancelled,0.0,,0.0,36251.99,False,-34,False
INV00000169,SO00000126,CUST000356,,2026-04-14,32577.37,CAD,Cancelled,0.0,,0.0,32577.37,False,48,True
INV00000174,SO00001041,CUST000003,,2026-06-26,34032.49,USD,Paid,0.0,,0.0,34032.49,False,-25,False
INV00000175,SO00000305,CUST000361,2026-02-23,2026-03-10,9183.21,USD,Paid,0.0,,0.0,9183.21,False,83,True
INV00000179,SO00002116,CUST000034,2026-06-04,2026-07-19,20837.68,MXN,Paid,10418.84,2026-07-24,1.0,10418.84,False,-48,False
INV00000184,SO00002419,CUST000075,2026-05-04,2026-05-19,22737.1,USD,Open,0.0,,0.0,22737.1,False,13,True
INV00000185,SO00001659,CUST000018,2026-02-26,2026-03-13,2667.18,EUR,Partially Paid,0.0,,0.0,2667.18,False,80,True
INV00000187,SO00002223,CUST000220,2026-02-07,2026-03-24,17296.6,USD,Paid,17296.6,,1.0,0.0,True,69,False
INV00000188,SO00000226,CUST000066,2026-04-29,2026-06-28,42829.7,USD,Paid,0.0,,0.0,42829.7,False,-27,False
INV00000191,SO00000346,CUST000280,,2026-06-10,20102.93,EUR,Open,0.0,,0.0,20102.93,False,-9,False
INV00000194,SO00002008,CUST000093,2026-06-01,2026-07-31,10769.74,EUR,Open,0.0,,0.0,10769.74,False,-60,False
INV00000195,SO00000758,CUST000288,,2026-07-22,24418.51,CAD,Paid,0.0,,0.0,24418.51,False,-51,False
INV00000199,SO00001330,CUST000245,2026-05-16,2026-06-15,16551.6,CAD,Open,8275.8,,1.0,8275.8,False,-14,False
INV00000201,SO00001485,CUST000343,,2026-04-23,5788.35,USD,Open,0.0,,0.0,5788.35,False,39,True
INV00000202,SO00002192,CUST000257,2026-01-16,2026-03-02,16013.42,USD,Partially Paid,12010.06,,1.0,4003.3600000000006,False,91,True
INV00000204,SO00000200,CUST000275,,2026-05-17,16242.82,EUR,Partially Paid,12182.11,2026-06-01,1.0,4060.709999999999,False,15,True
INV00000206,SO00000999,CUST000386,2026-02-22,2026-04-08,37066.71,EUR,Cancelled,0.0,,0.0,37066.71,False,54,True
INV00000209,SO00002125,CUST000005,2026-04-17,2026-06-01,19378.72,USD,Open,0.0,,0.0,19378.72,False,0,False
INV00000211,SO00001274,CUST000114,,2026-03-08,440.92,EUR,Open,330.69,,1.0,110.23000000000002,False,85,True
INV00000212,SO00001218,CUST000262,,2026-03-09,385.35,CAD,Open,0.0,,0.0,385.35,False,84,True
INV00000219,SO00000043,CUST000231,,2026-05-26,22210.78,EUR,Open,11105.39,,1.0,11105.39,False,6,True
INV00000220,SO00001854,CUST000002,2026-02-07,2026-04-08,35311.16,MXN,Open,0.0,,0.0,35311.16,False,54,True
INV00000222,SO00000668,CUST000091,,2026-06-26,14047.43,USD,Partially Paid,0.0,,0.0,14047.43,False,-25,False
INV00000229,SO00001404,CUST000151,,2026-07-04,10447.42,MXN,Partially Paid,5223.71,2026-07-06,1.0,5223.71,False,-33,False
INV00000230,SO00001708,CUST000257,,2026-07-17,23891.36,CAD,Open,0.0,,0.0,23891.36,False,-46,False
INV00000235,SO00002000,CUST000080,2026-02-20,2026-03-22,6794.95,USD,Open,0.0,,0.0,6794.95,False,71,True
INV00000236,SO00000874,CUST000098,,2026-07-15,25695.28,MXN,Cancelled,0.0,,0.0,25695.28,False,-44,False
INV00000243,SO00002395,CUST000165,,2026-04-11,11959.39,USD,Partially Paid,0.0,,0.0,11959.39,False,51,True
INV00000245,SO00002452,CUST000358,,2026-03-25,42294.95,EUR,Cancelled,42294.95,2026-04-09,1.0,0.0,True,68,False
INV00000247,SO00002385,CUST000008,,2026-03-13,38616.87,USD,Partially Paid,0.0,,0.0,38616.87,False,80,True
INV00000248,SO00001449,CUST000430,,2026-06-28,30907.23,EUR,Open,0.0,,0.0,30907.23,False,-27,False
INV00000249,SO00002275,CUST000251,,2026-04-04,29914.7,USD,Open,0.0,,0.0,29914.7,False,58,True
INV00000251,SO00000478,CUST000235,,2026-03-05,5318.8,EUR,Cancelled,3989.1,2026-04-04,1.0,1329.7000000000003,False,88,True
INV00000253,SO00001892,CUST000088,,2026-02-26,13697.51,MXN,Partially Paid,0.0,,0.0,13697.51,False,95,True
INV00000254,SO00001754,CUST000183,,2026-05-26,32808.51,USD,Paid,0.0,,0.0,32808.51,False,6,True
INV00000255,SO00002312,CUST000025,2026-03-20,2026-05-04,41887.7,USD,Paid,0.0,,0.0,41887.7,False,28,True
INV00000257,SO00000481,CUST000248,2026-02-09,2026-02-24,9456.09,USD,Cancelled,0.0,,0.0,9456.09,False,97,True
INV00000261,SO00000900,CUST000274,2026-02-21,2026-03-23,13241.53,MXN,Open,0.0,,0.0,13241.53,False,70,True
INV00000263,SO00000396,CUST000034,,2026-07-10,30316.24,EUR,Cancelled,0.0,,0.0,30316.24,False,-39,False
INV00000264,SO00002243,CUST000333,,2026-06-05,32125.43,CAD,Open,0.0,,0.0,32125.43,False,-4,False
INV00000267,SO00002041,CUST000095,,2026-05-15,11616.58,USD,Open,5808.29,2026-05-05,1.0,5808.29,False,17,True
INV00000268,SO00002326,CUST000391,,2026-03-14,30416.23,USD,Open,0.0,,0.0,30416.23,False,79,True
INV00000272,SO00002197,CUST000030,,2026-07-02,5632.49,USD,Partially Paid,0.0,,0.0,5632.49,False,-31,False
INV00000273,SO00002114,CUST000330,2026-03-06,2026-04-20,22769.27,USD,Partially Paid,0.0,,0.0,22769.27,False,42,True
INV00000274,SO00000912,CUST000140,2026-03-22,2026-05-06,43785.47,USD,Paid,0.0,,0.0,43785.47,False,26,True
INV00000277,SO00001944,CUST000068,2026-01-30,2026-02-14,28327.67,USD,Cancelled,0.0,,0.0,28327.67,False,107,True
INV00000278,SO00002026,CUST000166,,2026-03-19,41362.56,MXN,Open,0.0,,0.0,41362.56,False,74,True
INV00000280,SO00000596,CUST000059,,2026-06-28,36628.68,CAD,Partially Paid,18314.34,,1.0,18314.34,False,-27,False
INV00000281,SO00002459,CUST000083,2026-05-23,2026-06-07,32341.48,EUR,Cancelled,0.0,,0.0,32341.48,False,-6,False
INV00000284,SO00000288,CUST000181,2026-02-12,2026-03-14,8579.94,USD,Open,0.0,,0.0,8579.94,False,79,True
INV00000294,SO00001492,CUST000184,,2026-08-02,13298.07,USD,Open,0.0,,0.0,13298.07,False,-62,False
INV00000295,SO00002185,CUST000276,2026-05-01,2026-06-30,9525.28,MXN,Partially Paid,0.0,,0.0,9525.28,False,-29,False
INV00000298,SO00000140,CUST000004,2026-04-10,2026-06-09,23748.89,EUR,Cancelled,0.0,,0.0,23748.89,False,-8,False
INV00000302,SO00000012,CUST000008,2026-05-27,2026-07-26,25580.28,USD,Cancelled,12790.14,2026-07-26,1.0,12790.14,False,-55,False
INV00000306,SO00000535,CUST000212,2026-01-15,2026-03-01,4826.83,USD,Partially Paid,0.0,,0.0,4826.83,False,92,True
INV00000308,SO00000738,CUST000390,2026-04-14,2026-04-29,44212.01,USD,Partially Paid,33159.01,,1.0,11053.0,False,33,True
INV00000310,SO00001712,CUST000052,2026-03-12,2026-03-27,38301.88,USD,Open,0.0,,0.0,38301.88,False,66,True
INV00000311,SO00000508,CUST000396,,2026-06-15,7710.15,USD,Paid,7710.15,,1.0,0.0,True,-14,False
INV00000321,SO00001286,CUST000294,2026-04-11,2026-05-11,1108.09,EUR,Cancelled,554.05,2026-06-10,1.0,554.04,False,21,True
INV00000323,SO00000165,CUST000303,,2026-05-06,24982.51,EUR,Open,24982.51,,1.0,0.0,True,26,False
INV00000329,SO00001602,CUST000307,,2026-05-19,10719.96,USD,Paid,8039.97,,1.0,2679.989999999999,False,13,True
INV00000330,SO00001765,CUST000267,,2026-06-02,37541.61,USD,Open,0.0,,0.0,37541.61,False,-1,False
INV00000331,SO00000352,CUST000412,,2026-06-09,42922.26,MXN,Open,0.0,,0.0,42922.26,False,-8,False
INV00000332,SO00000290,CUST000276,,2026-02-14,15533.16,USD,Cancelled,0.0,,0.0,15533.16,False,107,True
INV00000334,SO00001223,CUST000174,2026-04-28,2026-06-12,26742.52,USD,Cancelled,0.0,,0.0,26742.52,False,-11,False
INV00000335,SO00002284,CUST000073,2026-06-03,2026-07-03,27920.8,USD,Open,0.0,,0.0,27920.8,False,-32,False
INV00000337,SO00000292,CUST000435,2026-01-19,2026-03-20,19688.88,CAD,Partially Paid,0.0,,0.0,19688.88,False,73,True
INV00000341,SO00001935,CUST000395,,2026-07-17,22673.9,USD,Cancelled,0.0,,0.0,22673.9,False,-46,False
INV00000343,SO00002429,CUST000411,2026-01-19,2026-03-20,42879.6,EUR,Partially Paid,32159.7,,1.0,10719.899999999998,False,73,True
INV00000345,SO00000756,CUST000336,,2026-06-05,34128.01,USD,Partially Paid,34128.01,2026-05-26,1.0,0.0,True,-4,False
INV00000351,SO00002350,CUST000025,,2026-03-31,25124.82,USD,Paid,0.0,,0.0,25124.82,False,62,True
INV00000353,SO00001933,CUST000220,2026-03-24,2026-05-08,42112.67,CAD,Open,42112.67,,1.0,0.0,True,24,False
INV00000358,SO00002372,CUST000120,2026-05-12,2026-06-26,31127.89,EUR,Open,0.0,,0.0,31127.89,False,-25,False
INV00000360,SO00002431,CUST000087,2026-05-08,2026-05-23,21304.25,CAD,Partially Paid,0.0,,0.0,21304.25,False,9,True
INV00000363,SO00000770,CUST000274,,2026-04-27,35374.75,EUR,Cancelled,0.0,,0.0,35374.75,False,35,True
INV00000364,SO00001334,CUST000065,2026-01-31,2026-03-17,40372.16,USD,Cancelled,30279.12,,1.0,10093.040000000005,False,76,True
INV00000366,SO00000069,CUST000176,,2026-02-17,10632.77,USD,Open,0.0,,0.0,10632.77,False,104,True
INV00000368,SO00001695,CUST000401,,2026-04-19,25960.4,CAD,Open,25960.4,2026-05-19,1.0,0.0,True,43,False
INV00000381,SO00000247,CUST000106,,2026-03-15,12631.76,EUR,Partially Paid,12631.76,,1.0,0.0,True,78,False
INV00000385,SO00001269,CUST000136,2026-02-05,2026-03-07,16816.08,USD,Paid,0.0,,0.0,16816.08,False,86,True
INV00000387,SO00002307,CUST000002,2026-04-20,2026-06-19,14270.77,EUR,Open,0.0,,0.0,14270.77,False,-18,False
INV00000398,SO00001172,CUST000405,,2026-04-30,2689.22,MXN,Open,0.0,,0.0,2689.22,False,32,True
INV00000403,SO00001832,CUST000399,,2026-04-20,4324.12,EUR,Paid,3243.09,,1.0,1081.0299999999997,False,42,True
INV00000405,SO00001515,CUST000149,2026-05-15,2026-06-29,34218.91,USD,Partially Paid,0.0,,0.0,34218.91,False,-28,False
INV00000410,SO00001167,CUST000194,,2026-06-24,8657.83,USD,Open,0.0,,0.0,8657.83,False,-23,False
INV00000417,SO00001976,CUST000113,2026-03-10,2026-05-09,31276.38,MXN,Partially Paid,0.0,,0.0,31276.38,False,23,True
INV00000418,SO00000654,CUST000126,2026-02-13,2026-03-15,34038.21,MXN,Open,34038.21,,1.0,0.0,True,78,False
INV00000420,SO00000086,CUST000007,2026-03-20,2026-05-04,28582.93,USD,Paid,14291.47,2026-05-04,1.0,14291.460000000001,False,28,True
INV00000430,SO00000803,CUST000094,2026-04-18,2026-05-03,23950.45,CAD,Partially Paid,0.0,,0.0,23950.45,False,29,True
INV00000432,SO00000840,CUST000237,2026-03-09,2026-04-08,15003.34,USD,Cancelled,0.0,,0.0,15003.34,False,54,True
INV00000434,SO00000869,CUST000040,,2026-04-05,7909.1,CAD,Open,7909.1,,1.0,0.0,True,57,False
INV00000437,SO00001299,CUST000434,,2026-05-22,1877.53,MXN,Open,0.0,,0.0,1877.53,False,10,True
INV00000440,SO00000730,CUST000157,,2026-04-10,579.67,USD,Open,0.0,,0.0,579.67,False,52,True
INV00000445,SO00000514,CUST000025,,2026-04-20,20818.06,USD,Open,10409.03,,1.0,10409.03,False,42,True
INV00000449,SO00000343,CUST000438,,2026-07-16,4897.23,EUR,Paid,4897.23,2026-08-15,1.0,0.0,True,-45,False
INV00000470,SO00001133,CUST000388,,2026-07-01,42515.17,MXN,Open,0.0,,0.0,42515.17,False,-30,False
INV00000472,SO00000404,CUST000220,,2026-03-05,15333.56,CAD,Paid,0.0,,0.0,15333.56,False,88,True
INV00000476,SO00000408,CUST000287,2026-05-27,2026-06-26,28581.3,USD,Cancelled,28581.3,2026-07-26,1.0,0.0,True,-25,False
INV00000480,SO00002293,CUST000400,2026-04-15,2026-05-30,41731.43,USD,Partially Paid,0.0,,0.0,41731.43,False,2,True
INV00000481,SO00001962,CUST000231,2026-04-11,2026-05-11,15353.06,USD,Cancelled,0.0,,0.0,15353.06,False,21,True
INV00000482,SO00001440,CUST000401,2026-01-17,2026-03-03,15572.95,EUR,Paid,15572.95,2026-02-28,1.0,0.0,True,90,False
INV00000484,SO00001369,CUST000233,,2026-04-15,31595.83,USD,Partially Paid,31595.83,2026-04-05,1.0,0.0,True,47,False
INV00000488,SO00001613,CUST000046,,2026-03-04,27462.06,MXN,Open,0.0,,0.0,27462.06,False,89,True
INV00000490,SO00002437,CUST000267,2026-03-21,2026-04-20,35994.93,EUR,Partially Paid,0.0,,0.0,35994.93,False,42,True
INV00000492,SO00002222,CUST000120,,2026-02-27,42177.39,MXN,Open,0.0,,0.0,42177.39,False,94,True
INV00000494,SO00001363,CUST000267,2026-06-01,2026-07-01,15101.55,USD,Open,15101.55,2026-07-03,1.0,0.0,True,-30,False
INV00000498,SO00001862,CUST000337,,2026-06-27,38541.85,USD,Cancelled,0.0,,0.0,38541.85,False,-26,False
INV00000501,SO00001264,CUST000299,,2026-06-29,32688.86,EUR,Open,16344.43,2026-07-04,1.0,16344.43,False,-28,False
INV00000507,SO00001050,CUST000348,2026-01-21,2026-03-22,6204.67,USD,Open,0.0,,0.0,6204.67,False,71,True
INV00000514,SO00001983,CUST000077,2026-02-10,2026-03-27,37789.81,USD,Paid,0.0,,0.0,37789.81,False,66,True
INV00000517,SO00001682,CUST000363,2026-04-07,2026-05-22,7939.53,USD,Paid,0.0,,0.0,7939.53,False,10,True
INV00000519,SO00000939,CUST000181,,2026-05-22,1969.79,EUR,Open,984.89,2026-05-12,1.0,984.9,False,10,True
INV00000520,SO00002482,CUST000309,,2026-07-18,23784.38,EUR,Paid,0.0,,0.0,23784.38,False,-47,False
INV00000521,SO00002109,CUST000418,2026-03-22,2026-05-06,44923.67,USD,Cancelled,0.0,,0.0,44923.67,False,26,True
INV00000527,SO00001489,CUST000080,,2026-02-26,3674.25,CAD,Cancelled,0.0,,0.0,3674.25,False,95,True
INV00000530,SO00000217,CUST000192,,2026-02-09,29430.47,USD,Paid,0.0,,0.0,29430.47,False,112,True
INV00000531,SO00001238,CUST000043,2026-05-29,2026-06-28,31607.43,CAD,Open,0.0,,0.0,31607.43,False,-27,False
INV00000538,SO00001538,CUST000272,,2026-05-25,4801.95,EUR,Open,4801.95,2026-05-30,1.0,0.0,True,7,False
INV00000539,SO00000892,CUST000370,,2026-03-19,11025.54,EUR,Open,5512.77,2026-03-24,1.0,5512.77,False,74,True
INV00000541,SO00000356,CUST000094,2026-05-10,2026-06-09,22542.83,MXN,Open,0.0,,0.0,22542.83,False,-8,False
INV00000542,SO00002177,CUST000317,2026-02-18,2026-04-04,12979.85,EUR,Paid,0.0,,0.0,12979.85,False,58,True
INV00000543,SO00001052,CUST000293,,2026-06-01,19423.14,USD,Open,0.0,,0.0,19423.14,False,0,False
INV00000546,SO00000550,CUST000411,2026-04-30,2026-06-14,12494.46,USD,Open,0.0,,0.0,12494.46,False,-13,False
INV00000548,SO00000406,CUST000065,,2026-02-20,26344.36,USD,Partially Paid,0.0,,0.0,26344.36,False,101,True
INV00000554,SO00001459,CUST000055,2026-03-10,2026-03-25,17484.41,USD,Open,0.0,,0.0,17484.41,False,68,True
INV00000555,SO00000268,CUST000240,2026-03-07,2026-04-06,35673.91,USD,Open,26755.43,2026-04-06,1.0,8918.480000000003,False,56,True
INV00000556,SO00001715,CUST000075,2026-05-10,2026-07-09,26729.04,USD,Partially Paid,26729.04,2026-07-24,1.0,0.0,True,-38,False
INV00000557,SO00000857,CUST000262,,2026-03-14,29452.36,MXN,Open,0.0,,0.0,29452.36,False,79,True
INV00000560,SO00001951,CUST000219,2026-02-23,2026-04-09,13656.28,USD,Partially Paid,13656.28,2026-03-30,1.0,0.0,True,53,False
INV00000564,SO00001645,CUST000281,2026-03-22,2026-05-21,40018.1,EUR,Partially Paid,40018.1,2026-06-05,1.0,0.0,True,11,False
INV00000565,SO00000484,CUST000348,2026-05-12,2026-07-11,31267.98,CAD,Cancelled,23450.99,,1.0,7816.989999999998,False,-40,False
INV00000566,SO00000712,CUST000016,2026-06-11,2026-06-26,29730.85,CAD,Open,29730.85,2026-07-26,1.0,0.0,True,-25,False
INV00000570,SO00000103,CUST000441,,2026-07-10,20412.01,USD,Partially Paid,0.0,,0.0,20412.01,False,-39,False
INV00000572,SO00001417,CUST000316,2026-03-08,2026-05-07,9259.29,MXN,Partially Paid,0.0,,0.0,9259.29,False,25,True
INV00000573,SO00001295,CUST000049,,2026-06-17,4739.48,USD,Cancelled,0.0,,0.0,4739.48,False,-16,False
INV00000577,SO00002003,CUST000330,,2026-06-12,28226.65,USD,Partially Paid,28226.65,,1.0,0.0,True,-11,False
INV00000578,SO00001214,CUST000402,2026-02-02,2026-03-19,21942.67,CAD,Open,0.0,,0.0,21942.67,False,74,True
INV00000590,SO00001341,CUST000194,,2026-04-10,2767.26,EUR,Open,2767.26,2026-04-12,1.0,0.0,True,52,False
INV00000592,SO00002329,CUST000389,,2026-04-30,33450.27,EUR,Open,0.0,,0.0,33450.27,False,32,True
INV00000594,SO00002036,CUST000070,2026-04-02,2026-04-17,16010.37,USD,Paid,16010.37,,1.0,0.0,True,45,False
INV00000595,SO00002343,CUST000339,2026-04-17,2026-06-16,18357.71,USD,Open,9178.85,,1.0,9178.859999999999,False,-15,False
INV00000601,SO00002229,CUST000004,,2026-02-17,8118.48,EUR,Partially Paid,0.0,,0.0,8118.48,False,104,True
INV00000604,SO00000083,CUST000373,,2026-07-02,27844.91,USD,Open,0.0,,0.0,27844.91,False,-31,False
INV00000605,SO00001770,CUST000284,2026-01-20,2026-02-19,25654.35,CAD,Open,0.0,,0.0,25654.35,False,102,True
INV00000611,SO00002012,CUST000127,2026-05-09,2026-07-08,32228.38,EUR,Cancelled,32228.38,2026-07-08,1.0,0.0,True,-37,False
INV00000615,SO00002379,CUST000198,,2026-03-08,28314.2,USD,Open,21235.65,,1.0,7078.549999999999,False,85,True
INV00000616,SO00002172,CUST000447,2026-06-09,2026-07-24,22503.99,USD,Paid,0.0,,0.0,22503.99,False,-53,False
INV00000617,SO00001089,CUST000429,,2026-04-28,43598.66,CAD,Cancelled,32699.0,2026-05-28,1.0,10899.660000000003,False,34,True
INV00000620,SO00002360,CUST000045,,2026-04-30,22701.78,MXN,Open,22701.78,2026-05-05,1.0,0.0,True,32,False
INV00000621,SO00000473,CUST000431,,2026-04-07,38932.5,EUR,Cancelled,0.0,,0.0,38932.5,False,55,True
INV00000622,SO00000332,CUST000169,2026-04-19,2026-06-03,7073.73,MXN,Partially Paid,0.0,,0.0,7073.73,False,-2,False
INV00000627,SO00001720,CUST000036,,2026-04-21,22086.12,USD,Open,0.0,,0.0,22086.12,False,41,True
INV00000629,SO00001627,CUST000320,,2026-03-28,16474.74,MXN,Open,16474.74,,1.0,0.0,True,65,False
INV00000633,SO00001561,CUST000400,2026-01-14,2026-02-13,959.73,MXN,Open,0.0,,0.0,959.73,False,108,True
INV00000634,SO00001338,CUST000343,2026-04-26,2026-06-10,22495.57,USD,Open,0.0,,0.0,22495.57,False,-9,False
INV00000636,SO00000162,CUST000032,2026-05-29,2026-06-13,12059.71,USD,Partially Paid,12059.71,2026-06-28,1.0,0.0,True,-12,False
INV00000642,SO00000813,CUST000376,2026-01-12,2026-02-11,4886.75,USD,Paid,2443.38,2026-02-08,1.0,2443.37,False,110,True
INV00000644,SO00001456,CUST000279,,2026-04-24,17270.58,USD,Paid,17270.58,,1.0,0.0,True,38,False
INV00000650,SO00000879,CUST000094,,2026-04-29,22996.97,EUR,Partially Paid,0.0,,0.0,22996.97,False,33,True
INV00000652,SO00001445,CUST000027,,2026-06-11,22368.83,USD,Paid,22368.83,,1.0,0.0,True,-10,False
INV00000658,SO00001618,CUST000237,,2026-05-16,14577.38,EUR,Open,0.0,,0.0,14577.38,False,16,True
INV00000660,SO00001768,CUST000219,,2026-01-28,4482.77,MXN,Partially Paid,0.0,,0.0,4482.77,False,124,True
INV00000663,SO00001385,CUST000085,2026-05-14,2026-06-28,24741.44,USD,Cancelled,0.0,,0.0,24741.44,False,-27,False
INV00000670,SO00002304,CUST000171,,2026-06-14,29802.33,CAD,Open,29802.33,,1.0,0.0,True,-13,False
INV00000674,SO00002428,CUST000295,2026-03-17,2026-05-01,4582.32,USD,Partially Paid,0.0,,0.0,4582.32,False,31,True
INV00000675,SO00001866,CUST000327,2026-04-17,2026-05-17,29665.62,USD,Partially Paid,0.0,,0.0,29665.62,False,15,True
INV00000680,SO00002441,CUST000159,,2026-06-02,21882.61,MXN,Partially Paid,0.0,,0.0,21882.61,False,-1,False
INV00000683,SO00001279,CUST000093,,2026-06-24,26396.17,EUR,Paid,26396.17,2026-06-29,1.0,0.0,True,-23,False
INV00000685,SO00000899,CUST000208,2026-03-21,2026-04-20,6558.14,USD,Open,0.0,,0.0,6558.14,False,42,True
INV00000691,SO00001373,CUST000204,2026-03-15,2026-04-29,32262.8,MXN,Partially Paid,32262.8,2026-05-04,1.0,0.0,True,33,False
INV00000695,SO00002443,CUST000212,2026-03-23,2026-05-22,954.39,USD,Paid,0.0,,0.0,954.39,False,10,True
INV00000697,SO00001198,CUST000306,,2026-05-15,43653.04,CAD,Partially Paid,43653.04,2026-05-05,1.0,0.0,True,17,False
INV00000700,SO00001376,CUST000293,2026-02-11,2026-03-13,17932.59,USD,Open,0.0,,0.0,17932.59,False,80,True
INV00000702,SO00000964,CUST000231,,2026-03-15,39319.69,CAD,Cancelled,0.0,,0.0,39319.69,False,78,True
INV00000703,SO00000238,CUST000105,2026-01-16,2026-03-02,28512.9,CAD,Paid,0.0,,0.0,28512.9,False,91,True
INV00000708,SO00001820,CUST000372,,2026-06-07,590.8,USD,Open,0.0,,0.0,590.8,False,-6,False
INV00000714,SO00001911,CUST000154,,2026-05-24,22311.03,MXN,Partially Paid,0.0,,0.0,22311.03,False,8,True
INV00000719,SO00002400,CUST000346,,2026-04-26,22382.42,USD,Cancelled,0.0,,0.0,22382.42,False,36,True
INV00000720,SO00001822,CUST000450,2026-02-23,2026-03-10,6156.73,USD,Paid,0.0,,0.0,6156.73,False,83,True
INV00000722,SO00001653,CUST000279,,2026-04-17,22545.28,MXN,Cancelled,16908.96,,1.0,5636.32,False,45,True
INV00000724,SO00000189,CUST000195,2026-01-29,2026-02-28,22251.3,USD,Paid,0.0,,0.0,22251.3,False,93,True
INV00000725,SO00000056,CUST000023,2026-03-20,2026-04-19,13680.96,CAD,Cancelled,13680.96,2026-04-16,1.0,0.0,True,43,False
INV00000726,SO00001046,CUST000385,,2026-03-17,30291.36,USD,Open,15145.68,,1.0,15145.68,False,76,True
INV00000729,SO00000539,CUST000295,2026-05-10,2026-06-09,4921.56,USD,Open,4921.56,,1.0,0.0,True,-8,False
INV00000731,SO00001934,CUST000442,2026-03-11,2026-04-25,10309.39,EUR,Paid,0.0,,0.0,10309.39,False,37,True
INV00000735,SO00001092,CUST000412,2026-01-30,2026-02-14,5612.91,USD,Paid,0.0,,0.0,5612.91,False,107,True
INV00000741,SO00001846,CUST000014,2026-03-01,2026-04-30,12996.32,EUR,Open,6498.16,2026-04-30,1.0,6498.16,False,32,True
INV00000756,SO00001416,CUST000129,,2026-02-05,25791.07,USD,Open,0.0,,0.0,25791.07,False,116,True
INV00000758,SO00001253,CUST000441,,2026-03-07,29014.19,USD,Partially Paid,0.0,,0.0,29014.19,False,86,True
INV00000761,SO00001262,CUST000088,,2026-06-30,4605.99,MXN,Open,4605.99,2026-07-02,1.0,0.0,True,-29,False
INV00000762,SO00000858,CUST000162,,2026-03-01,34232.56,USD,Open,0.0,,0.0,34232.56,False,92,True
INV00000765,SO00000544,CUST000097,,2026-04-11,22569.57,USD,Partially Paid,11284.78,,1.0,11284.789999999999,False,51,True
INV00000768,SO00002150,CUST000064,,2026-02-08,9334.55,EUR,Open,0.0,,0.0,9334.55,False,113,True
INV00000769,SO00000065,CUST000183,,2026-06-13,29040.7,MXN,Partially Paid,0.0,,0.0,29040.7,False,-12,False
INV00000771,SO00001187,CUST000398,2026-02-14,2026-03-01,39573.48,EUR,Partially Paid,0.0,,0.0,39573.48,False,92,True
INV00000772,SO00001856,CUST000220,,2026-05-27,28633.42,USD,Partially Paid,0.0,,0.0,28633.42,False,5,True
INV00000779,SO00001773,CUST000206,2026-02-09,2026-04-10,28657.31,USD,Partially Paid,0.0,,0.0,28657.31,False,52,True
INV00000781,SO00001307,CUST000230,2026-06-06,2026-07-21,28177.37,MXN,Partially Paid,0.0,,0.0,28177.37,False,-50,False
INV00000784,SO00000035,CUST000103,2026-01-25,2026-03-11,826.35,USD,Paid,0.0,,0.0,826.35,False,82,True
INV00000787,SO00001010,CUST000175,,2026-05-13,31285.0,MXN,Cancelled,0.0,,0.0,31285.0,False,19,True
INV00000793,SO00000674,CUST000223,2026-04-18,2026-06-17,42629.8,MXN,Partially Paid,0.0,,0.0,42629.8,False,-16,False
INV00000805,SO00000091,CUST000199,,2026-06-22,4722.53,CAD,Open,3541.9,2026-06-24,1.0,1180.6299999999997,False,-21,False
INV00000807,SO00000545,CUST000272,,2026-03-08,23317.85,USD,Cancelled,0.0,,0.0,23317.85,False,85,True
INV00000809,SO00000910,CUST000354,,2026-06-04,28612.14,MXN,Partially Paid,0.0,,0.0,28612.14,False,-3,False
INV00000815,SO00001365,CUST000157,2026-03-04,2026-04-03,13344.46,EUR,Open,10008.35,2026-04-18,1.0,3336.1099999999988,False,59,True
INV00000819,SO00001364,CUST000401,2026-03-09,2026-04-08,29769.73,CAD,Open,0.0,,0.0,29769.73,False,54,True
INV00000826,SO00002240,CUST000006,2026-06-08,2026-06-23,7265.5,EUR,Partially Paid,0.0,,0.0,7265.5,False,-22,False
INV00000827,SO00002278,CUST000217,2026-05-16,2026-06-30,39066.23,CAD,Open,0.0,,0.0,39066.23,False,-29,False
INV00000828,SO00001609,CUST000113,,2026-04-25,18769.21,CAD,Partially Paid,0.0,,0.0,18769.21,False,37,True
INV00000829,SO00001451,CUST000069,2026-05-07,2026-07-06,14317.5,USD,Partially Paid,0.0,,0.0,14317.5,False,-35,False
INV00000832,SO00002424,CUST000096,2026-01-16,2026-03-17,13925.92,USD,Paid,6962.96,,1.0,6962.96,False,76,True
INV00000833,SO00001461,CUST000189,2026-03-28,2026-05-27,41444.54,USD,Open,0.0,,0.0,41444.54,False,5,True
INV00000841,SO00001226,CUST000238,,2026-05-15,34507.17,MXN,Paid,0.0,,0.0,34507.17,False,17,True
INV00000849,SO00000153,CUST000012,2026-05-31,2026-06-15,29685.1,USD,Open,29685.1,2026-06-15,1.0,0.0,True,-14,False
INV00000853,SO00001893,CUST000073,2026-01-27,2026-03-13,20363.7,USD,Paid,20363.7,,1.0,0.0,True,80,False
INV00000854,SO00000488,CUST000348,,2026-03-03,27717.25,CAD,Partially Paid,0.0,,0.0,27717.25,False,90,True
INV00000855,SO00001438,CUST000378,,2026-05-27,23560.95,CAD,Open,0.0,,0.0,23560.95,False,5,True
INV00000860,SO00002435,CUST000385,,2026-02-18,12362.61,MXN,Cancelled,0.0,,0.0,12362.61,False,103,True
INV00000866,SO00000485,CUST000002,,2026-06-28,33192.23,USD,Paid,0.0,,0.0,33192.23,False,-27,False
INV00000879,SO00000262,CUST000154,2026-05-13,2026-05-28,15036.6,MXN,Partially Paid,0.0,,0.0,15036.6,False,4,True
INV00000882,SO00001961,CUST000017,,2026-05-04,15998.57,EUR,Open,11998.93,2026-05-06,1.0,3999.6399999999994,False,28,True
INV00000883,SO00001937,CUST000289,,2026-02-17,40129.83,EUR,Open,0.0,,0.0,40129.83,False,104,True
INV00000885,SO00000552,CUST000038,2026-04-17,2026-06-01,8333.08,CAD,Paid,8333.08,2026-05-22,1.0,0.0,True,0,False
INV00000886,SO00001139,CUST000227,,2026-07-10,20237.62,MXN,Cancelled,10118.81,,1.0,10118.81,False,-39,False
INV00000890,SO00002085,CUST000119,2026-04-14,2026-05-29,25716.03,USD,Open,12858.02,2026-06-28,1.0,12858.009999999998,False,3,True
INV00000891,SO00001084,CUST000424,2026-02-01,2026-02-16,21029.64,MXN,Open,0.0,,0.0,21029.64,False,105,True
INV00000893,SO00002251,CUST000157,2026-05-04,2026-05-19,7323.79,USD,Paid,0.0,,0.0,7323.79,False,13,True
INV00000896,SO00001168,CUST000304,,2026-03-27,7972.77,EUR,Cancelled,7972.77,,1.0,0.0,True,66,False
INV00000902,SO00001691,CUST000259,,2026-05-09,38026.87,USD,Paid,38026.87,,1.0,0.0,True,23,False
INV00000903,SO00001945,CUST000123,,2026-05-23,22744.44,MXN,Partially Paid,0.0,,0.0,22744.44,False,9,True
INV00000907,SO00001280,CUST000359,,2026-03-09,33221.59,CAD,Cancelled,0.0,,0.0,33221.59,False,84,True
INV00000908,SO00001903,CUST000035,2026-04-27,2026-05-27,20616.53,USD,Open,0.0,,0.0,20616.53,False,5,True
INV00000909,SO00001422,CUST000205,2026-05-13,2026-06-27,2523.96,MXN,Open,2523.96,2026-07-02,1.0,0.0,True,-26,False
INV00000910,SO00000159,CUST000208,,2026-03-27,36417.97,USD,Cancelled,36417.97,2026-03-24,1.0,0.0,True,66,False
INV00000911,SO00000242,CUST000227,2026-02-21,2026-03-08,24638.3,USD,Open,0.0,,0.0,24638.3,False,85,True
INV00000916,SO00001070,CUST000293,,2026-05-06,16677.86,USD,Partially Paid,0.0,,0.0,16677.86,False,26,True
INV00000920,SO00000752,CUST000070,,2026-07-18,7904.03,USD,Open,7904.03,2026-07-15,1.0,0.0,True,-47,False
INV00000933,SO00001212,CUST000282,,2026-06-04,24200.6,CAD,Partially Paid,0.0,,0.0,24200.6,False,-3,False
INV00000938,SO00000743,CUST000301,2026-04-30,2026-05-30,8309.39,EUR,Open,0.0,,0.0,8309.39,False,2,True
INV00000939,SO00001891,CUST000407,,2026-06-25,27189.66,CAD,Open,13594.83,,1.0,13594.83,False,-24,False
INV00000941,SO00000249,CUST000096,2026-01-21,2026-03-07,268.04,USD,Open,0.0,,0.0,268.04,False,86,True
INV00000942,SO00001575,CUST000084,,2026-05-31,38375.57,EUR,Paid,0.0,,0.0,38375.57,False,1,True
INV00000947,SO00001421,CUST000012,,2026-06-13,33350.76,EUR,Cancelled,0.0,,0.0,33350.76,False,-12,False
INV00000948,SO00001309,CUST000002,2026-03-10,2026-04-24,41908.22,USD,Partially Paid,0.0,,0.0,41908.22,False,38,True
INV00000949,SO00000109,CUST000387,,2026-05-28,14138.5,CAD,Partially Paid,0.0,,0.0,14138.5,False,4,True
INV00000950,SO00001424,CUST000183,2026-05-26,2026-07-25,20957.81,EUR,Partially Paid,10478.91,,1.0,10478.900000000001,False,-54,False
INV00000951,SO00001005,CUST000298,2026-05-26,2026-07-25,25274.62,USD,Cancelled,0.0,,0.0,25274.62,False,-54,False
INV00000952,SO00000325,CUST000448,,2026-03-28,37219.38,USD,Partially Paid,0.0,,0.0,37219.38,False,65,True
INV00000953,SO00000868,CUST000428,2026-01-17,2026-03-18,2120.21,USD,Paid,2120.21,,1.0,0.0,True,75,False
INV00000956,SO00002353,CUST000321,,2026-04-17,3888.5,USD,Partially Paid,0.0,,0.0,3888.5,False,45,True
INV00000960,SO00001122,CUST000217,,2026-06-19,475.89,USD,Paid,0.0,,0.0,475.89,False,-18,False
INV00000961,SO00000832,CUST000262,,2026-04-16,39401.67,USD,Open,19700.83,2026-05-01,1.0,19700.839999999997,False,46,True
INV00000962,SO00000847,CUST000188,,2026-05-05,27629.95,USD,Cancelled,27629.95,2026-04-25,1.0,0.0,True,27,False
INV00000963,SO00000689,CUST000073,,2026-03-14,39801.37,USD,Paid,0.0,,0.0,39801.37,False,79,True
INV00000965,SO00000722,CUST000298,2026-04-16,2026-06-15,27413.46,USD,Paid,0.0,,0.0,27413.46,False,-14,False
INV00000967,SO00001734,CUST000355,,2026-06-24,35150.96,USD,Cancelled,0.0,,0.0,35150.96,False,-23,False
INV00000973,SO00000138,CUST000088,2026-01-21,2026-02-05,16312.61,MXN,Cancelled,0.0,,0.0,16312.61,False,116,True
INV00000974,SO00000997,CUST000080,2026-02-03,2026-03-20,13845.31,MXN,Open,13845.31,2026-03-25,1.0,0.0,True,73,False
INV00000975,SO00000211,CUST000004,2026-02-10,2026-03-27,25521.85,EUR,Open,0.0,,0.0,25521.85,False,66,True
INV00000979,SO00002454,CUST000196,,2026-02-18,28642.95,CAD,Open,0.0,,0.0,28642.95,False,103,True
INV00000986,SO00000717,CUST000232,,2026-05-30,43261.79,CAD,Open,21630.89,,1.0,21630.9,False,2,True
INV00000987,SO00000016,CUST000222,2026-04-07,2026-05-07,28899.0,CAD,Open,0.0,,0.0,28899.0,False,25,True
INV00001000,SO00000037,CUST000111,2026-02-19,2026-04-05,18235.22,USD,Paid,0.0,,0.0,18235.22,False,57,True
INV00001004,SO00001872,CUST000365,,2026-06-26,17109.34,MXN,Open,0.0,,0.0,17109.34,False,-25,False
INV00001005,SO00000068,CUST000021,,2026-07-26,21839.5,MXN,Partially Paid,0.0,,0.0,21839.5,False,-55,False
INV00001007,SO00000686,CUST000224,,2026-07-21,10034.35,USD,Open,5017.18,,1.0,5017.17,False,-50,False
INV00001009,SO00002001,CUST000289,2026-02-07,2026-03-24,2333.15,USD,Cancelled,2333.15,2026-04-23,1.0,0.0,True,69,False
INV00001011,SO00002137,CUST000056,2026-03-19,2026-05-18,14821.6,CAD,Partially Paid,0.0,,0.0,14821.6,False,14,True
INV00001015,SO00001781,CUST000116,2026-03-31,2026-04-15,14346.07,USD,Open,0.0,,0.0,14346.07,False,47,True
INV00001019,SO00001713,CUST000326,2026-03-21,2026-04-05,41179.47,CAD,Cancelled,0.0,,0.0,41179.47,False,57,True
INV00001020,SO00001749,CUST000431,2026-04-21,2026-05-06,9117.61,CAD,Partially Paid,4558.8,2026-06-05,1.0,4558.81,False,26,True
INV00001027,SO00001667,CUST000182,,2026-03-30,19037.65,USD,Partially Paid,9518.82,2026-03-27,1.0,9518.830000000002,False,63,True
INV00001028,SO00001566,CUST000392,2026-04-12,2026-05-27,24670.5,USD,Partially Paid,0.0,,0.0,24670.5,False,5,True
INV00001030,SO00001791,CUST000218,2026-05-01,2026-05-16,3617.02,CAD,Cancelled,0.0,,0.0,3617.02,False,16,True
INV00001032,SO00000509,CUST000277,,2026-07-14,4182.41,USD,Paid,4182.41,2026-07-11,1.0,0.0,True,-43,False
INV00001033,SO00001805,CUST000047,,2026-04-27,36555.26,USD,Open,0.0,,0.0,36555.26,False,35,True
INV00001034,SO00001132,CUST000193,,2026-05-28,16798.84,EUR,Partially Paid,0.0,,0.0,16798.84,False,4,True
INV00001035,SO00000236,CUST000187,,2026-06-02,33979.16,MXN,Open,16989.58,2026-07-02,1.0,16989.58,False,-1,False
INV00001036,SO00000653,CUST000017,2026-05-02,2026-06-16,40782.32,MXN,Partially Paid,0.0,,0.0,40782.32,False,-15,False
INV00001037,SO00000233,CUST000373,2026-02-08,2026-04-09,13413.43,USD,Open,0.0,,0.0,13413.43,False,53,True
INV00001041,SO00000483,CUST000332,2026-04-23,2026-06-22,34798.2,USD,Cancelled,0.0,,0.0,34798.2,False,-21,False
INV00001044,SO00000921,CUST000017,,2026-03-22,6074.32,USD,Open,0.0,,0.0,6074.32,False,71,True
INV00001046,SO00000442,CUST000205,,2026-04-21,23273.7,USD,Partially Paid,0.0,,0.0,23273.7,False,41,True
INV00001050,SO00000212,CUST000146,2026-03-06,2026-04-05,1242.06,CAD,Partially Paid,0.0,,0.0,1242.06,False,57,True
INV00001051,SO00002375,CUST000028,2026-04-08,2026-05-08,920.78,CAD,Cancelled,920.78,2026-04-28,1.0,0.0,True,24,False
INV00001052,SO00000763,CUST000092,2026-01-29,2026-02-13,35449.73,USD,Paid,17724.87,2026-02-18,1.0,17724.860000000004,False,108,True
INV00001054,SO00002077,CUST000097,2026-05-28,2026-07-27,18249.64,MXN,Cancelled,9124.82,,1.0,9124.82,False,-56,False
INV00001056,SO00002386,CUST000418,,2026-07-18,36210.48,USD,Open,0.0,,0.0,36210.48,False,-47,False
INV00001062,SO00002233,CUST000347,,2026-06-21,42346.88,MXN,Open,0.0,,0.0,42346.88,False,-20,False
INV00001066,SO00002422,CUST000113,,2026-06-19,22730.58,CAD,Partially Paid,22730.58,,1.0,0.0,True,-18,False
INV00001072,SO00001314,CUST000246,,2026-05-10,27185.19,USD,Paid,0.0,,0.0,27185.19,False,22,True
INV00001082,SO00000972,CUST000238,2026-01-31,2026-03-02,13974.88,EUR,Cancelled,0.0,,0.0,13974.88,False,91,True
INV00001083,SO00000516,CUST000099,2026-04-01,2026-05-31,24746.58,EUR,Partially Paid,0.0,,0.0,24746.58,False,1,True
INV00001086,SO00000547,CUST000104,,2026-07-06,9414.55,MXN,Cancelled,9414.55,,1.0,0.0,True,-35,False
INV00001089,SO00000093,CUST000288,,2026-07-09,32366.54,USD,Paid,32366.54,2026-07-09,1.0,0.0,True,-38,False
INV00001090,SO00002108,CUST000001,2026-03-20,2026-05-19,4968.17,MXN,Partially Paid,0.0,,0.0,4968.17,False,13,True
INV00001097,SO00001540,CUST000397,,2026-03-20,15514.17,MXN,Paid,0.0,,0.0,15514.17,False,73,True
INV00001102,SO00000635,CUST000315,,2026-06-17,15218.05,USD,Open,0.0,,0.0,15218.05,False,-16,False
INV00001103,SO00000576,CUST000427,2026-05-04,2026-06-18,34249.54,USD,Cancelled,0.0,,0.0,34249.54,False,-17,False
INV00001107,SO00001380,CUST000300,,2026-03-25,8580.78,USD,Cancelled,0.0,,0.0,8580.78,False,68,True
INV00001108,SO00002410,CUST000381,2026-03-08,2026-04-22,32801.15,USD,Paid,0.0,,0.0,32801.15,False,40,True
INV00001111,SO00001883,CUST000356,,2026-07-04,26230.37,EUR,Cancelled,13115.18,,1.0,13115.189999999999,False,-33,False
INV00001114,SO00000932,CUST000047,2026-03-15,2026-03-30,23799.91,EUR,Paid,0.0,,0.0,23799.91,False,63,True
INV00001115,SO00001702,CUST000359,,2026-07-30,5917.62,CAD,Partially Paid,0.0,,0.0,5917.62,False,-59,False
INV00001117,SO00000843,CUST000332,,2026-04-30,4530.54,USD,Partially Paid,0.0,,0.0,4530.54,False,32,True
INV00001119,SO00001443,CUST000248,,2026-05-27,21399.42,USD,Cancelled,21399.42,,1.0,0.0,True,5,False
INV00001122,SO00001647,CUST000427,,2026-05-27,6379.89,MXN,Cancelled,0.0,,0.0,6379.89,False,5,True
INV00001129,SO00002272,CUST000158,2026-03-26,2026-04-10,26482.42,CAD,Open,26482.42,2026-04-07,1.0,0.0,True,52,False
INV00001140,SO00000524,CUST000402,,2026-03-11,26721.19,USD,Cancelled,0.0,,0.0,26721.19,False,82,True
INV00001146,SO00000556,CUST000167,,2026-05-21,40625.11,USD,Open,0.0,,0.0,40625.11,False,11,True
INV00001147,SO00000755,CUST000098,,2026-02-12,35634.65,USD,Paid,0.0,,0.0,35634.65,False,109,True
INV00001149,SO00000057,CUST000228,2026-05-25,2026-07-09,6610.04,USD,Cancelled,0.0,,0.0,6610.04,False,-38,False
INV00001156,SO00000589,CUST000088,2026-01-16,2026-03-02,8417.84,CAD,Open,0.0,,0.0,8417.84,False,91,True
INV00001160,SO00001259,CUST000257,,2026-03-29,14371.43,USD,Open,0.0,,0.0,14371.43,False,64,True
INV00001161,SO00000029,CUST000197,,2026-07-03,26779.51,USD,Cancelled,26779.51,,1.0,0.0,True,-32,False
INV00001162,SO00001177,CUST000319,,2026-06-18,3501.7,USD,Paid,2626.27,,1.0,875.4299999999998,False,-17,False
INV00001164,SO00001550,CUST000355,,2026-04-15,35489.96,EUR,Partially Paid,0.0,,0.0,35489.96,False,47,True
INV00001165,SO00000001,CUST000239,,2026-03-07,10605.32,USD,Paid,0.0,,0.0,10605.32,False,86,True
INV00001166,SO00002465,CUST000428,,2026-05-14,35831.94,EUR,Open,35831.94,,1.0,0.0,True,18,False
INV00001170,SO00001322,CUST000056,,2026-02-18,28747.4,CAD,Partially Paid,21560.55,,1.0,7186.850000000002,False,103,True
INV00001181,SO00001941,CUST000004,,2026-03-03,20605.22,CAD,Partially Paid,20605.22,2026-03-18,1.0,0.0,True,90,False
INV00001184,SO00001458,CUST000086,2026-05-19,2026-06-03,1179.88,MXN,Open,0.0,,0.0,1179.88,False,-2,False
INV00001185,SO00001979,CUST000355,2026-03-24,2026-04-08,36241.73,CAD,Open,0.0,,0.0,36241.73,False,54,True
INV00001187,SO00001735,CUST000364,,2026-08-04,37026.91,USD,Open,0.0,,0.0,37026.91,False,-64,False
INV00001192,SO00001305,CUST000246,2026-04-12,2026-05-27,27416.8,EUR,Paid,27416.8,2026-05-17,1.0,0.0,True,5,False
INV00001193,SO00001711,CUST000158,,2026-04-01,12541.36,USD,Open,12541.36,2026-03-29,1.0,0.0,True,61,False
INV00001194,SO00000607,CUST000001,2026-03-06,2026-05-05,17255.15,USD,Cancelled,0.0,,0.0,17255.15,False,27,True
INV00001206,SO00001577,CUST000440,2026-05-07,2026-06-21,42814.68,CAD,Cancelled,0.0,,0.0,42814.68,False,-20,False
INV00001210,SO00002461,CUST000186,,2026-04-27,43588.09,USD,Paid,0.0,,0.0,43588.09,False,35,True
INV00001211,SO00000429,CUST000063,2026-01-22,2026-03-23,9248.87,USD,Open,0.0,,0.0,9248.87,False,70,True
INV00001212,SO00000171,CUST000109,,2026-04-24,38097.52,USD,Open,38097.52,,1.0,0.0,True,38,False
INV00001213,SO00000994,CUST000280,2026-02-17,2026-04-18,34765.39,USD,Cancelled,0.0,,0.0,34765.39,False,44,True
INV00001214,SO00001000,CUST000339,2026-02-13,2026-02-28,3689.73,MXN,Paid,0.0,,0.0,3689.73,False,93,True
INV00001215,SO00002082,CUST000184,2026-02-16,2026-04-02,35411.37,EUR,Open,0.0,,0.0,35411.37,False,60,True
INV00001218,SO00001908,CUST000195,2026-04-05,2026-05-20,35100.77,USD,Cancelled,0.0,,0.0,35100.77,False,12,True
INV00001222,SO00001729,CUST000143,,2026-07-06,27642.16,USD,Cancelled,0.0,,0.0,27642.16,False,-35,False
INV00001223,SO00002189,CUST000205,2026-03-10,2026-03-25,13540.82,USD,Open,0.0,,0.0,13540.82,False,68,True
INV00001229,SO00001870,CUST000046,2026-05-18,2026-07-17,27562.81,USD,Partially Paid,27562.81,2026-08-01,1.0,0.0,True,-46,False
INV00001231,SO00000299,CUST000213,2026-02-28,2026-04-29,2486.71,MXN,Open,0.0,,0.0,2486.71,False,33,True
INV00001237,SO00001921,CUST000357,,2026-02-21,4192.83,USD,Open,0.0,,0.0,4192.83,False,100,True
INV00001238,SO00000368,CUST000030,2026-03-31,2026-05-30,32161.23,EUR,Open,24120.92,,1.0,8040.310000000001,False,2,True
INV00001239,SO00001994,CUST000109,2026-01-27,2026-03-13,9058.7,MXN,Partially Paid,0.0,,0.0,9058.7,False,80,True
INV00001240,SO00001020,CUST000247,2026-05-19,2026-07-18,5143.62,USD,Cancelled,0.0,,0.0,5143.62,False,-47,False
INV00001245,SO00001022,CUST000192,2026-05-26,2026-07-10,31522.42,EUR,Open,0.0,,0.0,31522.42,False,-39,False
INV00001248,SO00000038,CUST000025,2026-05-26,2026-07-25,1337.06,USD,Partially Paid,1337.06,,1.0,0.0,True,-54,False
INV00001251,SO00001556,CUST000214,2026-06-01,2026-07-31,5746.34,USD,Open,0.0,,0.0,5746.34,False,-60,False
INV00001252,SO00000013,CUST000372,2026-01-12,2026-03-13,35423.38,USD,Cancelled,35423.38,,1.0,0.0,True,80,False
INV00001253,SO00002417,CUST000077,2026-03-09,2026-05-08,36894.33,USD,Cancelled,0.0,,0.0,36894.33,False,24,True
INV00001257,SO00001454,CUST000286,,2026-01-28,2248.42,EUR,Paid,0.0,,0.0,2248.42,False,124,True
INV00001260,SO00001484,CUST000134,2026-03-04,2026-03-19,23268.54,EUR,Cancelled,0.0,,0.0,23268.54,False,74,True
INV00001261,SO00000464,CUST000052,,2026-03-14,44713.98,USD,Paid,44713.98,,1.0,0.0,True,79,False
INV00001262,SO00000750,CUST000202,2026-01-13,2026-01-28,41456.45,USD,Partially Paid,41456.45,2026-01-25,1.0,0.0,True,124,False
INV00001264,SO00001102,CUST000392,2026-02-28,2026-03-15,23341.94,MXN,Partially Paid,0.0,,0.0,23341.94,False,78,True
INV00001265,SO00000690,CUST000361,,2026-05-13,1999.11,EUR,Open,1999.11,,1.0,0.0,True,19,False
INV00001270,SO00001638,CUST000028,,2026-05-14,15197.86,USD,Open,0.0,,0.0,15197.86,False,18,True
INV00001272,SO00001981,CUST000335,2026-02-15,2026-03-02,27305.99,EUR,Open,27305.99,,1.0,0.0,True,91,False
INV00001274,SO00001607,CUST000065,,2026-05-14,18801.07,MXN,Paid,18801.07,2026-05-04,1.0,0.0,True,18,False
INV00001275,SO00001808,CUST000413,,2026-03-25,5017.21,MXN,Partially Paid,5017.21,2026-03-30,1.0,0.0,True,68,False
INV00001276,SO00001619,CUST000184,2026-05-20,2026-06-19,29832.63,USD,Cancelled,0.0,,0.0,29832.63,False,-18,False
INV00001290,SO00002297,CUST000284,,2026-03-21,4304.49,USD,Open,0.0,,0.0,4304.49,False,72,True
INV00001296,SO00001992,CUST000140,2026-06-01,2026-07-16,29017.64,USD,Partially Paid,14508.82,,1.0,14508.82,False,-45,False
INV00001297,SO00002344,CUST000355,2026-05-07,2026-06-21,12406.48,MXN,Partially Paid,0.0,,0.0,12406.48,False,-20,False
INV00001299,SO00000608,CUST000157,,2026-03-30,30199.71,CAD,Partially Paid,22649.78,2026-04-14,1.0,7549.93,False,63,True
INV00001302,SO00001117,CUST000137,2026-03-26,2026-04-10,8253.01,USD,Partially Paid,0.0,,0.0,8253.01,False,52,True
INV00001303,SO00002273,CUST000380,2026-05-13,2026-05-28,22702.91,CAD,Open,0.0,,0.0,22702.91,False,4,True
INV00001310,SO00002066,CUST000354,2026-03-05,2026-03-20,42988.39,CAD,Paid,0.0,,0.0,42988.39,False,73,True
INV00001313,SO00002050,CUST000142,2026-04-30,2026-06-14,25767.87,CAD,Open,25767.87,2026-06-16,1.0,0.0,True,-13,False
INV00001316,SO00001922,CUST000424,,2026-05-21,44473.8,USD,Paid,33355.35,,1.0,11118.450000000004,False,11,True
INV00001318,SO00000196,CUST000063,,2026-05-09,35299.23,MXN,Open,35299.23,2026-05-24,1.0,0.0,True,23,False
INV00001323,SO00002118,CUST000007,,2026-05-28,43935.04,CAD,Cancelled,21967.52,2026-05-25,1.0,21967.52,False,4,True
INV00001325,SO00002096,CUST000260,,2026-03-29,2997.19,CAD,Open,2247.9,,1.0,749.29,False,64,True
INV00001327,SO00000637,CUST000311,,2026-07-11,7259.97,USD,Open,0.0,,0.0,7259.97,False,-40,False
INV00001329,SO00001792,CUST000232,,2026-03-22,14544.02,CAD,Open,0.0,,0.0,14544.02,False,71,True
INV00001336,SO00001554,CUST000366,,2026-02-13,29115.92,EUR,Cancelled,0.0,,0.0,29115.92,False,108,True
INV00001337,SO00002339,CUST000006,,2026-04-16,2031.32,USD,Paid,0.0,,0.0,2031.32,False,46,True
INV00001341,SO00000519,CUST000068,2026-06-05,2026-08-04,2789.98,USD,Paid,0.0,,0.0,2789.98,False,-64,False
INV00001342,SO00001524,CUST000181,,2026-07-16,4879.83,CAD,Paid,0.0,,0.0,4879.83,False,-45,False
INV00001343,SO00001864,CUST000190,2026-03-24,2026-04-08,33516.8,USD,Partially Paid,0.0,,0.0,33516.8,False,54,True
INV00001345,SO00000389,CUST000015,,2026-02-19,37394.32,CAD,Open,0.0,,0.0,37394.32,False,102,True
INV00001350,SO00000355,CUST000373,2026-01-28,2026-02-12,35478.01,EUR,Cancelled,17739.01,2026-02-27,1.0,17739.000000000004,False,109,True
INV00001352,SO00000728,CUST000327,,2026-03-27,14405.02,USD,Partially Paid,0.0,,0.0,14405.02,False,66,True
INV00001353,SO00000307,CUST000085,2026-01-26,2026-03-27,29890.56,USD,Open,29890.56,,1.0,0.0,True,66,False
INV00001355,SO00001562,CUST000434,2026-01-21,2026-03-07,41509.46,USD,Partially Paid,41509.46,,1.0,0.0,True,86,False
INV00001363,SO00000175,CUST000122,,2026-05-28,4602.2,USD,Cancelled,0.0,,0.0,4602.2,False,4,True
INV00001364,SO00000176,CUST000241,,2026-03-03,10359.31,EUR,Open,0.0,,0.0,10359.31,False,90,True
INV00001365,SO00001447,CUST000354,,2026-01-30,4785.07,MXN,Paid,0.0,,0.0,4785.07,False,122,True
INV00001370,SO00000098,CUST000122,2026-03-10,2026-05-09,27226.36,CAD,Paid,27226.36,2026-05-24,1.0,0.0,True,23,False
INV00001372,SO00001887,CUST000021,2026-06-06,2026-07-06,12137.91,USD,Open,12137.91,2026-07-11,1.0,0.0,True,-35,False
INV00001376,SO00000971,CUST000310,,2026-04-15,9655.14,USD,Open,0.0,,0.0,9655.14,False,47,True
INV00001378,SO00000471,CUST000043,2026-03-30,2026-04-14,39472.2,EUR,Paid,0.0,,0.0,39472.2,False,48,True
INV00001379,SO00001535,CUST000417,2026-05-08,2026-07-07,39154.31,MXN,Open,39154.31,2026-07-22,1.0,0.0,True,-36,False
INV00001383,SO00000808,CUST000391,,2026-05-23,29512.06,MXN,Cancelled,29512.06,2026-05-25,1.0,0.0,True,9,False
INV00001384,SO00002161,CUST000169,,2026-04-27,1322.03,MXN,Cancelled,0.0,,0.0,1322.03,False,35,True
INV00001385,SO00001191,CUST000448,,2026-03-13,35092.36,EUR,Open,0.0,,0.0,35092.36,False,80,True
INV00001386,SO00002450,CUST000314,,2026-06-06,32950.26,USD,Partially Paid,0.0,,0.0,32950.26,False,-5,False
INV00001389,SO00001039,CUST000351,,2026-03-15,23885.66,MXN,Open,0.0,,0.0,23885.66,False,78,True
INV00001390,SO00002232,CUST000448,2026-01-25,2026-03-26,15721.03,USD,Cancelled,0.0,,0.0,15721.03,False,67,True
INV00001394,SO00000230,CUST000253,,2026-06-15,36222.1,MXN,Open,0.0,,0.0,36222.1,False,-14,False
INV00001395,SO00001834,CUST000051,2026-02-20,2026-03-07,35445.29,EUR,Partially Paid,0.0,,0.0,35445.29,False,86,True
INV00001400,SO00001023,CUST000016,,2026-04-10,33861.68,USD,Paid,33861.68,2026-05-10,1.0,0.0,True,52,False
INV00001401,SO00000995,CUST000209,,2026-01-27,7276.53,USD,Paid,7276.53,,1.0,0.0,True,125,False
INV00001404,SO00002206,CUST000224,2026-05-31,2026-07-30,15240.42,USD,Paid,15240.42,2026-07-30,1.0,0.0,True,-59,False
INV00001405,SO00001137,CUST000280,,2026-05-26,43508.98,EUR,Open,0.0,,0.0,43508.98,False,6,True
INV00001409,SO00001040,CUST000340,2026-04-17,2026-05-17,23690.06,CAD,Open,0.0,,0.0,23690.06,False,15,True
INV00001410,SO00001688,CUST000006,,2026-02-26,43702.07,EUR,Open,0.0,,0.0,43702.07,False,95,True
INV00001418,SO00001587,CUST000080,2026-01-26,2026-03-12,11078.25,USD,Open,5539.12,2026-03-09,1.0,5539.13,False,81,True
INV00001421,SO00001235,CUST000016,2026-06-09,2026-07-09,16717.64,MXN,Open,0.0,,0.0,16717.64,False,-38,False
INV00001425,SO00000304,CUST000385,,2026-06-06,20482.3,MXN,Cancelled,0.0,,0.0,20482.3,False,-5,False
INV00001433,SO00000115,CUST000272,2026-06-06,2026-07-06,18481.84,MXN,Paid,0.0,,0.0,18481.84,False,-35,False
INV00001434,SO00002412,CUST000023,2026-03-17,2026-04-16,10628.85,USD,Open,0.0,,0.0,10628.85,False,46,True
INV00001440,SO00001631,CUST000188,2026-05-05,2026-06-04,28018.15,MXN,Partially Paid,0.0,,0.0,28018.15,False,-3,False
INV00001444,SO00001495,CUST000098,2026-04-13,2026-05-28,41277.28,USD,Cancelled,0.0,,0.0,41277.28,False,4,True
INV00001445,SO00001232,CUST000056,,2026-02-27,36978.83,USD,Cancelled,0.0,,0.0,36978.83,False,94,True
INV00001446,SO00001505,CUST000323,2026-01-24,2026-02-08,35536.68,USD,Paid,17768.34,2026-02-08,1.0,17768.34,False,113,True
INV00001448,SO00001790,CUST000285,,2026-02-26,37123.87,MXN,Open,37123.87,2026-03-03,1.0,0.0,True,95,False
INV00001449,SO00000954,CUST000432,,2026-04-18,22572.26,CAD,Partially Paid,0.0,,0.0,22572.26,False,44,True
INV00001454,SO00001788,CUST000425,2026-04-05,2026-06-04,28532.63,CAD,Partially Paid,0.0,,0.0,28532.63,False,-3,False
INV00001461,SO00001391,CUST000367,,2026-05-25,1833.63,USD,Open,0.0,,0.0,1833.63,False,7,True
INV00001462,SO00002030,CUST000017,,2026-06-21,24262.04,USD,Open,24262.04,2026-06-23,1.0,0.0,True,-20,False
INV00001468,SO00000769,CUST000271,2026-04-07,2026-05-07,16655.89,USD,Open,16655.89,2026-05-04,1.0,0.0,True,25,False
INV00001471,SO00000937,CUST000426,2026-06-01,2026-06-16,34258.73,MXN,Paid,25694.05,,1.0,8564.680000000004,False,-15,False
INV00001476,SO00000715,CUST000070,2026-04-05,2026-04-20,39108.23,USD,Cancelled,0.0,,0.0,39108.23,False,42,True
INV00001487,SO00000303,CUST000068,2026-02-01,2026-03-18,28995.87,USD,Paid,28995.87,2026-04-02,1.0,0.0,True,75,False
INV00001490,SO00001718,CUST000011,2026-04-07,2026-04-22,15569.99,CAD,Partially Paid,0.0,,0.0,15569.99,False,40,True
INV00001491,SO00001340,CUST000097,2026-02-25,2026-03-27,3338.87,EUR,Cancelled,0.0,,0.0,3338.87,False,66,True
INV00001492,SO00001842,CUST000330,2026-04-23,2026-06-07,9860.71,EUR,Open,0.0,,0.0,9860.71,False,-6,False
INV00001501,SO00000657,CUST000004,,2026-05-28,20660.18,USD,Open,0.0,,0.0,20660.18,False,4,True
INV00001503,SO00002473,CUST000364,,2026-03-18,18902.45,MXN,Open,0.0,,0.0,18902.45,False,75,True
INV00001504,SO00000624,CUST000133,2026-04-15,2026-05-30,37551.99,USD,Open,37551.99,,1.0,0.0,True,2,False
INV00001510,SO00001668,CUST000225,,2026-04-27,29964.77,USD,Cancelled,0.0,,0.0,29964.77,False,35,True
INV00001511,SO00000018,CUST000367,2026-01-16,2026-03-17,35387.07,USD,Open,26540.3,2026-04-01,1.0,8846.77,False,76,True
INV00001517,SO00000677,CUST000282,2026-04-17,2026-05-02,41709.82,USD,Paid,0.0,,0.0,41709.82,False,30,True
INV00001523,SO00001925,CUST000396,,2026-03-20,30496.96,USD,Open,30496.96,2026-03-10,1.0,0.0,True,73,False
INV00001532,SO00001260,CUST000161,2026-02-07,2026-03-09,12326.26,USD,Open,0.0,,0.0,12326.26,False,84,True
INV00001537,SO00002355,CUST000127,2026-04-04,2026-04-19,2979.17,USD,Paid,0.0,,0.0,2979.17,False,43,True
INV00001538,SO00000118,CUST000324,2026-01-09,2026-03-10,9089.28,USD,Cancelled,9089.28,2026-03-15,1.0,0.0,True,83,False
INV00001541,SO00002318,CUST000140,2026-05-06,2026-06-05,37490.14,EUR,Cancelled,0.0,,0.0,37490.14,False,-4,False
INV00001542,SO00001593,CUST000415,2026-01-17,2026-03-03,29721.75,USD,Open,0.0,,0.0,29721.75,False,90,True
INV00001552,SO00000640,CUST000033,2026-04-14,2026-06-13,29911.05,MXN,Paid,0.0,,0.0,29911.05,False,-12,False
INV00001557,SO00000978,CUST000292,2026-03-03,2026-03-18,38714.3,USD,Partially Paid,0.0,,0.0,38714.3,False,75,True
INV00001562,SO00001536,CUST000031,,2026-05-27,39951.01,USD,Paid,0.0,,0.0,39951.01,False,5,True
INV00001563,SO00002486,CUST000053,2026-02-09,2026-04-10,27708.24,MXN,Partially Paid,13854.12,2026-04-25,1.0,13854.12,False,52,True
INV00001564,SO00000532,CUST000357,,2026-03-29,42763.5,USD,Paid,42763.5,2026-03-29,1.0,0.0,True,64,False
INV00001565,SO00001889,CUST000269,,2026-06-03,44459.77,USD,Partially Paid,0.0,,0.0,44459.77,False,-2,False
INV00001570,SO00000592,CUST000185,2026-01-10,2026-01-25,26891.96,MXN,Cancelled,0.0,,0.0,26891.96,False,127,True
INV00001572,SO00001611,CUST000058,,2026-05-22,39847.88,EUR,Paid,0.0,,0.0,39847.88,False,10,True
INV00001573,SO00000882,CUST000069,,2026-02-28,21697.41,USD,Paid,16273.06,2026-03-02,1.0,5424.35,False,93,True
INV00001574,SO00000379,CUST000037,2026-02-19,2026-04-05,245.52,MXN,Paid,0.0,,0.0,245.52,False,57,True
INV00001576,SO00001793,CUST000304,,2026-03-05,11614.6,CAD,Open,0.0,,0.0,11614.6,False,88,True
INV00001581,SO00000884,CUST000106,2026-05-29,2026-07-13,16194.16,USD,Open,16194.16,,1.0,0.0,True,-42,False
INV00001585,SO00001661,CUST000416,2026-05-07,2026-07-06,17833.94,MXN,Open,0.0,,0.0,17833.94,False,-35,False
INV00001586,SO00001986,CUST000336,2026-04-14,2026-05-29,26164.32,USD,Open,13082.16,,1.0,13082.16,False,3,True
INV00001590,SO00000764,CUST000378,2026-03-29,2026-04-28,44732.7,USD,Cancelled,0.0,,0.0,44732.7,False,34,True
INV00001592,SO00001853,CUST000134,2026-01-23,2026-02-22,16744.77,USD,Open,12558.58,2026-03-09,1.0,4186.1900000000005,False,99,True
INV00001593,SO00001047,CUST000123,,2026-03-09,21496.73,USD,Partially Paid,0.0,,0.0,21496.73,False,84,True
INV00001600,SO00002288,CUST000339,,2026-07-09,44392.77,USD,Paid,44392.77,,1.0,0.0,True,-38,False
INV00001601,SO00000456,CUST000391,2026-05-28,2026-07-27,40366.82,CAD,Partially Paid,0.0,,0.0,40366.82,False,-56,False
INV00001608,SO00000563,CUST000299,,2026-03-15,26797.09,USD,Cancelled,20097.82,,1.0,6699.27,False,78,True
INV00001616,SO00001869,CUST000027,2026-05-23,2026-07-07,20521.35,EUR,Open,0.0,,0.0,20521.35,False,-36,False
INV00001617,SO00001772,CUST000262,2026-02-09,2026-04-10,33117.36,MXN,Cancelled,0.0,,0.0,33117.36,False,52,True
INV00001621,SO00000274,CUST000152,2026-01-25,2026-03-11,9023.66,MXN,Open,6767.74,,1.0,2255.92,False,82,True
INV00001622,SO00000794,CUST000063,,2026-04-04,34145.98,MXN,Open,0.0,,0.0,34145.98,False,58,True
INV00001627,SO00002119,CUST000371,2026-05-01,2026-05-31,1566.61,USD,Open,1566.61,2026-05-21,1.0,0.0,True,1,False
INV00001642,SO00002168,CUST000025,,2026-05-13,12065.22,MXN,Open,12065.22,,1.0,0.0,True,19,False
INV00001644,SO00001389,CUST000089,2026-03-30,2026-05-14,19562.38,CAD,Paid,0.0,,0.0,19562.38,False,18,True
INV00001645,SO00000831,CUST000125,,2026-04-28,35671.34,USD,Partially Paid,0.0,,0.0,35671.34,False,34,True
INV00001647,SO00001968,CUST000261,,2026-06-22,4307.49,MXN,Paid,0.0,,0.0,4307.49,False,-21,False
INV00001648,SO00000721,CUST000401,,2026-02-07,28355.79,CAD,Cancelled,28355.79,2026-02-07,1.0,0.0,True,114,False
INV00001649,SO00000786,CUST000183,2026-03-08,2026-05-07,25385.78,USD,Open,0.0,,0.0,25385.78,False,25,True
INV00001651,SO00000174,CUST000013,,2026-07-13,12624.81,USD,Cancelled,0.0,,0.0,12624.81,False,-42,False
INV00001654,SO00001709,CUST000039,2026-02-14,2026-04-15,6904.1,EUR,Open,6904.1,,1.0,0.0,True,47,False
INV00001658,SO00001716,CUST000294,,2026-06-26,18346.65,CAD,Open,0.0,,0.0,18346.65,False,-25,False
INV00001660,SO00000137,CUST000165,2026-02-22,2026-04-23,30059.54,USD,Cancelled,30059.54,,1.0,0.0,True,39,False
INV00001661,SO00000949,CUST000099,2026-03-14,2026-03-29,18899.57,CAD,Paid,18899.57,,1.0,0.0,True,64,False
INV00001663,SO00001378,CUST000288,2026-03-15,2026-05-14,24512.07,EUR,Open,0.0,,0.0,24512.07,False,18,True
INV00001666,SO00000275,CUST000267,2026-05-08,2026-06-07,6141.31,USD,Partially Paid,6141.31,,1.0,0.0,True,-6,False
INV00001672,SO00001012,CUST000191,2026-04-01,2026-05-01,21765.9,CAD,Paid,0.0,,0.0,21765.9,False,31,True
INV00001674,SO00001076,CUST000224,,2026-02-17,12450.21,CAD,Partially Paid,0.0,,0.0,12450.21,False,104,True
INV00001675,SO00000333,CUST000159,2026-04-07,2026-06-06,40284.74,USD,Open,0.0,,0.0,40284.74,False,-5,False
INV00001676,SO00001006,CUST000389,,2026-05-02,30452.56,EUR,Cancelled,30452.56,2026-04-29,1.0,0.0,True,30,False
INV00001683,SO00001386,CUST000366,2026-04-09,2026-04-24,8060.01,MXN,Cancelled,0.0,,0.0,8060.01,False,38,True
INV00001687,SO00000192,CUST000170,2026-04-12,2026-04-27,26885.11,USD,Paid,13442.56,2026-05-12,1.0,13442.550000000001,False,35,True
INV00001691,SO00002317,CUST000373,2026-05-27,2026-07-11,13127.46,CAD,Cancelled,0.0,,0.0,13127.46,False,-40,False
INV00001693,SO00001277,CUST000037,2026-01-20,2026-02-19,10574.16,CAD,Open,10574.16,2026-02-21,1.0,0.0,True,102,False
INV00001695,SO00001946,CUST000251,2026-01-29,2026-02-13,12723.75,EUR,Open,0.0,,0.0,12723.75,False,108,True
INV00001698,SO00002024,CUST000295,2026-02-01,2026-03-03,36881.81,USD,Partially Paid,27661.36,2026-03-05,1.0,9220.449999999997,False,90,True
INV00001702,SO00000902,CUST000189,,2026-05-20,18099.71,MXN,Partially Paid,18099.71,,1.0,0.0,True,12,False
INV00001705,SO00001670,CUST000396,2026-02-23,2026-04-09,41027.9,MXN,Partially Paid,0.0,,0.0,41027.9,False,53,True
INV00001710,SO00002500,CUST000344,,2026-04-23,40079.13,EUR,Cancelled,0.0,,0.0,40079.13,False,39,True
INV00001719,SO00001573,CUST000144,,2026-05-03,28978.16,USD,Paid,28978.16,2026-04-30,1.0,0.0,True,29,False
INV00001720,SO00000122,CUST000192,,2026-04-06,589.75,USD,Open,0.0,,0.0,589.75,False,56,True
INV00001721,SO00000358,CUST000419,,2026-05-06,28755.6,CAD,Cancelled,14377.8,2026-05-03,1.0,14377.8,False,26,True
INV00001722,SO00001672,CUST000087,2026-02-07,2026-03-09,10385.76,CAD,Open,0.0,,0.0,10385.76,False,84,True
INV00001723,SO00001446,CUST000259,,2026-06-08,42888.79,MXN,Open,0.0,,0.0,42888.79,False,-7,False
INV00001727,SO00002170,CUST000083,2026-01-09,2026-02-23,20568.67,USD,Open,0.0,,0.0,20568.67,False,98,True
INV00001730,SO00000517,CUST000242,,2026-05-07,9722.47,USD,Cancelled,0.0,,0.0,9722.47,False,25,True
INV00001731,SO00001464,CUST000393,,2026-05-17,12676.9,CAD,Paid,0.0,,0.0,12676.9,False,15,True
INV00001733,SO00001787,CUST000385,,2026-03-03,23490.28,CAD,Paid,0.0,,0.0,23490.28,False,90,True
INV00001737,SO00000266,CUST000035,2026-04-05,2026-05-05,15873.7,USD,Open,0.0,,0.0,15873.7,False,27,True
INV00001738,SO00001228,CUST000377,2026-02-16,2026-04-17,43542.3,CAD,Open,0.0,,0.0,43542.3,False,45,True
INV00001740,SO00001675,CUST000039,,2026-06-17,10896.56,EUR,Partially Paid,0.0,,0.0,10896.56,False,-16,False
INV00001743,SO00000218,CUST000263,,2026-03-17,37655.6,USD,Paid,18827.8,,1.0,18827.8,False,76,True
INV00001746,SO00000243,CUST000328,,2026-05-25,21077.01,MXN,Paid,0.0,,0.0,21077.01,False,7,True
INV00001750,SO00000905,CUST000023,2026-05-20,2026-06-19,29562.69,USD,Open,0.0,,0.0,29562.69,False,-18,False
INV00001751,SO00000443,CUST000352,2026-02-20,2026-04-21,35377.72,MXN,Cancelled,0.0,,0.0,35377.72,False,41,True
INV00001756,SO00000092,CUST000087,2026-06-05,2026-06-20,33928.61,USD,Cancelled,33928.61,2026-06-25,1.0,0.0,True,-19,False
INV00001757,SO00000625,CUST000198,2026-02-22,2026-04-23,26591.42,USD,Open,0.0,,0.0,26591.42,False,39,True
INV00001759,SO00000314,CUST000172,,2026-03-25,44770.84,MXN,Paid,0.0,,0.0,44770.84,False,68,True
INV00001761,SO00002250,CUST000309,,2026-06-14,30144.54,USD,Partially Paid,0.0,,0.0,30144.54,False,-13,False
INV00001762,SO00002464,CUST000247,2026-02-03,2026-02-18,26760.68,USD,Open,0.0,,0.0,26760.68,False,103,True
INV00001763,SO00001616,CUST000376,2026-01-23,2026-02-22,26381.47,USD,Open,19786.1,2026-03-24,1.0,6595.370000000003,False,99,True
INV00001765,SO00000760,CUST000136,,2026-05-16,23928.84,USD,Paid,0.0,,0.0,23928.84,False,16,True
INV00001769,SO00002031,CUST000084,,2026-03-12,34985.35,MXN,Open,0.0,,0.0,34985.35,False,81,True
INV00001775,SO00001964,CUST000272,2026-06-02,2026-07-17,43325.08,USD,Paid,0.0,,0.0,43325.08,False,-46,False
INV00001776,SO00002327,CUST000176,2026-03-07,2026-05-06,20876.15,USD,Open,0.0,,0.0,20876.15,False,26,True
INV00001779,SO00001215,CUST000091,,2026-03-24,38177.77,USD,Cancelled,0.0,,0.0,38177.77,False,69,True
INV00001781,SO00001800,CUST000142,,2026-07-18,12751.44,MXN,Open,9563.58,2026-08-17,1.0,3187.8600000000006,False,-47,False
INV00001786,SO00000663,CUST000396,,2026-05-11,3862.18,MXN,Open,1931.09,,1.0,1931.09,False,21,True
INV00001788,SO00002193,CUST000214,2026-03-13,2026-03-28,43350.63,USD,Partially Paid,0.0,,0.0,43350.63,False,65,True
INV00001789,SO00001683,CUST000412,,2026-04-17,24876.38,MXN,Open,24876.38,2026-04-17,1.0,0.0,True,45,False
INV00001791,SO00001978,CUST000299,,2026-06-28,30839.92,USD,Partially Paid,30839.92,2026-06-28,1.0,0.0,True,-27,False
INV00001794,SO00000824,CUST000406,2026-04-03,2026-05-03,2292.79,USD,Partially Paid,2292.79,2026-05-05,1.0,0.0,True,29,False
INV00001799,SO00001194,CUST000415,2026-02-12,2026-02-27,16683.37,USD,Paid,0.0,,0.0,16683.37,False,94,True
INV00001800,SO00000895,CUST000249,,2026-03-13,5462.96,USD,Paid,0.0,,0.0,5462.96,False,80,True
INV00001802,SO00000265,CUST000035,,2026-04-13,19005.74,CAD,Open,19005.74,2026-04-03,1.0,0.0,True,49,False
INV00001806,SO00000703,CUST000443,,2026-05-18,19315.27,EUR,Cancelled,0.0,,0.0,19315.27,False,14,True
INV00001816,SO00001152,CUST000288,2026-02-10,2026-03-12,5727.67,CAD,Cancelled,5727.67,,1.0,0.0,True,81,False
INV00001821,SO00001967,CUST000084,,2026-06-30,42085.17,CAD,Open,0.0,,0.0,42085.17,False,-29,False
INV00001827,SO00000276,CUST000299,2026-03-28,2026-05-12,9346.61,CAD,Open,0.0,,0.0,9346.61,False,20,True
INV00001828,SO00001806,CUST000386,,2026-02-23,25341.19,MXN,Cancelled,19005.89,2026-02-13,1.0,6335.299999999999,False,98,True
INV00001829,SO00000101,CUST000283,2026-05-23,2026-06-22,23089.68,EUR,Cancelled,0.0,,0.0,23089.68,False,-21,False
INV00001831,SO00000990,CUST000125,,2026-04-20,11320.99,USD,Partially Paid,0.0,,0.0,11320.99,False,42,True
INV00001833,SO00000835,CUST000177,,2026-03-03,30672.29,USD,Open,0.0,,0.0,30672.29,False,90,True
INV00001835,SO00001285,CUST000277,,2026-04-23,23924.59,USD,Open,0.0,,0.0,23924.59,False,39,True
INV00001837,SO00001355,CUST000334,,2026-03-26,3843.29,CAD,Partially Paid,3843.29,,1.0,0.0,True,67,False
INV00001838,SO00001721,CUST000209,2026-03-10,2026-04-24,30046.29,MXN,Partially Paid,15023.14,,1.0,15023.150000000001,False,38,True
INV00001839,SO00000682,CUST000161,,2026-07-13,6826.83,MXN,Paid,0.0,,0.0,6826.83,False,-42,False
INV00001840,SO00000511,CUST000393,,2026-06-24,8231.97,USD,Cancelled,0.0,,0.0,8231.97,False,-23,False
INV00001847,SO00000600,CUST000088,2026-06-06,2026-06-21,360.48,MXN,Partially Paid,0.0,,0.0,360.48,False,-20,False
INV00001848,SO00001171,CUST000142,2026-06-05,2026-07-05,6982.65,MXN,Open,0.0,,0.0,6982.65,False,-34,False
INV00001852,SO00001641,CUST000349,2026-04-14,2026-06-13,30203.01,USD,Cancelled,22652.26,,1.0,7550.75,False,-12,False
INV00001853,SO00000527,CUST000006,2026-03-24,2026-04-23,43535.26,USD,Open,0.0,,0.0,43535.26,False,39,True
INV00001855,SO00000837,CUST000239,2026-04-04,2026-04-19,5596.48,MXN,Paid,0.0,,0.0,5596.48,False,43,True
INV00001861,SO00002142,CUST000250,2026-03-14,2026-04-13,3261.62,EUR,Paid,3261.62,,1.0,0.0,True,49,False
INV00001866,SO00002180,CUST000212,2026-05-27,2026-07-11,39604.67,EUR,Partially Paid,0.0,,0.0,39604.67,False,-40,False
INV00001874,SO00002015,CUST000140,2026-06-05,2026-07-20,30110.8,USD,Open,0.0,,0.0,30110.8,False,-49,False
INV00001876,SO00000120,CUST000408,,2026-03-20,22999.44,USD,Partially Paid,22999.44,2026-03-25,1.0,0.0,True,73,False
INV00001878,SO00001568,CUST000241,,2026-05-02,3917.04,USD,Partially Paid,0.0,,0.0,3917.04,False,30,True
INV00001882,SO00002335,CUST000381,2026-03-02,2026-05-01,7195.67,USD,Cancelled,7195.67,,1.0,0.0,True,31,False
INV00001888,SO00000924,CUST000319,,2026-04-02,14217.52,USD,Open,14217.52,,1.0,0.0,True,60,False
INV00001890,SO00002438,CUST000001,,2026-03-30,44859.19,MXN,Open,0.0,,0.0,44859.19,False,63,True
INV00001893,SO00001004,CUST000428,,2026-05-18,30701.39,CAD,Cancelled,0.0,,0.0,30701.39,False,14,True
INV00001895,SO00001704,CUST000044,,2026-05-14,17351.32,USD,Partially Paid,0.0,,0.0,17351.32,False,18,True
