order_id,customer_id,order_date,promised_delivery_date,order_priority,sales_channel,first_ship_ts,last_delivery_ts,shipment_count,any_late_delivery,order_to_ship_days,order_to_delivery_days,unshipped_flag
SO00000001,CUST000239,2026-01-24,2026-02-08,Normal,Marketplace,2026-01-29 23:43:00,2026-02-01 11:43:00,1.0,False,5.988194444444445,8.488194444444444,False
SO00000004,CUST000323,2026-03-29,2026-04-06,Critical,Marketplace,2026-03-31 10:44:00,2026-04-07 18:44:00,1.0,True,2.4472222222222224,9.780555555555555,False
SO00000008,CUST000332,2026-01-08,2026-01-23,Critical,B2B Portal,,,,,,,True
SO00000010,CUST000189,2026-03-23,2026-03-26,High,Retail Store,2026-03-24 15:09:00,2026-04-03 20:09:00,1.0,True,1.63125,11.839583333333334,False
SO00000011,CUST000188,2026-02-12,2026-02-28,Low,Retail Store,2026-02-19 10:41:00,2026-03-03 14:41:00,1.0,True,7.445138888888889,19.611805555555556,False
SO00000012,CUST000008,2026-05-26,2026-06-12,Normal,B2B Portal,,2026-06-06 20:39:00,1.0,False,,11.860416666666667,True
SO00000013,CUST000372,2026-01-01,2026-01-09,Normal,Marketplace,2026-01-07 15:42:00,2026-01-13 07:42:00,1.0,True,6.654166666666667,12.320833333333333,False
SO00000014,CUST000125,2026-03-04,2026-03-20,Low,Marketplace,2026-03-12 01:39:00,,1.0,False,8.06875,,False
SO00000016,CUST000222,2026-03-28,2026-04-14,Critical,B2B Portal,,2026-04-17 16:52:00,1.0,True,,20.70277777777778,True
SO00000017,CUST000065,2026-02-19,2026-03-08,Normal,Marketplace,2026-02-22 23:33:00,2026-02-26 14:33:00,1.0,False,3.98125,7.60625,False
SO00000018,CUST000367,2026-01-14,2026-01-22,Normal,B2B Portal,,,,,,,True
SO00000023,CUST000173,2026-02-27,2026-03-03,Critical,EDI,2026-03-07 04:57:00,2026-03-08 22:57:00,1.0,True,8.20625,9.95625,False
SO00000028,CUST000098,2026-02-05,2026-02-16,Low,B2B Portal,,2026-02-25 01:33:00,1.0,True,,20.064583333333335,True
SO00000029,CUST000197,2026-04-27,2026-05-12,Normal,B2B Portal,,,,,,,True
SO00000030,CUST000064,2026-01-21,2026-01-28,Normal,Retail Store,2026-01-28 06:22:00,2026-02-01 23:22:00,1.0,True,7.2652777777777775,11.973611111111111,False
SO00000035,CUST000103,2026-01-13,2026-01-19,Critical,B2B Portal,2026-01-13 10:47:00,2026-01-22 03:47:00,1.0,True,0.44930555555555557,9.157638888888888,False
SO00000037,CUST000111,2026-02-19,2026-02-25,Normal,Phone,2026-02-21 08:37:00,2026-03-02 10:37:00,1.0,True,2.359027777777778,11.442361111111111,False
SO00000038,CUST000025,2026-05-24,2026-05-31,Low,B2B Portal,,2026-05-29 22:03:00,1.0,False,,5.91875,True
SO00000040,CUST000157,2026-03-18,2026-04-08,Low,Marketplace,2026-03-22 23:29:00,,1.0,False,4.978472222222222,,False
SO00000043,CUST000231,2026-05-01,2026-05-22,Low,EDI,2026-05-03 13:36:00,2026-05-04 22:36:00,1.0,False,2.566666666666667,3.941666666666667,False
SO00000046,CUST000141,2026-03-06,2026-03-17,Low,Retail Store,2026-03-07 17:21:00,,1.0,False,1.7229166666666667,,False
SO00000055,CUST000394,2026-05-10,2026-05-14,Low,B2B Portal,2026-05-14 06:46:00,2026-05-24 12:46:00,1.0,True,4.281944444444444,14.531944444444445,False
SO00000056,CUST000023,2026-03-09,2026-03-30,High,Phone,2026-03-10 16:05:00,2026-03-21 06:05:00,1.0,False,1.6701388888888888,12.253472222222221,False
SO00000057,CUST000228,2026-05-16,2026-06-03,Normal,B2B Portal,2026-05-26 06:45:00,2026-06-03 01:45:00,1.0,False,10.28125,18.072916666666668,False
SO00000065,CUST000183,2026-04-25,2026-04-30,High,Phone,,2026-05-08 07:20:00,1.0,True,,13.305555555555555,True
SO00000068,CUST000021,2026-05-17,2026-06-02,High,Marketplace,,,,,,,True
SO00000069,CUST000176,2026-01-02,2026-01-15,Low,Retail Store,,2026-01-25 12:25:00,1.0,True,,23.51736111111111,True
SO00000073,CUST000097,2026-01-02,2026-01-12,Normal,Retail Store,,,,,,,True
SO00000074,CUST000206,2026-05-06,2026-05-27,High,Marketplace,2026-05-07 23:44:00,2026-05-12 20:44:00,1.0,False,1.988888888888889,6.863888888888889,False
SO00000078,CUST000161,2026-03-20,2026-03-30,Critical,Retail Store,,,,,,,True
SO00000079,CUST000234,2026-02-11,2026-02-28,Critical,Retail Store,,2026-02-28 22:39:00,1.0,False,,17.94375,True
SO00000080,CUST000180,2026-02-24,2026-02-28,Normal,Marketplace,,2026-03-05 19:44:00,1.0,True,,9.822222222222223,True
SO00000083,CUST000373,2026-05-30,2026-06-07,Normal,Retail Store,,2026-06-13 08:14:00,1.0,True,,14.343055555555555,True
SO00000085,CUST000196,2026-01-24,2026-01-29,High,Phone,,2026-01-31 14:37:00,1.0,True,,7.6090277777777775,True
SO00000086,CUST000007,2026-03-16,2026-03-22,Normal,Marketplace,2026-03-25 03:57:00,2026-04-03 19:57:00,1.0,True,9.164583333333333,18.83125,False
SO00000091,CUST000199,2026-04-15,2026-04-28,Critical,Marketplace,,2026-04-30 04:25:00,1.0,True,,15.184027777777779,True
SO00000092,CUST000087,2026-05-25,2026-06-15,High,B2B Portal,,2026-06-15 22:41:00,1.0,False,,21.945138888888888,True
SO00000093,CUST000288,2026-05-08,2026-05-26,Critical,Phone,,,,,,,True
SO00000094,CUST000400,2026-05-23,2026-06-02,Low,Retail Store,2026-05-26 06:12:00,2026-06-05 12:12:00,1.0,True,3.2583333333333333,13.508333333333333,False
SO00000098,CUST000122,2026-02-28,2026-03-06,Normal,B2B Portal,,2026-03-20 21:30:00,1.0,True,,20.895833333333332,True
SO00000099,CUST000291,2026-02-23,2026-03-07,High,B2B Portal,,2026-03-14 15:14:00,1.0,True,,19.634722222222223,True
SO00000101,CUST000283,2026-05-17,2026-06-01,Low,Marketplace,2026-05-22 00:07:00,2026-05-28 03:07:00,1.0,False,5.004861111111111,11.129861111111111,False
SO00000103,CUST000441,2026-05-29,2026-06-01,Normal,B2B Portal,2026-06-03 09:22:00,2026-06-15 22:22:00,1.0,True,5.3902777777777775,17.931944444444444,False
SO00000105,CUST000176,2026-02-19,2026-03-11,Critical,B2B Portal,,2026-02-28 12:17:00,1.0,False,,9.511805555555556,True
SO00000108,CUST000330,2026-04-07,2026-04-20,Critical,Marketplace,,,,,,,True
SO00000109,CUST000387,2026-05-09,2026-05-17,High,Retail Store,2026-05-11 21:32:00,2026-05-19 13:32:00,1.0,True,2.897222222222222,10.563888888888888,False
SO00000110,CUST000006,2026-05-13,2026-06-02,High,EDI,,2026-05-29 01:27:00,1.0,False,,16.060416666666665,True
SO00000115,CUST000272,2026-05-28,2026-06-15,Normal,B2B Portal,,,,,,,True
SO00000118,CUST000324,2026-01-03,2026-01-11,Critical,Marketplace,2026-01-06 15:40:00,2026-01-09 12:40:00,1.0,False,3.6527777777777777,6.527777777777778,False
SO00000120,CUST000408,2026-01-22,2026-02-07,Normal,Retail Store,,2026-01-31 13:10:00,1.0,False,,9.54861111111111,True
SO00000122,CUST000192,2026-01-30,2026-02-20,Normal,EDI,,2026-02-11 23:50:00,1.0,False,,12.993055555555555,True
SO00000123,CUST000353,2026-01-27,2026-02-04,Critical,B2B Portal,,2026-02-04 18:31:00,1.0,False,,8.771527777777777,True
SO00000126,CUST000356,2026-03-21,2026-03-31,Normal,EDI,,2026-04-07 07:51:00,1.0,True,,17.327083333333334,True
SO00000129,CUST000071,2026-05-16,2026-06-04,Low,Phone,,,,,,,True
SO00000130,CUST000395,2026-03-21,2026-03-29,Critical,Phone,,,,,,,True
SO00000135,CUST000071,2026-03-25,2026-04-12,Normal,B2B Portal,2026-03-30 21:57:00,2026-04-07 15:57:00,1.0,False,5.914583333333334,13.664583333333333,False
SO00000137,CUST000165,2026-02-15,2026-03-08,Normal,Retail Store,,2026-03-02 17:41:00,1.0,False,,15.736805555555556,True
SO00000138,CUST000088,2026-01-18,2026-01-27,Critical,Phone,,,1.0,False,,,True
SO00000140,CUST000004,2026-04-03,2026-04-12,Critical,Retail Store,2026-04-05 12:40:00,2026-04-16 21:40:00,1.0,True,2.5277777777777777,13.902777777777779,False
SO00000147,CUST000396,2026-01-12,2026-01-28,Normal,B2B Portal,,2026-02-01 23:26:00,1.0,True,,20.976388888888888,True
SO00000153,CUST000012,2026-05-25,2026-06-15,Normal,B2B Portal,,2026-06-12 14:34:00,1.0,False,,18.606944444444444,True
SO00000154,CUST000327,2026-04-21,2026-04-26,Normal,B2B Portal,2026-04-27 02:16:00,2026-04-30 20:16:00,1.0,True,6.094444444444444,9.844444444444445,False
SO00000157,CUST000132,2026-04-07,2026-04-22,Critical,Phone,,2026-04-13 12:13:00,1.0,False,,6.509027777777778,True
SO00000159,CUST000208,2026-01-23,2026-02-13,Normal,Marketplace,,2026-02-08 06:17:00,1.0,False,,16.261805555555554,True
SO00000162,CUST000032,2026-05-26,2026-06-02,High,B2B Portal,,,,,,,True
SO00000165,CUST000303,2026-03-18,2026-04-01,Normal,EDI,,2026-03-29 18:33:00,1.0,False,,11.772916666666667,True
SO00000171,CUST000109,2026-03-10,2026-03-28,Critical,Retail Store,2026-03-13 13:42:00,2026-03-21 07:42:00,1.0,False,3.5708333333333333,11.320833333333333,False
SO00000174,CUST000013,2026-05-25,2026-06-12,Normal,Phone,,2026-06-07 14:43:00,1.0,False,,13.613194444444444,True
SO00000175,CUST000122,2026-03-29,2026-04-13,Normal,Marketplace,2026-04-08 12:38:00,2026-04-12 20:38:00,1.0,False,10.526388888888889,14.859722222222222,False
SO00000176,CUST000241,2026-02-05,2026-02-23,High,B2B Portal,,,,,,,True
SO00000189,CUST000195,2026-01-29,2026-02-15,Critical,EDI,,2026-02-10 16:04:00,1.0,False,,12.669444444444444,True
SO00000192,CUST000170,2026-04-11,2026-05-01,Normal,Marketplace,2026-04-18 06:51:00,2026-04-22 07:51:00,1.0,False,7.285416666666666,11.327083333333333,False
SO00000193,CUST000091,2026-02-27,2026-03-06,High,Phone,,2026-03-09 13:12:00,1.0,True,,10.55,True
SO00000196,CUST000063,2026-03-29,2026-04-04,Critical,B2B Portal,2026-04-08 16:19:00,2026-04-14 17:19:00,1.0,True,10.67986111111111,16.721527777777776,False
SO00000200,CUST000275,2026-03-22,2026-04-11,Normal,Retail Store,,,,,,,True
SO00000211,CUST000004,2026-02-01,2026-02-18,Normal,Retail Store,,2026-02-03 02:17:00,1.0,False,,2.095138888888889,True
SO00000212,CUST000146,2026-02-27,2026-03-03,Normal,Phone,2026-03-07 16:22:00,2026-03-18 14:22:00,1.0,True,8.681944444444444,19.59861111111111,False
SO00000217,CUST000192,2026-01-14,2026-02-02,High,EDI,2026-01-16 20:50:00,2026-01-25 09:50:00,1.0,False,2.8680555555555554,11.409722222222221,False
SO00000218,CUST000263,2026-02-21,2026-02-26,High,Marketplace,2026-02-24 14:56:00,2026-02-26 12:56:00,1.0,False,3.6222222222222222,5.538888888888889,False
SO00000221,CUST000414,2026-05-08,2026-05-15,Normal,EDI,,2026-05-17 05:30:00,1.0,True,,9.229166666666666,True
SO00000225,CUST000160,2026-02-05,2026-02-19,Critical,Marketplace,,2026-02-11 10:04:00,1.0,False,,6.419444444444444,True
SO00000226,CUST000066,2026-04-18,2026-05-07,Normal,B2B Portal,2026-04-23 05:57:00,,1.0,False,5.247916666666667,,False
SO00000230,CUST000253,2026-05-29,2026-06-03,High,B2B Portal,,,,,,,True
SO00000233,CUST000373,2026-01-31,2026-02-17,Low,Retail Store,2026-02-08 15:23:00,2026-02-21 06:23:00,1.0,True,8.640972222222222,21.26597222222222,False
SO00000236,CUST000187,2026-04-30,2026-05-20,Critical,EDI,,2026-05-08 07:46:00,1.0,False,,8.323611111111111,True
SO00000237,CUST000083,2026-01-11,2026-01-18,Critical,Retail Store,,,,,,,True
SO00000238,CUST000105,2026-01-09,2026-01-18,Normal,EDI,2026-01-10 09:41:00,2026-01-22 03:41:00,1.0,True,1.4034722222222222,13.153472222222222,False
SO00000242,CUST000227,2026-02-20,2026-03-08,Normal,Phone,2026-02-26 22:25:00,2026-03-11 13:25:00,1.0,True,6.934027777777778,19.55902777777778,False
SO00000243,CUST000328,2026-04-29,2026-05-12,High,Phone,,,,,,,True
SO00000247,CUST000106,2026-02-23,2026-03-08,Critical,Phone,,2026-02-24 19:30:00,1.0,False,,1.8125,True
SO00000249,CUST000096,2026-01-17,2026-01-27,Normal,Phone,2026-01-17 06:20:00,2026-01-21 12:20:00,1.0,False,0.2638888888888889,4.513888888888889,False
SO00000251,CUST000369,2026-05-29,2026-06-01,Low,B2B Portal,,,,,,,True
SO00000256,CUST000321,2026-02-09,2026-02-25,Normal,Retail Store,2026-02-10 20:23:00,2026-02-19 09:23:00,1.0,False,1.8493055555555555,10.390972222222222,False
SO00000258,CUST000198,2026-03-27,2026-04-07,Normal,Phone,,2026-04-12 23:40:00,1.0,True,,16.98611111111111,True
SO00000262,CUST000154,2026-05-05,2026-05-21,High,B2B Portal,,2026-05-18 12:13:00,1.0,False,,13.509027777777778,True
SO00000265,CUST000035,2026-03-02,2026-03-20,Low,Phone,,2026-03-14 08:29:00,1.0,False,,12.353472222222223,True
SO00000266,CUST000035,2026-04-02,2026-04-12,Critical,Marketplace,,2026-04-12 10:58:00,1.0,False,,10.456944444444444,True
SO00000268,CUST000240,2026-02-26,2026-03-01,Low,Marketplace,2026-03-06 12:27:00,2026-03-18 11:27:00,1.0,True,8.51875,20.477083333333333,False
SO00000273,CUST000150,2026-05-13,2026-05-16,Normal,Marketplace,2026-05-18 03:53:00,2026-05-21 17:53:00,1.0,True,5.1618055555555555,8.745138888888889,False
SO00000274,CUST000152,2026-01-19,2026-01-29,Normal,B2B Portal,2026-01-26 10:37:00,2026-02-02 04:37:00,1.0,True,7.442361111111111,14.192361111111111,False
SO00000275,CUST000267,2026-05-01,2026-05-09,High,Retail Store,2026-05-09 15:23:00,2026-05-18 23:23:00,1.0,True,8.640972222222222,17.974305555555556,False
SO00000276,CUST000299,2026-03-19,2026-04-04,Normal,B2B Portal,,,,,,,True
SO00000280,CUST000381,2026-04-16,2026-04-29,Normal,Marketplace,,2026-04-25 15:52:00,1.0,False,,9.661111111111111,True
SO00000284,CUST000062,2026-03-07,2026-03-17,Low,Marketplace,,,,,,,True
SO00000287,CUST000303,2026-05-13,2026-05-21,Critical,Marketplace,,2026-05-22 02:21:00,1.0,True,,9.097916666666666,True
SO00000288,CUST000181,2026-02-08,2026-02-24,Critical,Marketplace,,2026-02-18 12:39:00,1.0,False,,10.527083333333334,True
SO00000290,CUST000276,2026-01-06,2026-01-27,Critical,Retail Store,2026-01-10 17:31:00,2026-01-16 08:31:00,1.0,False,4.729861111111111,10.354861111111111,False
SO00000292,CUST000435,2026-01-15,2026-01-30,Low,B2B Portal,,2026-01-20 09:12:00,1.0,False,,5.383333333333334,True
SO00000294,CUST000139,2026-04-09,2026-04-30,High,Marketplace,2026-04-14 17:43:00,2026-04-17 12:43:00,1.0,False,5.738194444444445,8.529861111111112,False
SO00000299,CUST000213,2026-02-27,2026-03-08,Critical,EDI,2026-02-27 20:23:00,2026-03-05 02:23:00,1.0,False,0.8493055555555555,6.0993055555555555,False
SO00000303,CUST000068,2026-01-21,2026-02-07,Normal,Retail Store,2026-01-22 12:54:00,2026-01-27 20:54:00,1.0,False,1.5375,6.870833333333334,False
SO00000304,CUST000385,2026-05-18,2026-05-25,Critical,EDI,,2026-05-31 04:50:00,1.0,True,,13.20138888888889,True
SO00000305,CUST000361,2026-02-12,2026-02-21,Low,Marketplace,,,,,,,True
SO00000307,CUST000085,2026-01-22,2026-02-06,Normal,Retail Store,2026-01-26 19:50:00,2026-01-28 19:50:00,1.0,False,4.826388888888889,6.826388888888889,False
SO00000314,CUST000172,2026-01-16,2026-01-28,Normal,Phone,,2026-01-26 16:31:00,1.0,False,,10.688194444444445,True
SO00000315,CUST000108,2026-02-19,2026-02-26,High,B2B Portal,2026-02-19 09:37:00,2026-03-03 20:37:00,1.0,True,0.40069444444444446,12.859027777777778,False
SO00000317,CUST000183,2026-05-03,2026-05-22,High,Retail Store,,2026-05-13 09:04:00,1.0,False,,10.377777777777778,True
SO00000319,CUST000014,2026-05-16,2026-05-23,Critical,B2B Portal,,2026-06-02 10:02:00,1.0,True,,17.418055555555554,True
SO00000322,CUST000139,2026-03-14,2026-03-27,Normal,EDI,,2026-03-28 05:21:00,1.0,True,,14.222916666666666,True
SO00000325,CUST000448,2026-01-17,2026-02-02,Low,Marketplace,,2026-01-26 23:53:00,1.0,False,,9.995138888888889,True
SO00000327,CUST000445,2026-03-26,2026-04-16,Critical,Retail Store,,2026-04-01 05:21:00,1.0,False,,6.222916666666666,True
SO00000332,CUST000169,2026-04-14,2026-04-26,Low,Retail Store,2026-04-15 08:06:00,2026-04-21 09:06:00,1.0,False,1.3375,7.379166666666666,False
SO00000333,CUST000159,2026-04-07,2026-04-18,Normal,B2B Portal,2026-04-16 17:19:00,2026-04-24 12:19:00,1.0,True,9.721527777777778,17.513194444444444,False
SO00000343,CUST000438,2026-05-30,2026-06-03,High,Marketplace,2026-05-31 05:10:00,2026-06-04 06:10:00,1.0,True,1.2152777777777777,5.256944444444445,False
SO00000346,CUST000280,2026-04-19,2026-04-29,Low,Retail Store,,,1.0,False,,,True
SO00000347,CUST000131,2026-05-07,2026-05-11,Normal,Phone,,2026-05-17 17:12:00,1.0,True,,10.716666666666667,True
SO00000350,CUST000196,2026-05-24,2026-06-12,High,B2B Portal,2026-05-24 21:34:00,2026-05-28 16:34:00,1.0,False,0.8986111111111111,4.690277777777778,False
SO00000352,CUST000412,2026-04-30,2026-05-17,Critical,Marketplace,,2026-05-19 22:39:00,1.0,True,,19.94375,True
SO00000355,CUST000373,2026-01-20,2026-02-06,High,Phone,2026-01-25 10:07:00,2026-02-01 17:07:00,1.0,False,5.4215277777777775,12.713194444444444,False
SO00000356,CUST000094,2026-04-30,2026-05-17,Normal,B2B Portal,,2026-05-16 17:05:00,1.0,False,,16.711805555555557,True
SO00000358,CUST000419,2026-04-19,2026-04-25,High,B2B Portal,2026-04-21 14:52:00,2026-04-29 03:52:00,1.0,True,2.6194444444444445,10.161111111111111,False
SO00000362,CUST000250,2026-03-03,2026-03-09,Critical,Marketplace,2026-03-08 19:10:00,2026-03-09 23:10:00,1.0,False,5.798611111111111,6.965277777777778,False
SO00000368,CUST000030,2026-03-23,2026-04-06,High,Phone,2026-03-30 23:22:00,2026-04-06 18:22:00,1.0,False,7.973611111111111,14.765277777777778,False
SO00000370,CUST000381,2026-04-24,2026-05-10,Normal,Retail Store,,,,,,,True
SO00000374,CUST000205,2026-05-29,2026-06-14,Normal,B2B Portal,,,,,,,True
SO00000379,CUST000037,2026-02-07,2026-02-19,High,EDI,2026-02-14 13:46:00,2026-02-21 20:46:00,1.0,True,7.573611111111111,14.865277777777777,False
SO00000389,CUST000015,2026-01-01,2026-01-20,Normal,B2B Portal,2026-01-08 02:59:00,2026-01-17 15:59:00,1.0,False,7.124305555555556,16.665972222222223,False
SO00000396,CUST000034,2026-05-31,2026-06-21,Low,Retail Store,2026-06-08 11:03:00,2026-06-20 10:03:00,1.0,False,8.460416666666667,20.41875,False
SO00000403,CUST000202,2026-05-19,2026-06-05,Critical,B2B Portal,,,,,,,True
SO00000404,CUST000220,2026-01-12,2026-01-19,Critical,B2B Portal,2026-01-20 00:30:00,2026-01-29 01:30:00,1.0,True,8.020833333333334,17.0625,False
SO00000406,CUST000065,2026-01-13,2026-01-17,Low,Phone,,,,,,,True
SO00000408,CUST000287,2026-05-24,2026-06-14,Low,EDI,,2026-06-11 23:33:00,1.0,False,,18.98125,True
SO00000411,CUST000345,2026-05-02,2026-05-22,High,Retail Store,2026-05-10 22:47:00,2026-05-22 00:47:00,1.0,False,8.949305555555556,20.03263888888889,False
SO00000413,CUST000193,2026-01-03,2026-01-19,High,Phone,,,,,,,True
SO00000418,CUST000381,2026-04-21,2026-05-01,Low,B2B Portal,,2026-05-10 08:43:00,1.0,True,,19.363194444444446,True
SO00000429,CUST000063,2026-01-11,2026-01-26,Critical,EDI,,2026-01-22 13:41:00,1.0,False,,11.57013888888889,True
SO00000441,CUST000243,2026-02-22,2026-02-26,High,Marketplace,2026-02-24 11:25:00,2026-02-27 22:25:00,1.0,True,2.4756944444444446,5.934027777777778,False
SO00000442,CUST000205,2026-03-07,2026-03-15,High,Marketplace,,,,,,,True
SO00000443,CUST000352,2026-02-16,2026-02-22,Normal,Marketplace,2026-02-18 09:23:00,2026-03-01 12:23:00,1.0,True,2.390972222222222,13.515972222222222,False
SO00000447,CUST000185,2026-01-18,2026-02-08,Low,Marketplace,2026-01-19 17:57:00,2026-01-30 18:57:00,1.0,False,1.7479166666666666,12.789583333333333,False
SO00000449,CUST000316,2026-05-09,2026-05-18,Critical,Retail Store,,2026-05-29 10:00:00,1.0,True,,20.416666666666668,True
SO00000454,CUST000097,2026-01-02,2026-01-13,Critical,B2B Portal,,,,,,,True
SO00000456,CUST000391,2026-05-26,2026-06-03,Critical,EDI,,,,,,,True
SO00000458,CUST000274,2026-03-02,2026-03-17,High,Retail Store,2026-03-02 16:45:00,2026-03-15 12:45:00,1.0,False,0.6979166666666666,13.53125,False
SO00000459,CUST000008,2026-03-31,2026-04-04,High,B2B Portal,,2026-04-18 04:20:00,1.0,True,,18.180555555555557,True
SO00000464,CUST000052,2026-02-18,2026-02-27,Low,Retail Store,,,1.0,False,,,True
SO00000467,CUST000294,2026-05-25,2026-06-06,Critical,Phone,,2026-06-05 15:58:00,1.0,False,,11.665277777777778,True
SO00000469,CUST000343,2026-03-18,2026-03-26,Normal,B2B Portal,,,,,,,True
SO00000471,CUST000043,2026-03-18,2026-03-27,Low,EDI,,2026-03-31 01:42:00,1.0,True,,13.070833333333333,True
SO00000473,CUST000431,2026-02-18,2026-02-25,Low,Marketplace,,,,,,,True
SO00000474,CUST000315,2026-02-19,2026-02-26,Low,B2B Portal,,2026-02-26 22:56:00,1.0,False,,7.955555555555556,True
SO00000478,CUST000235,2026-01-11,2026-01-20,Normal,Phone,,2026-01-28 17:20:00,1.0,True,,17.72222222222222,True
SO00000479,CUST000284,2026-03-24,2026-04-07,Normal,EDI,,2026-04-11 09:21:00,1.0,True,,18.389583333333334,True
SO00000481,CUST000248,2026-01-28,2026-02-14,High,EDI,2026-02-05 16:46:00,2026-02-10 04:46:00,1.0,False,8.698611111111111,13.198611111111111,False
SO00000483,CUST000332,2026-04-14,2026-04-17,Critical,B2B Portal,2026-04-15 18:46:00,,1.0,False,1.7819444444444446,,False
SO00000484,CUST000348,2026-05-03,2026-05-11,High,Retail Store,2026-05-12 20:23:00,2026-05-19 06:23:00,1.0,True,9.849305555555556,16.26597222222222,False
SO00000485,CUST000002,2026-05-23,2026-06-05,High,B2B Portal,,2026-05-31 10:03:00,1.0,False,,8.41875,True
SO00000488,CUST000348,2026-01-02,2026-01-15,Critical,EDI,2026-01-10 18:30:00,2026-01-20 05:30:00,1.0,True,8.770833333333334,18.229166666666668,False
SO00000500,CUST000130,2026-03-23,2026-04-11,Low,Retail Store,,2026-04-03 11:11:00,1.0,False,,11.465972222222222,True
SO00000501,CUST000116,2026-05-23,2026-05-28,Critical,B2B Portal,2026-05-24 15:24:00,2026-06-06 03:24:00,1.0,True,1.6416666666666666,14.141666666666667,False
SO00000508,CUST000396,2026-05-15,2026-06-05,High,EDI,,2026-05-20 15:59:00,1.0,False,,5.665972222222222,True
SO00000509,CUST000277,2026-05-03,2026-05-22,Low,Marketplace,2026-05-11 00:21:00,2026-05-12 00:21:00,1.0,False,8.014583333333333,9.014583333333333,False
SO00000511,CUST000393,2026-05-01,2026-05-19,Low,EDI,,,,,,,True
SO00000514,CUST000025,2026-03-21,2026-03-27,Critical,B2B Portal,2026-03-24 15:13:00,2026-04-02 03:13:00,1.0,True,3.634027777777778,12.134027777777778,False
SO00000515,CUST000320,2026-04-05,2026-04-23,Normal,B2B Portal,,2026-04-24 20:37:00,1.0,True,,19.85902777777778,True
SO00000516,CUST000099,2026-03-23,2026-04-06,Critical,B2B Portal,,2026-04-11 21:58:00,1.0,True,,19.915277777777778,True
SO00000517,CUST000242,2026-04-07,2026-04-12,Critical,Phone,2026-04-13 11:58:00,2026-04-23 16:58:00,1.0,True,6.498611111111111,16.706944444444446,False
SO00000519,CUST000068,2026-05-29,2026-06-02,Low,Retail Store,2026-06-07 22:03:00,2026-06-14 08:03:00,1.0,True,9.91875,16.335416666666667,False
SO00000522,CUST000228,2026-01-04,2026-01-10,Critical,EDI,,,,,,,True
SO00000524,CUST000402,2026-01-08,2026-01-13,High,Retail Store,2026-01-08 22:40:00,2026-01-12 20:40:00,1.0,False,0.9444444444444444,4.861111111111111,False
SO00000527,CUST000006,2026-03-14,2026-04-02,Normal,B2B Portal,2026-03-17 06:02:00,2026-03-28 22:02:00,1.0,False,3.251388888888889,14.918055555555556,False
SO00000532,CUST000357,2026-03-06,2026-03-15,Normal,Marketplace,,,,,,,True
SO00000535,CUST000212,2026-01-06,2026-01-19,Critical,B2B Portal,,2026-01-23 13:00:00,1.0,True,,17.541666666666668,True
SO00000539,CUST000295,2026-05-09,2026-05-12,Critical,B2B Portal,2026-05-18 15:38:00,2026-05-23 16:38:00,1.0,True,9.651388888888889,14.693055555555556,False
SO00000543,CUST000258,2026-04-24,2026-05-08,Low,Phone,,,,,,,True
SO00000544,CUST000097,2026-02-16,2026-03-01,Low,EDI,2026-02-25 23:12:00,2026-03-05 04:12:00,1.0,True,9.966666666666667,17.175,False
SO00000545,CUST000272,2026-01-22,2026-02-06,Normal,Retail Store,2026-01-29 06:15:00,2026-02-01 07:15:00,1.0,False,7.260416666666667,10.302083333333334,False
SO00000547,CUST000104,2026-05-29,2026-06-11,High,B2B Portal,,,,,,,True
SO00000549,CUST000448,2026-05-17,2026-05-24,Low,Phone,2026-05-20 03:40:00,2026-05-28 23:40:00,1.0,True,3.1527777777777777,11.98611111111111,False
SO00000550,CUST000411,2026-04-19,2026-04-26,High,Marketplace,,,,,,,True
SO00000552,CUST000038,2026-04-12,2026-04-17,Normal,Retail Store,2026-04-13 10:28:00,2026-04-15 22:28:00,1.0,False,1.4361111111111111,3.936111111111111,False
SO00000556,CUST000167,2026-03-22,2026-03-31,Low,B2B Portal,,2026-04-12 04:47:00,1.0,True,,21.199305555555554,True
SO00000563,CUST000299,2026-01-22,2026-01-25,High,Phone,,2026-02-07 19:10:00,1.0,True,,16.79861111111111,True
SO00000564,CUST000324,2026-01-17,2026-01-31,High,B2B Portal,2026-01-23 23:55:00,2026-01-27 04:55:00,1.0,False,6.996527777777778,10.20486111111111,False
SO00000576,CUST000427,2026-04-30,2026-05-04,High,EDI,,2026-05-10 08:46:00,1.0,True,,10.365277777777777,True
SO00000577,CUST000272,2026-01-19,2026-02-07,Normal,Marketplace,2026-01-23 10:47:00,2026-02-03 16:47:00,1.0,False,4.449305555555555,15.699305555555556,False
SO00000581,CUST000122,2026-03-20,2026-04-01,Critical,Marketplace,2026-03-30 03:07:00,2026-04-11 01:07:00,1.0,True,10.129861111111111,22.04652777777778,False
SO00000582,CUST000450,2026-01-05,2026-01-24,High,Retail Store,,2026-01-24 09:54:00,1.0,False,,19.4125,True
SO00000589,CUST000088,2026-01-05,2026-01-10,Normal,EDI,2026-01-08 02:15:00,2026-01-09 17:15:00,1.0,False,3.09375,4.71875,False
SO00000592,CUST000185,2026-01-04,2026-01-25,Normal,B2B Portal,,,,,,,True
SO00000596,CUST000059,2026-05-02,2026-05-12,Low,B2B Portal,2026-05-11 18:31:00,2026-05-21 20:31:00,1.0,True,9.771527777777777,19.854861111111113,False
SO00000600,CUST000088,2026-05-29,2026-06-08,Normal,EDI,2026-06-05 00:14:00,2026-06-07 05:14:00,1.0,False,7.009722222222222,9.218055555555555,False
SO00000601,CUST000067,2026-01-13,2026-01-27,High,B2B Portal,2026-01-17 16:47:00,2026-01-20 08:47:00,1.0,False,4.699305555555555,7.365972222222222,False
SO00000607,CUST000001,2026-02-25,2026-03-04,Low,Marketplace,2026-03-07 21:26:00,2026-03-12 20:26:00,1.0,True,10.893055555555556,15.85138888888889,False
SO00000608,CUST000157,2026-01-26,2026-02-16,High,Marketplace,,2026-02-01 16:28:00,1.0,False,,6.686111111111111,True
SO00000610,CUST000243,2026-01-14,2026-02-02,Normal,Phone,2026-01-20 07:37:00,2026-01-26 03:37:00,1.0,False,6.317361111111111,12.150694444444444,False
SO00000624,CUST000133,2026-04-13,2026-04-18,Normal,EDI,,,,,,,True
SO00000625,CUST000198,2026-02-19,2026-03-11,Normal,Retail Store,,,,,,,True
SO00000629,CUST000340,2026-04-10,2026-04-23,Critical,B2B Portal,,2026-04-24 17:46:00,1.0,True,,14.740277777777777,True
SO00000630,CUST000292,2026-01-02,2026-01-21,High,EDI,2026-01-04 14:15:00,2026-01-08 09:15:00,1.0,False,2.59375,6.385416666666667,False
SO00000635,CUST000315,2026-05-10,2026-05-26,Critical,Retail Store,,2026-05-18 09:36:00,1.0,False,,8.4,True
SO00000637,CUST000311,2026-05-03,2026-05-09,Normal,Marketplace,,2026-05-18 15:56:00,1.0,True,,15.66388888888889,True
SO00000638,CUST000440,2026-02-28,2026-03-07,Critical,EDI,2026-03-09 17:05:00,2026-03-12 03:05:00,1.0,True,9.711805555555555,12.128472222222221,False
SO00000640,CUST000033,2026-04-09,2026-04-20,Low,Retail Store,,,,,,,True
SO00000644,CUST000304,2026-03-04,2026-03-07,Normal,Marketplace,,2026-03-22 01:32:00,1.0,True,,18.06388888888889,True
SO00000653,CUST000017,2026-04-26,2026-04-29,Normal,Marketplace,2026-04-30 15:59:00,2026-05-03 09:59:00,1.0,True,4.665972222222222,7.415972222222222,False
SO00000654,CUST000126,2026-02-11,2026-02-14,Critical,Marketplace,2026-02-19 11:27:00,2026-03-02 01:27:00,1.0,True,8.477083333333333,19.060416666666665,False
SO00000657,CUST000004,2026-04-08,2026-04-17,Low,B2B Portal,,2026-04-22 09:48:00,1.0,True,,14.408333333333333,True
SO00000658,CUST000350,2026-04-26,2026-05-12,Critical,Retail Store,2026-04-27 10:58:00,2026-04-30 01:58:00,1.0,False,1.4569444444444444,4.081944444444445,False
SO00000659,CUST000240,2026-02-23,2026-03-13,Normal,B2B Portal,2026-03-01 10:27:00,2026-03-13 09:27:00,1.0,False,6.435416666666667,18.39375,False
SO00000663,CUST000396,2026-03-15,2026-03-31,Normal,Phone,,,,,,,True
SO00000665,CUST000342,2026-01-27,2026-02-05,Critical,EDI,,,1.0,False,,,True
SO00000667,CUST000352,2026-01-23,2026-02-06,High,Phone,,2026-02-09 05:33:00,1.0,True,,17.23125,True
SO00000668,CUST000091,2026-05-15,2026-05-30,Normal,B2B Portal,,2026-05-30 01:55:00,1.0,False,,15.07986111111111,True
SO00000672,CUST000446,2026-03-29,2026-04-13,Low,Retail Store,,2026-04-07 21:59:00,1.0,False,,9.915972222222223,True
SO00000673,CUST000440,2026-02-17,2026-03-01,High,B2B Portal,,2026-03-01 12:50:00,1.0,False,,12.534722222222221,True
SO00000674,CUST000223,2026-04-12,2026-05-03,Low,Retail Store,2026-04-17 20:25:00,2026-04-27 15:25:00,1.0,False,5.850694444444445,15.64236111111111,False
SO00000677,CUST000282,2026-04-11,2026-04-21,Low,Marketplace,,,,,,,True
SO00000682,CUST000161,2026-05-26,2026-06-11,Low,Marketplace,2026-06-01 04:21:00,2026-06-09 10:21:00,1.0,False,6.18125,14.43125,False
SO00000686,CUST000224,2026-05-11,2026-05-29,High,B2B Portal,,2026-05-17 03:54:00,1.0,False,,6.1625,True
SO00000689,CUST000073,2026-02-12,2026-03-01,Critical,EDI,,,,,,,True
SO00000690,CUST000361,2026-03-05,2026-03-26,Critical,Marketplace,2026-03-11 01:05:00,2026-03-20 15:05:00,1.0,False,6.045138888888889,15.628472222222221,False
SO00000694,CUST000302,2026-01-01,2026-01-09,Low,Phone,,2026-01-11 19:44:00,1.0,True,,10.822222222222223,True
SO00000698,CUST000302,2026-02-03,2026-02-19,High,Retail Store,,,,,,,True
SO00000703,CUST000443,2026-03-11,2026-03-17,Normal,Phone,2026-03-19 12:46:00,,1.0,False,8.531944444444445,,False
SO00000710,CUST000296,2026-04-03,2026-04-13,Low,EDI,,,,,,,True
SO00000712,CUST000016,2026-05-30,2026-06-17,Normal,B2B Portal,,,,,,,True
SO00000713,CUST000040,2026-05-08,2026-05-11,High,Phone,2026-05-14 19:25:00,2026-05-26 18:25:00,1.0,True,6.809027777777778,18.76736111111111,False
SO00000715,CUST000070,2026-03-29,2026-04-11,Normal,Retail Store,,2026-04-05 21:49:00,1.0,False,,7.909027777777778,True
SO00000717,CUST000232,2026-04-28,2026-05-02,High,Phone,2026-05-03 16:17:00,2026-05-13 02:17:00,1.0,True,5.678472222222222,15.095138888888888,False
SO00000718,CUST000306,2026-04-10,2026-04-20,Critical,EDI,,2026-04-16 12:59:00,1.0,False,,6.540972222222222,True
SO00000719,CUST000047,2026-01-21,2026-02-04,Low,EDI,,,,,,,True
SO00000721,CUST000401,2026-01-02,2026-01-06,Normal,B2B Portal,2026-01-05 23:14:00,2026-01-12 05:14:00,1.0,True,3.9680555555555554,10.218055555555555,False
SO00000722,CUST000298,2026-04-14,2026-04-25,High,Phone,2026-04-22 16:55:00,2026-05-01 08:55:00,1.0,True,8.70486111111111,17.37152777777778,False
SO00000727,CUST000410,2026-05-28,2026-06-18,Low,Marketplace,,2026-06-10 03:42:00,1.0,False,,13.154166666666667,True
SO00000728,CUST000327,2026-03-09,2026-03-27,High,B2B Portal,2026-03-13 21:56:00,2026-03-25 11:56:00,1.0,False,4.913888888888889,16.497222222222224,False
SO00000730,CUST000157,2026-03-22,2026-04-04,Normal,Phone,,2026-04-04 08:04:00,1.0,False,,13.33611111111111,True
SO00000735,CUST000049,2026-02-10,2026-02-25,High,B2B Portal,2026-02-18 03:14:00,2026-02-28 04:14:00,1.0,True,8.134722222222223,18.176388888888887,False
SO00000736,CUST000263,2026-02-06,2026-02-14,Normal,EDI,2026-02-15 07:30:00,2026-02-23 09:30:00,1.0,True,9.3125,17.395833333333332,False
SO00000738,CUST000390,2026-04-08,2026-04-26,Low,B2B Portal,,2026-04-14 02:15:00,1.0,False,,6.09375,True
SO00000739,CUST000334,2026-03-28,2026-04-08,Normal,Marketplace,2026-04-01 10:24:00,2026-04-06 03:24:00,1.0,False,4.433333333333334,9.141666666666667,False
SO00000741,CUST000235,2026-05-10,2026-05-20,Critical,Retail Store,,2026-05-17 00:35:00,1.0,False,,7.024305555555555,True
SO00000743,CUST000301,2026-04-28,2026-05-01,Low,B2B Portal,,2026-05-07 08:12:00,1.0,True,,9.341666666666667,True
SO00000746,CUST000173,2026-02-28,2026-03-07,Normal,B2B Portal,,2026-03-18 18:44:00,1.0,True,,18.780555555555555,True
SO00000750,CUST000202,2026-01-04,2026-01-24,Normal,B2B Portal,2026-01-05 15:38:00,2026-01-16 21:38:00,1.0,False,1.6513888888888888,12.901388888888889,False
SO00000752,CUST000070,2026-05-15,2026-05-28,High,Marketplace,,2026-06-06 17:00:00,1.0,True,,22.708333333333332,True
SO00000755,CUST000098,2026-01-10,2026-01-25,Critical,EDI,2026-01-18 17:46:00,2026-01-29 18:46:00,1.0,True,8.740277777777777,19.781944444444445,False
SO00000756,CUST000336,2026-05-17,2026-05-29,Normal,Retail Store,2026-05-18 21:20:00,2026-05-29 10:20:00,1.0,False,1.8888888888888888,12.430555555555555,False
SO00000758,CUST000288,2026-05-29,2026-06-17,Critical,EDI,2026-06-05 23:34:00,2026-06-11 08:34:00,1.0,False,7.981944444444444,13.356944444444444,False
SO00000760,CUST000136,2026-03-20,2026-03-31,Normal,B2B Portal,2026-03-27 03:53:00,2026-04-07 13:53:00,1.0,True,7.1618055555555555,18.57847222222222,False
SO00000762,CUST000274,2026-03-18,2026-03-29,Normal,Phone,,2026-04-03 23:24:00,1.0,True,,16.975,True
SO00000763,CUST000092,2026-01-26,2026-02-06,Normal,EDI,,,,,,,True
SO00000764,CUST000378,2026-03-26,2026-04-10,Normal,Retail Store,2026-03-27 05:55:00,2026-03-31 06:55:00,1.0,False,1.2465277777777777,5.288194444444445,False
SO00000769,CUST000271,2026-04-02,2026-04-23,High,Marketplace,,2026-04-14 07:48:00,1.0,False,,12.325,True
SO00000770,CUST000274,2026-02-18,2026-02-25,Critical,EDI,,2026-03-07 13:08:00,1.0,True,,17.54722222222222,True
SO00000785,CUST000061,2026-03-11,2026-03-19,High,Marketplace,,2026-04-04 06:17:00,1.0,True,,24.261805555555554,True
SO00000786,CUST000183,2026-02-27,2026-03-04,Normal,EDI,2026-03-08 07:14:00,2026-03-14 14:14:00,1.0,True,9.301388888888889,15.593055555555555,False
SO00000789,CUST000260,2026-05-10,2026-05-19,Low,B2B Portal,,2026-05-22 21:02:00,1.0,True,,12.876388888888888,True
SO00000794,CUST000063,2026-02-11,2026-02-23,Low,B2B Portal,2026-02-11 17:01:00,2026-02-14 11:01:00,1.0,False,0.7090277777777778,3.4590277777777776,False
SO00000797,CUST000108,2026-03-14,2026-03-31,Normal,Marketplace,2026-03-21 23:56:00,2026-03-29 02:56:00,1.0,False,7.997222222222222,15.122222222222222,False
SO00000802,CUST000092,2026-02-03,2026-02-16,Normal,EDI,2026-02-05 12:53:00,2026-02-15 07:53:00,1.0,False,2.5368055555555555,12.328472222222222,False
SO00000803,CUST000094,2026-04-06,2026-04-09,Normal,B2B Portal,,,,,,,True
SO00000808,CUST000391,2026-04-20,2026-04-30,Normal,B2B Portal,,2026-04-29 13:13:00,1.0,False,,9.550694444444444,True
SO00000813,CUST000376,2026-01-09,2026-01-16,Critical,Phone,2026-01-17 18:37:00,2026-01-21 15:37:00,1.0,True,8.775694444444444,12.650694444444444,False
SO00000824,CUST000406,2026-03-22,2026-03-29,Normal,B2B Portal,2026-04-01 07:28:00,2026-04-08 11:28:00,1.0,True,10.311111111111112,17.477777777777778,False
SO00000829,CUST000331,2026-02-20,2026-03-03,Normal,EDI,2026-02-28 08:05:00,2026-03-12 06:05:00,1.0,True,8.336805555555555,20.25347222222222,False
SO00000831,CUST000125,2026-04-13,2026-04-16,Critical,B2B Portal,,2026-05-03 16:01:00,1.0,True,,20.667361111111113,True
SO00000832,CUST000262,2026-02-25,2026-02-28,Low,Marketplace,,,,,,,True
SO00000835,CUST000177,2026-01-06,2026-01-18,Low,B2B Portal,,,,,,,True
SO00000837,CUST000239,2026-03-23,2026-03-26,Critical,Marketplace,,2026-04-01 01:59:00,1.0,True,,9.082638888888889,True
SO00000840,CUST000237,2026-03-05,2026-03-26,Low,B2B Portal,,2026-03-25 10:25:00,1.0,False,,20.43402777777778,True
SO00000841,CUST000085,2026-01-22,2026-02-01,Normal,EDI,,,1.0,False,,,True
SO00000843,CUST000332,2026-02-22,2026-03-05,Critical,EDI,2026-02-27 08:01:00,2026-03-06 21:01:00,1.0,True,5.334027777777778,12.875694444444445,False
SO00000847,CUST000188,2026-03-10,2026-03-16,Low,Marketplace,,2026-03-24 21:20:00,1.0,True,,14.88888888888889,True
SO00000854,CUST000224,2026-04-30,2026-05-21,Critical,EDI,,,,,,,True
SO00000857,CUST000262,2026-01-31,2026-02-08,High,B2B Portal,,2026-02-21 09:28:00,1.0,True,,21.394444444444446,True
SO00000858,CUST000162,2026-01-25,2026-02-14,Critical,Retail Store,2026-01-27 15:44:00,2026-01-29 09:44:00,1.0,False,2.6555555555555554,4.405555555555556,False
SO00000859,CUST000029,2026-01-15,2026-01-18,Normal,Marketplace,2026-01-19 01:27:00,2026-01-24 12:27:00,1.0,True,4.060416666666667,9.51875,False
SO00000868,CUST000428,2026-01-16,2026-02-04,Critical,B2B Portal,2026-01-19 03:58:00,2026-01-28 07:58:00,1.0,False,3.165277777777778,12.331944444444444,False
SO00000869,CUST000040,2026-03-16,2026-04-05,Normal,Phone,2026-03-22 16:55:00,2026-03-27 03:55:00,1.0,False,6.704861111111111,11.163194444444445,False
SO00000871,CUST000022,2026-01-30,2026-02-03,Normal,EDI,2026-02-05 10:33:00,2026-02-11 07:33:00,1.0,True,6.439583333333333,12.314583333333333,False
SO00000874,CUST000098,2026-05-24,2026-06-07,Critical,Marketplace,,2026-06-07 06:27:00,1.0,False,,14.26875,True
SO00000879,CUST000094,2026-02-27,2026-03-14,Low,Retail Store,,2026-03-07 19:34:00,1.0,False,,8.815277777777778,True
SO00000882,CUST000069,2026-01-07,2026-01-24,Low,EDI,,2026-01-28 06:48:00,1.0,True,,21.283333333333335,True
SO00000884,CUST000106,2026-05-24,2026-06-09,Normal,EDI,2026-05-26 05:34:00,2026-05-30 08:34:00,1.0,False,2.2319444444444443,6.356944444444444,False
SO00000892,CUST000370,2026-01-23,2026-02-07,Low,Retail Store,,2026-01-29 05:40:00,1.0,False,,6.236111111111111,True
SO00000895,CUST000249,2026-01-10,2026-01-18,Low,Phone,,2026-01-17 20:58:00,1.0,False,,7.873611111111111,True
SO00000897,CUST000364,2026-05-27,2026-06-03,Low,Phone,2026-05-29 10:24:00,2026-05-30 18:24:00,1.0,False,2.433333333333333,3.7666666666666666,False
SO00000899,CUST000208,2026-03-11,2026-03-29,Low,B2B Portal,,2026-03-18 12:24:00,1.0,False,,7.516666666666667,True
SO00000900,CUST000274,2026-02-10,2026-02-23,High,Marketplace,,,,,,,True
SO00000902,CUST000189,2026-04-04,2026-04-15,Normal,B2B Portal,2026-04-11 17:55:00,2026-04-18 19:55:00,1.0,True,7.746527777777778,14.82986111111111,False
SO00000905,CUST000023,2026-05-15,2026-06-02,Normal,B2B Portal,2026-05-22 08:39:00,,1.0,False,7.360416666666667,,False
SO00000910,CUST000354,2026-04-12,2026-04-20,Low,Phone,,2026-04-30 20:08:00,1.0,True,,18.83888888888889,True
SO00000912,CUST000140,2026-03-17,2026-03-23,Normal,B2B Portal,,2026-03-25 12:50:00,1.0,True,,8.534722222222221,True
SO00000921,CUST000017,2026-02-23,2026-03-09,Normal,B2B Portal,,2026-03-06 17:24:00,1.0,False,,11.725,True
SO00000923,CUST000190,2026-01-28,2026-02-12,Critical,EDI,,2026-02-11 17:53:00,1.0,False,,14.745138888888889,True
SO00000924,CUST000319,2026-02-06,2026-02-09,Normal,EDI,,,,,,,True
SO00000927,CUST000381,2026-01-20,2026-02-10,High,Marketplace,,2026-01-31 05:35:00,1.0,False,,11.23263888888889,True
SO00000931,CUST000379,2026-01-21,2026-02-02,Low,EDI,,2026-01-27 23:17:00,1.0,False,,6.970138888888889,True
SO00000932,CUST000047,2026-03-06,2026-03-20,Critical,Phone,2026-03-09 08:34:00,2026-03-20 11:34:00,1.0,False,3.3569444444444443,14.481944444444444,False
SO00000936,CUST000290,2026-04-05,2026-04-23,Critical,Marketplace,,,,,,,True
SO00000937,CUST000426,2026-05-26,2026-06-01,Normal,B2B Portal,2026-05-26 10:34:00,2026-06-05 22:34:00,1.0,True,0.44027777777777777,10.940277777777778,False
SO00000939,CUST000181,2026-04-10,2026-04-30,Critical,B2B Portal,,,,,,,True
SO00000949,CUST000099,2026-03-11,2026-03-30,Low,Phone,,,,,,,True
SO00000954,CUST000432,2026-03-02,2026-03-12,Normal,B2B Portal,2026-03-09 09:57:00,2026-03-22 04:57:00,1.0,True,7.414583333333334,20.20625,False
SO00000955,CUST000091,2026-04-26,2026-05-06,Low,Retail Store,,2026-05-08 13:52:00,1.0,True,,12.577777777777778,True
SO00000957,CUST000449,2026-02-05,2026-02-16,Critical,Retail Store,,2026-02-16 01:51:00,1.0,False,,11.077083333333333,True
SO00000964,CUST000231,2026-01-17,2026-01-26,High,B2B Portal,,,,,,,True
SO00000971,CUST000310,2026-03-11,2026-03-23,Normal,Retail Store,,2026-04-01 21:09:00,1.0,True,,21.88125,True
SO00000972,CUST000238,2026-01-29,2026-02-02,Normal,EDI,,2026-02-16 03:11:00,1.0,True,,18.132638888888888,True
SO00000978,CUST000292,2026-03-03,2026-03-08,Normal,EDI,2026-03-03 19:12:00,2026-03-14 22:12:00,1.0,True,0.8,11.925,False
SO00000987,CUST000081,2026-04-13,2026-04-18,Critical,Retail Store,2026-04-16 01:12:00,2026-04-25 00:12:00,1.0,True,3.05,12.008333333333333,False
SO00000990,CUST000125,2026-03-16,2026-03-22,Normal,B2B Portal,,2026-03-28 16:41:00,1.0,True,,12.69513888888889,True
SO00000991,CUST000310,2026-01-08,2026-01-24,Low,Marketplace,,2026-01-17 17:06:00,1.0,False,,9.7125,True
SO00000994,CUST000280,2026-02-15,2026-02-18,High,EDI,,2026-02-23 08:06:00,1.0,True,,8.3375,True
SO00000995,CUST000209,2026-01-10,2026-01-21,Low,B2B Portal,2026-01-13 06:13:00,2026-01-15 10:13:00,1.0,False,3.259027777777778,5.425694444444445,False
SO00000997,CUST000080,2026-01-26,2026-01-29,Low,EDI,,,,,,,True
SO00000999,CUST000386,2026-02-10,2026-02-14,Normal,Marketplace,2026-02-18 17:25:00,2026-02-26 04:25:00,1.0,True,8.725694444444445,16.18402777777778,False
SO00001000,CUST000339,2026-02-10,2026-02-26,Normal,Marketplace,2026-02-11 03:05:00,2026-02-15 07:05:00,1.0,False,1.1284722222222223,5.295138888888889,False
SO00001003,CUST000392,2026-05-18,2026-06-06,Critical,Phone,2026-05-29 04:16:00,2026-06-02 09:16:00,1.0,False,11.177777777777777,15.386111111111111,False
SO00001004,CUST000428,2026-04-23,2026-05-13,Low,Retail Store,,,,,,,True
SO00001005,CUST000298,2026-05-21,2026-05-29,High,Marketplace,,2026-06-03 07:38:00,1.0,True,,13.318055555555556,True
SO00001006,CUST000389,2026-04-16,2026-05-03,Critical,Marketplace,,,,,,,True
SO00001009,CUST000297,2026-03-31,2026-04-13,Normal,B2B Portal,,2026-04-18 19:39:00,1.0,True,,18.81875,True
SO00001010,CUST000175,2026-03-09,2026-03-20,Low,EDI,,,,,,,True
SO00001012,CUST000191,2026-03-26,2026-04-13,High,Phone,,,1.0,False,,,True
SO00001017,CUST000144,2026-04-01,2026-04-09,Normal,Retail Store,,2026-04-06 13:02:00,1.0,False,,5.543055555555555,True
SO00001019,CUST000240,2026-01-14,2026-01-22,High,Marketplace,2026-01-14 15:12:00,2026-01-26 23:12:00,1.0,True,0.6333333333333333,12.966666666666667,False
SO00001020,CUST000247,2026-05-08,2026-05-12,Normal,Retail Store,,,,,,,True
SO00001022,CUST000192,2026-05-23,2026-06-02,Low,B2B Portal,,2026-06-03 15:04:00,1.0,True,,11.627777777777778,True
SO00001023,CUST000016,2026-03-20,2026-04-05,Low,Marketplace,2026-03-29 07:39:00,2026-04-07 05:39:00,1.0,True,9.31875,18.235416666666666,False
SO00001033,CUST000394,2026-02-10,2026-02-17,Normal,EDI,2026-02-18 18:05:00,2026-02-22 18:05:00,1.0,True,8.753472222222221,12.753472222222221,False
SO00001038,CUST000348,2026-02-14,2026-02-28,Normal,Phone,,,,,,,True
SO00001039,CUST000351,2026-02-22,2026-02-25,Normal,Retail Store,,,,,,,True
SO00001040,CUST000340,2026-04-06,2026-04-18,Critical,Retail Store,2026-04-15 11:38:00,2026-04-17 01:38:00,1.0,False,9.484722222222222,11.068055555555556,False
SO00001041,CUST000003,2026-04-21,2026-05-05,Normal,Marketplace,2026-04-26 09:30:00,2026-05-04 21:30:00,1.0,False,5.395833333333333,13.895833333333334,False
SO00001046,CUST000385,2026-02-20,2026-02-23,Normal,EDI,,,,,,,True
SO00001047,CUST000123,2026-01-03,2026-01-20,Low,EDI,2026-01-08 18:39:00,2026-01-16 06:39:00,1.0,False,5.777083333333334,13.277083333333334,False
SO00001050,CUST000348,2026-01-13,2026-01-24,Normal,EDI,2026-01-16 16:51:00,2026-01-19 02:51:00,1.0,False,3.7020833333333334,6.11875,False
SO00001052,CUST000293,2026-05-13,2026-05-30,Critical,Retail Store,,2026-05-26 09:32:00,1.0,False,,13.397222222222222,True
SO00001070,CUST000293,2026-03-22,2026-04-07,Low,Retail Store,,2026-04-10 16:37:00,1.0,True,,19.69236111111111,True
SO00001076,CUST000224,2026-01-07,2026-01-20,High,B2B Portal,,2026-01-14 13:32:00,1.0,False,,7.563888888888889,True
SO00001078,CUST000386,2026-03-04,2026-03-25,Low,Retail Store,,,1.0,False,,,True
SO00001080,CUST000058,2026-01-09,2026-01-12,Low,Marketplace,,2026-01-24 05:10:00,1.0,True,,15.215277777777779,True
SO00001084,CUST000424,2026-01-24,2026-02-07,Normal,EDI,2026-01-31 19:13:00,2026-02-07 16:13:00,1.0,False,7.800694444444445,14.675694444444444,False
SO00001089,CUST000429,2026-03-02,2026-03-08,Normal,B2B Portal,2026-03-07 20:46:00,2026-03-15 16:46:00,1.0,True,5.865277777777778,13.698611111111111,False
SO00001092,CUST000412,2026-01-28,2026-02-14,Normal,EDI,,2026-02-10 07:13:00,1.0,False,,13.300694444444444,True
SO00001101,CUST000103,2026-05-09,2026-05-18,Low,B2B Portal,2026-05-11 10:17:00,2026-05-16 21:17:00,1.0,False,2.428472222222222,7.886805555555555,False
SO00001102,CUST000392,2026-02-16,2026-03-02,Normal,B2B Portal,,,,,,,True
SO00001108,CUST000064,2026-02-22,2026-03-03,Low,Marketplace,,2026-03-11 21:47:00,1.0,True,,17.90763888888889,True
SO00001109,CUST000297,2026-04-19,2026-05-02,Critical,Marketplace,2026-04-23 05:17:00,2026-04-30 09:17:00,1.0,False,4.220138888888889,11.386805555555556,False
SO00001117,CUST000137,2026-03-24,2026-04-07,Critical,EDI,,2026-04-09 07:01:00,1.0,True,,16.292361111111113,True
SO00001122,CUST000217,2026-04-11,2026-04-22,Critical,Phone,2026-04-19 10:32:00,,1.0,False,8.438888888888888,,False
SO00001127,CUST000432,2026-04-28,2026-05-15,Normal,B2B Portal,,2026-05-13 21:56:00,1.0,False,,15.91388888888889,True
SO00001132,CUST000193,2026-05-05,2026-05-24,High,Phone,2026-05-07 22:48:00,2026-05-18 09:48:00,1.0,False,2.95,13.408333333333333,False
SO00001133,CUST000388,2026-05-24,2026-06-01,High,Phone,2026-05-30 07:53:00,2026-06-11 07:53:00,1.0,True,6.3284722222222225,18.32847222222222,False
SO00001135,CUST000288,2026-01-05,2026-01-09,Critical,Phone,2026-01-14 23:01:00,2026-01-16 17:01:00,1.0,True,9.959027777777777,11.709027777777777,False
SO00001137,CUST000280,2026-04-16,2026-04-20,Normal,Phone,,,,,,,True
SO00001139,CUST000227,2026-05-25,2026-06-05,Low,Marketplace,,,,,,,True
SO00001141,CUST000129,2026-05-03,2026-05-08,High,Phone,,2026-05-21 23:05:00,1.0,True,,18.961805555555557,True
SO00001148,CUST000197,2026-03-22,2026-04-01,Low,B2B Portal,2026-03-30 18:42:00,2026-04-10 02:42:00,1.0,True,8.779166666666667,19.1125,False
SO00001149,CUST000223,2026-05-30,2026-06-07,Normal,B2B Portal,,2026-06-19 15:55:00,1.0,True,,20.663194444444443,True
SO00001152,CUST000288,2026-02-06,2026-02-20,Low,Marketplace,2026-02-07 01:15:00,2026-02-11 01:15:00,1.0,False,1.0520833333333333,5.052083333333333,False
SO00001155,CUST000212,2026-04-08,2026-04-21,Low,B2B Portal,,2026-04-19 21:48:00,1.0,False,,11.908333333333333,True
SO00001167,CUST000194,2026-05-09,2026-05-26,Normal,Retail Store,2026-05-17 04:18:00,2026-05-26 14:18:00,1.0,False,8.179166666666667,17.595833333333335,False
SO00001168,CUST000304,2026-03-03,2026-03-23,Normal,Marketplace,,2026-03-15 02:14:00,1.0,False,,12.093055555555555,True
SO00001171,CUST000142,2026-05-29,2026-06-11,Low,Phone,2026-05-31 12:22:00,2026-06-03 11:22:00,1.0,False,2.515277777777778,5.473611111111111,False
SO00001172,CUST000405,2026-03-07,2026-03-11,High,EDI,,2026-03-15 20:43:00,1.0,True,,8.863194444444444,True
SO00001177,CUST000319,2026-05-12,2026-05-31,Low,Marketplace,,2026-05-22 11:25:00,1.0,False,,10.475694444444445,True
SO00001187,CUST000398,2026-02-06,2026-02-15,Normal,Retail Store,2026-02-14 21:05:00,2026-02-25 12:05:00,1.0,True,8.878472222222221,19.50347222222222,False
SO00001190,CUST000144,2026-01-29,2026-02-18,Normal,Retail Store,2026-02-05 04:01:00,2026-02-10 04:01:00,1.0,False,7.167361111111111,12.167361111111111,False
SO00001191,CUST000448,2026-02-17,2026-02-27,Normal,Phone,,,,,,,True
SO00001194,CUST000415,2026-02-10,2026-02-13,Low,Marketplace,,,1.0,False,,,True
SO00001198,CUST000306,2026-03-10,2026-03-13,Normal,Phone,2026-03-11 22:47:00,,1.0,False,1.9493055555555556,,False
SO00001210,CUST000332,2026-02-24,2026-03-16,Low,Marketplace,,2026-03-08 08:28:00,1.0,False,,12.352777777777778,True
SO00001212,CUST000282,2026-04-16,2026-04-27,Normal,B2B Portal,2026-04-16 21:56:00,2026-04-27 08:56:00,1.0,False,0.9138888888888889,11.372222222222222,False
SO00001213,CUST000277,2026-01-03,2026-01-18,Normal,B2B Portal,2026-01-10 05:40:00,,1.0,False,7.236111111111111,,False
SO00001214,CUST000402,2026-02-01,2026-02-14,Normal,B2B Portal,,2026-02-18 20:52:00,1.0,True,,17.869444444444444,True
SO00001215,CUST000091,2026-01-20,2026-02-07,Normal,EDI,2026-01-24 23:28:00,2026-01-30 00:28:00,1.0,False,4.977777777777778,10.019444444444444,False
SO00001216,CUST000046,2026-02-19,2026-02-28,High,Phone,,,,,,,True
SO00001218,CUST000262,2026-02-03,2026-02-20,Normal,Retail Store,2026-02-09 14:02:00,2026-02-19 04:02:00,1.0,False,6.584722222222222,16.168055555555554,False
SO00001220,CUST000169,2026-03-03,2026-03-22,Low,B2B Portal,2026-03-12 04:44:00,2026-03-15 20:44:00,1.0,False,9.197222222222223,12.863888888888889,False
SO00001223,CUST000174,2026-04-28,2026-05-18,Low,Marketplace,,,,,,,True
SO00001226,CUST000238,2026-03-10,2026-03-22,Normal,B2B Portal,,,,,,,True
SO00001228,CUST000377,2026-02-06,2026-02-15,Low,Marketplace,2026-02-12 15:01:00,2026-02-21 03:01:00,1.0,True,6.625694444444444,15.125694444444445,False
SO00001232,CUST000056,2026-01-31,2026-02-11,High,Retail Store,,2026-02-17 12:27:00,1.0,True,,17.51875,True
SO00001235,CUST000016,2026-05-28,2026-06-18,High,B2B Portal,,2026-06-10 12:30:00,1.0,False,,13.520833333333334,True
SO00001238,CUST000043,2026-05-17,2026-05-29,Low,Marketplace,2026-05-27 03:04:00,2026-05-28 22:04:00,1.0,False,10.127777777777778,11.919444444444444,False
SO00001239,CUST000337,2026-02-15,2026-03-05,Critical,EDI,,,,,,,True
SO00001244,CUST000082,2026-05-02,2026-05-17,Low,B2B Portal,,2026-05-17 04:47:00,1.0,False,,15.199305555555556,True
SO00001250,CUST000080,2026-02-27,2026-03-17,Low,EDI,2026-03-04 23:45:00,2026-03-12 02:45:00,1.0,False,5.989583333333333,13.114583333333334,False
SO00001253,CUST000441,2026-01-03,2026-01-17,High,B2B Portal,2026-01-03 21:11:00,2026-01-04 23:11:00,1.0,False,0.8826388888888889,1.9659722222222222,False
SO00001256,CUST000183,2026-02-10,2026-02-15,High,B2B Portal,,,,,,,True
SO00001258,CUST000007,2026-01-17,2026-01-30,High,Marketplace,,,,,,,True
SO00001259,CUST000257,2026-03-03,2026-03-17,High,Retail Store,2026-03-04 18:04:00,2026-03-13 05:04:00,1.0,False,1.7527777777777778,10.21111111111111,False
SO00001260,CUST000161,2026-02-02,2026-02-06,Critical,B2B Portal,,2026-02-08 01:19:00,1.0,True,,6.054861111111111,True
SO00001262,CUST000088,2026-05-14,2026-06-02,Normal,Marketplace,,2026-05-26 13:37:00,1.0,False,,12.567361111111111,True
SO00001263,CUST000214,2026-03-30,2026-04-06,Normal,Phone,2026-04-03 13:09:00,,1.0,False,4.547916666666667,,False
SO00001264,CUST000299,2026-05-07,2026-05-26,High,Phone,,2026-05-16 15:14:00,1.0,False,,9.634722222222223,True
SO00001266,CUST000274,2026-04-09,2026-04-20,Normal,Marketplace,,,,,,,True
SO00001269,CUST000136,2026-02-02,2026-02-08,High,Marketplace,2026-02-08 03:48:00,2026-02-17 07:48:00,1.0,True,6.158333333333333,15.325,False
SO00001274,CUST000114,2026-02-03,2026-02-07,Normal,B2B Portal,,2026-02-11 22:03:00,1.0,True,,8.91875,True
SO00001277,CUST000037,2026-01-13,2026-02-03,Critical,Marketplace,,,,,,,True
SO00001279,CUST000093,2026-05-22,2026-06-09,High,Retail Store,,2026-05-30 04:49:00,1.0,False,,8.200694444444444,True
SO00001280,CUST000359,2026-01-30,2026-02-08,Low,EDI,,2026-02-03 10:26:00,1.0,False,,4.434722222222222,True
SO00001281,CUST000139,2026-02-28,2026-03-03,Critical,B2B Portal,,,1.0,False,,,True
SO00001285,CUST000277,2026-03-22,2026-04-02,Normal,Retail Store,,2026-04-06 13:11:00,1.0,True,,15.549305555555556,True
SO00001286,CUST000294,2026-04-03,2026-04-22,Normal,Retail Store,,2026-04-12 07:54:00,1.0,False,,9.329166666666667,True
SO00001288,CUST000144,2026-03-06,2026-03-17,High,B2B Portal,,,,,,,True
SO00001295,CUST000049,2026-05-12,2026-06-02,High,Phone,,2026-05-15 19:03:00,1.0,False,,3.79375,True
SO00001299,CUST000434,2026-03-31,2026-04-20,Normal,B2B Portal,,,1.0,False,,,True
SO00001301,CUST000171,2026-01-02,2026-01-22,Critical,B2B Portal,2026-01-05 07:34:00,2026-01-09 04:34:00,1.0,False,3.3152777777777778,7.190277777777778,False
SO00001305,CUST000246,2026-04-09,2026-04-21,Low,Phone,,2026-04-27 11:09:00,1.0,True,,18.464583333333334,True
SO00001307,CUST000230,2026-05-29,2026-06-01,Critical,EDI,2026-06-02 07:47:00,2026-06-12 11:47:00,1.0,True,4.324305555555555,14.490972222222222,False
SO00001308,CUST000188,2026-04-20,2026-04-25,Critical,EDI,,2026-05-07 23:26:00,1.0,True,,17.976388888888888,True
SO00001309,CUST000002,2026-03-07,2026-03-23,Normal,B2B Portal,,,,,,,True
SO00001314,CUST000246,2026-03-02,2026-03-13,Normal,B2B Portal,2026-03-04 23:31:00,2026-03-06 14:31:00,1.0,False,2.979861111111111,4.604861111111111,False
SO00001320,CUST000325,2026-01-18,2026-01-27,Critical,Phone,2026-01-23 03:28:00,2026-01-27 12:28:00,1.0,False,5.144444444444445,9.519444444444444,False
SO00001322,CUST000056,2026-01-26,2026-02-13,Normal,B2B Portal,2026-02-05 08:02:00,,1.0,False,10.334722222222222,,False
SO00001330,CUST000245,2026-05-16,2026-06-02,Low,B2B Portal,,,,,,,True
SO00001334,CUST000065,2026-01-22,2026-02-10,Normal,Marketplace,,,,,,,True
SO00001338,CUST000343,2026-04-19,2026-04-25,Normal,Marketplace,,,,,,,True
SO00001340,CUST000097,2026-02-15,2026-02-19,Low,Retail Store,,2026-02-20 18:27:00,1.0,True,,5.76875,True
SO00001341,CUST000194,2026-02-20,2026-03-09,Normal,Retail Store,,,,,,,True
SO00001344,CUST000332,2026-01-05,2026-01-13,Low,EDI,,2026-01-23 23:00:00,1.0,True,,18.958333333333332,True
SO00001355,CUST000334,2026-03-07,2026-03-16,Low,B2B Portal,2026-03-15 03:43:00,2026-03-28 00:43:00,1.0,True,8.154861111111112,21.02986111111111,False
SO00001363,CUST000267,2026-05-25,2026-06-07,Critical,B2B Portal,,2026-06-04 23:50:00,1.0,False,,10.993055555555555,True
SO00001364,CUST000401,2026-02-25,2026-03-05,High,B2B Portal,2026-03-04 10:58:00,,1.0,False,7.456944444444445,,False
SO00001365,CUST000157,2026-02-23,2026-03-10,Normal,B2B Portal,2026-03-02 08:05:00,2026-03-06 01:05:00,1.0,False,7.336805555555555,11.04513888888889,False
SO00001366,CUST000103,2026-03-22,2026-04-12,Normal,Marketplace,2026-03-23 14:36:00,,1.0,False,1.6083333333333334,,False
SO00001369,CUST000233,2026-02-23,2026-03-10,High,Retail Store,2026-03-02 01:39:00,2026-03-13 23:39:00,1.0,True,7.06875,18.985416666666666,False
SO00001371,CUST000024,2026-02-27,2026-03-07,Normal,EDI,,,,,,,True
SO00001373,CUST000204,2026-03-13,2026-03-16,Normal,EDI,,,,,,,True
SO00001376,CUST000293,2026-02-07,2026-02-22,High,Phone,2026-02-12 20:36:00,2026-02-17 23:36:00,1.0,False,5.858333333333333,10.983333333333333,False
SO00001378,CUST000288,2026-03-14,2026-03-24,Normal,EDI,,,,,,,True
SO00001380,CUST000300,2026-02-13,2026-03-04,Normal,B2B Portal,2026-02-17 09:25:00,2026-02-24 12:25:00,1.0,False,4.392361111111111,11.51736111111111,False
SO00001385,CUST000085,2026-05-02,2026-05-09,Normal,B2B Portal,,,,,,,True
SO00001386,CUST000366,2026-04-07,2026-04-24,Critical,Phone,,2026-04-13 03:20:00,1.0,False,,6.138888888888889,True
SO00001387,CUST000245,2026-04-22,2026-05-13,Normal,EDI,,,,,,,True
SO00001389,CUST000089,2026-03-25,2026-04-12,Low,B2B Portal,,2026-04-09 22:17:00,1.0,False,,15.928472222222222,True
SO00001391,CUST000367,2026-03-26,2026-04-12,Low,Phone,2026-03-26 10:08:00,2026-04-08 08:08:00,1.0,False,0.4222222222222222,13.338888888888889,False
SO00001392,CUST000086,2026-02-14,2026-02-24,Low,Phone,2026-02-17 14:00:00,2026-02-25 15:00:00,1.0,True,3.5833333333333335,11.625,False
SO00001397,CUST000037,2026-05-25,2026-06-06,Critical,B2B Portal,,2026-06-06 13:08:00,1.0,False,,12.547222222222222,True
SO00001404,CUST000151,2026-04-30,2026-05-18,High,B2B Portal,2026-05-06 21:59:00,2026-05-09 21:59:00,1.0,False,6.915972222222222,9.915972222222223,False
SO00001413,CUST000277,2026-01-10,2026-01-19,Low,B2B Portal,,2026-01-29 02:37:00,1.0,True,,19.10902777777778,True
SO00001416,CUST000129,2026-01-20,2026-01-26,Normal,Retail Store,2026-01-22 21:03:00,2026-01-24 01:03:00,1.0,False,2.877083333333333,4.04375,False
SO00001417,CUST000316,2026-02-25,2026-03-09,Critical,EDI,,2026-03-13 03:40:00,1.0,True,,16.15277777777778,True
SO00001421,CUST000012,2026-05-19,2026-06-06,Normal,Retail Store,,2026-05-30 19:19:00,1.0,False,,11.80486111111111,True
SO00001422,CUST000205,2026-05-09,2026-05-20,Low,Phone,,,,,,,True
SO00001424,CUST000183,2026-05-26,2026-06-12,High,Phone,2026-05-29 06:36:00,2026-05-30 23:36:00,1.0,False,3.275,4.983333333333333,False
SO00001433,CUST000142,2026-04-05,2026-04-14,Low,EDI,,2026-04-18 07:18:00,1.0,True,,13.304166666666667,True
SO00001438,CUST000378,2026-03-20,2026-03-29,Normal,B2B Portal,2026-03-23 23:08:00,,1.0,False,3.963888888888889,,False
SO00001440,CUST000401,2026-01-09,2026-01-24,Low,B2B Portal,2026-01-20 05:44:00,2026-01-29 01:44:00,1.0,True,11.238888888888889,20.072222222222223,False
SO00001442,CUST000028,2026-01-08,2026-01-13,Normal,Phone,,,,,,,True
SO00001443,CUST000248,2026-04-01,2026-04-07,Critical,EDI,,2026-04-14 04:25:00,1.0,True,,13.184027777777779,True
SO00001445,CUST000027,2026-04-04,2026-04-15,Critical,EDI,,,,,,,True
SO00001446,CUST000259,2026-03-30,2026-04-12,Critical,Marketplace,2026-04-01 05:14:00,2026-04-06 19:14:00,1.0,False,2.2180555555555554,7.801388888888889,False
SO00001447,CUST000354,2026-01-08,2026-01-27,Normal,Marketplace,,,1.0,False,,,True
SO00001449,CUST000430,2026-05-18,2026-05-25,Normal,EDI,,,,,,,True
SO00001451,CUST000069,2026-04-27,2026-05-11,High,Marketplace,,2026-05-09 21:53:00,1.0,False,,12.911805555555556,True
SO00001454,CUST000286,2026-01-10,2026-01-30,Critical,B2B Portal,,2026-01-22 00:57:00,1.0,False,,12.039583333333333,True
SO00001456,CUST000279,2026-02-28,2026-03-20,Normal,Phone,,,1.0,False,,,True
SO00001458,CUST000086,2026-05-07,2026-05-10,Low,Phone,2026-05-14 05:38:00,2026-05-24 15:38:00,1.0,True,7.2347222222222225,17.65138888888889,False
SO00001459,CUST000055,2026-02-27,2026-03-04,Low,EDI,2026-03-08 20:26:00,,1.0,False,9.85138888888889,,False
SO00001460,CUST000411,2026-05-07,2026-05-27,High,Phone,,,,,,,True
SO00001461,CUST000189,2026-03-17,2026-04-05,High,B2B Portal,,,,,,,True
SO00001464,CUST000393,2026-04-08,2026-04-19,Normal,B2B Portal,,2026-04-23 14:58:00,1.0,True,,15.623611111111112,True
SO00001466,CUST000083,2026-01-22,2026-01-29,Normal,Retail Store,2026-02-01 10:36:00,2026-02-03 21:36:00,1.0,True,10.441666666666666,12.9,False
SO00001484,CUST000134,2026-02-28,2026-03-08,High,Retail Store,,,,,,,True
SO00001485,CUST000343,2026-04-04,2026-04-12,Normal,B2B Portal,,,,,,,True
SO00001489,CUST000080,2026-02-11,2026-03-01,Critical,Phone,,,1.0,False,,,True
SO00001492,CUST000184,2026-05-27,2026-06-14,Normal,EDI,,2026-06-05 17:32:00,1.0,False,,9.730555555555556,True
SO00001495,CUST000098,2026-04-13,2026-04-25,Low,Marketplace,,2026-05-03 15:53:00,1.0,True,,20.661805555555556,True
SO00001498,CUST000346,2026-01-23,2026-02-05,Low,Marketplace,,2026-01-25 17:24:00,1.0,False,,2.725,True
SO00001505,CUST000323,2026-01-17,2026-01-26,Normal,Phone,,2026-01-24 18:39:00,1.0,False,,7.777083333333334,True
SO00001515,CUST000149,2026-05-13,2026-05-28,Normal,Retail Store,,2026-05-24 12:25:00,1.0,False,,11.51736111111111,True
SO00001517,CUST000026,2026-01-13,2026-01-18,High,Marketplace,2026-01-24 05:12:00,2026-02-01 07:12:00,1.0,True,11.216666666666667,19.3,False
SO00001519,CUST000107,2026-05-11,2026-05-19,Normal,B2B Portal,,2026-05-19 06:59:00,1.0,False,,8.290972222222223,True
SO00001523,CUST000140,2026-03-05,2026-03-17,Normal,Phone,,,,,,,True
SO00001524,CUST000181,2026-05-23,2026-06-08,Normal,B2B Portal,,,,,,,True
SO00001535,CUST000417,2026-05-02,2026-05-12,Critical,EDI,,2026-05-06 22:22:00,1.0,False,,4.9319444444444445,True
SO00001536,CUST000031,2026-04-18,2026-05-01,Normal,EDI,,2026-05-09 00:05:00,1.0,True,,21.00347222222222,True
SO00001538,CUST000272,2026-03-18,2026-03-26,Critical,EDI,,2026-03-26 17:56:00,1.0,False,,8.747222222222222,True
SO00001539,CUST000282,2026-02-10,2026-02-22,Normal,B2B Portal,2026-02-11 04:52:00,2026-02-19 10:52:00,1.0,False,1.2027777777777777,9.452777777777778,False
SO00001540,CUST000397,2026-02-25,2026-03-01,Normal,B2B Portal,2026-03-06 11:41:00,2026-03-17 18:41:00,1.0,True,9.486805555555556,20.778472222222224,False
SO00001545,CUST000272,2026-03-01,2026-03-11,Critical,Retail Store,,2026-03-14 09:17:00,1.0,True,,13.386805555555556,True
SO00001546,CUST000354,2026-03-02,2026-03-16,High,B2B Portal,2026-03-08 22:53:00,2026-03-18 17:53:00,1.0,True,6.9534722222222225,16.74513888888889,False
SO00001550,CUST000355,2026-03-06,2026-03-12,Normal,EDI,,2026-03-25 09:46:00,1.0,True,,19.406944444444445,True
SO00001551,CUST000037,2026-01-22,2026-01-31,Normal,Phone,,2026-02-07 10:29:00,1.0,True,,16.436805555555555,True
SO00001554,CUST000366,2026-01-25,2026-02-02,Normal,Retail Store,,2026-02-09 00:24:00,1.0,True,,15.016666666666667,True
SO00001555,CUST000381,2026-04-21,2026-05-11,High,EDI,2026-04-21 15:24:00,,1.0,False,0.6416666666666667,,False
SO00001556,CUST000214,2026-05-21,2026-05-27,Critical,Phone,2026-05-29 15:36:00,2026-06-10 11:36:00,1.0,True,8.65,20.483333333333334,False
SO00001561,CUST000400,2026-01-06,2026-01-11,Normal,Phone,,,,,,,True
SO00001562,CUST000434,2026-01-09,2026-01-28,High,EDI,2026-01-17 05:30:00,2026-01-29 04:30:00,1.0,True,8.229166666666666,20.1875,False
SO00001566,CUST000392,2026-04-05,2026-04-13,Normal,EDI,2026-04-13 14:47:00,2026-04-16 23:47:00,1.0,True,8.615972222222222,11.990972222222222,False
SO00001568,CUST000241,2026-03-08,2026-03-14,Low,B2B Portal,,,,,,,True
SO00001573,CUST000144,2026-03-17,2026-03-26,Normal,B2B Portal,,2026-03-31 02:34:00,1.0,True,,14.106944444444444,True
SO00001575,CUST000084,2026-03-23,2026-04-06,Normal,EDI,2026-03-23 10:09:00,2026-04-01 00:09:00,1.0,False,0.42291666666666666,9.00625,False
SO00001577,CUST000440,2026-04-28,2026-05-08,High,Phone,2026-05-07 01:28:00,2026-05-15 20:28:00,1.0,True,9.061111111111112,17.852777777777778,False
SO00001587,CUST000080,2026-01-22,2026-02-05,Normal,B2B Portal,2026-01-22 17:28:00,2026-01-31 18:28:00,1.0,False,0.7277777777777777,9.769444444444444,False
SO00001589,CUST000092,2026-03-07,2026-03-24,Low,B2B Portal,2026-03-17 07:00:00,2026-03-24 15:00:00,1.0,False,10.291666666666666,17.625,False
SO00001593,CUST000415,2026-01-10,2026-01-22,Normal,Retail Store,,2026-01-26 06:18:00,1.0,True,,16.2625,True
SO00001596,CUST000345,2026-02-19,2026-03-09,Low,Retail Store,,,,,,,True
SO00001602,CUST000307,2026-03-25,2026-04-13,Normal,Phone,2026-03-29 15:26:00,2026-04-03 10:26:00,1.0,False,4.643055555555556,9.434722222222222,False
SO00001606,CUST000129,2026-03-10,2026-03-30,Normal,B2B Portal,,2026-03-21 18:23:00,1.0,False,,11.765972222222222,True
SO00001607,CUST000065,2026-03-06,2026-03-22,High,B2B Portal,,,,,,,True
SO00001609,CUST000113,2026-02-18,2026-02-28,Critical,B2B Portal,,2026-03-11 01:32:00,1.0,True,,21.06388888888889,True
SO00001611,CUST000058,2026-03-30,2026-04-07,Critical,Phone,2026-04-09 15:48:00,2026-04-18 17:48:00,1.0,True,10.658333333333333,19.741666666666667,False
SO00001613,CUST000046,2026-01-02,2026-01-07,High,B2B Portal,,,1.0,False,,,True
SO00001616,CUST000376,2026-01-15,2026-02-04,Normal,Retail Store,2026-01-24 02:11:00,2026-02-01 12:11:00,1.0,False,9.090972222222222,17.507638888888888,False
SO00001618,CUST000237,2026-03-06,2026-03-20,High,Retail Store,2026-03-08 03:59:00,2026-03-09 19:59:00,1.0,False,2.1659722222222224,3.832638888888889,False
SO00001619,CUST000184,2026-05-18,2026-05-31,Critical,Phone,,,1.0,False,,,True
SO00001627,CUST000320,2026-01-30,2026-02-03,Normal,B2B Portal,2026-02-01 06:47:00,2026-02-09 11:47:00,1.0,True,2.282638888888889,10.490972222222222,False
SO00001631,CUST000188,2026-04-25,2026-05-04,Normal,B2B Portal,,2026-05-06 22:16:00,1.0,True,,11.927777777777777,True
SO00001637,CUST000153,2026-01-09,2026-01-17,Critical,Retail Store,,2026-01-21 14:17:00,1.0,True,,12.595138888888888,True
SO00001638,CUST000028,2026-04-27,2026-05-12,Normal,Phone,2026-04-29 14:19:00,2026-05-11 22:19:00,1.0,False,2.5965277777777778,14.92986111111111,False
SO00001641,CUST000349,2026-04-05,2026-04-25,Normal,Marketplace,,,,,,,True
SO00001644,CUST000054,2026-04-05,2026-04-10,Normal,Phone,,,,,,,True
SO00001645,CUST000281,2026-03-15,2026-03-28,Normal,Retail Store,,,,,,,True
SO00001647,CUST000427,2026-04-11,2026-04-30,High,Phone,2026-04-15 19:06:00,2026-04-23 09:06:00,1.0,False,4.795833333333333,12.379166666666666,False
SO00001651,CUST000032,2026-02-25,2026-03-11,Critical,B2B Portal,,2026-03-14 10:02:00,1.0,True,,17.418055555555554,True
SO00001653,CUST000279,2026-03-26,2026-04-13,High,Phone,,,,,,,True
SO00001655,CUST000252,2026-05-29,2026-06-05,High,B2B Portal,,2026-06-15 07:54:00,1.0,True,,17.329166666666666,True
SO00001656,CUST000142,2026-02-26,2026-03-12,Normal,EDI,2026-03-08 21:02:00,2026-03-20 02:02:00,1.0,True,10.876388888888888,22.084722222222222,False
SO00001657,CUST000369,2026-03-17,2026-03-22,Normal,Retail Store,2026-03-27 23:55:00,2026-04-08 03:55:00,1.0,True,10.996527777777779,22.163194444444443,False
SO00001659,CUST000018,2026-02-26,2026-03-03,Critical,Phone,,,,,,,True
SO00001661,CUST000416,2026-04-25,2026-05-14,High,B2B Portal,2026-04-30 03:59:00,2026-05-07 00:59:00,1.0,False,5.165972222222222,12.040972222222223,False
SO00001667,CUST000182,2026-03-05,2026-03-15,Normal,Marketplace,2026-03-14 21:41:00,2026-03-23 12:41:00,1.0,True,9.903472222222222,18.528472222222224,False
SO00001668,CUST000225,2026-04-07,2026-04-22,Critical,B2B Portal,2026-04-16 17:36:00,,1.0,False,9.733333333333333,,False
SO00001670,CUST000396,2026-02-12,2026-02-20,Critical,EDI,,,,,,,True
SO00001672,CUST000087,2026-01-30,2026-02-12,Normal,EDI,2026-02-07 19:29:00,2026-02-17 13:29:00,1.0,True,8.811805555555555,18.561805555555555,False
SO00001673,CUST000317,2026-04-23,2026-05-08,Normal,EDI,2026-04-28 03:41:00,2026-05-09 22:41:00,1.0,True,5.153472222222222,16.945138888888888,False
SO00001674,CUST000070,2026-02-18,2026-03-10,High,Phone,2026-02-20 19:01:00,2026-02-27 09:01:00,1.0,False,2.792361111111111,9.375694444444445,False
SO00001675,CUST000039,2026-05-26,2026-06-15,Low,B2B Portal,2026-06-02 08:55:00,2026-06-05 06:55:00,1.0,False,7.371527777777778,10.288194444444445,False
SO00001681,CUST000176,2026-05-19,2026-06-03,High,B2B Portal,2026-05-28 18:01:00,2026-06-09 13:01:00,1.0,True,9.750694444444445,21.542361111111113,False
SO00001682,CUST000363,2026-03-31,2026-04-15,High,B2B Portal,,,,,,,True
SO00001683,CUST000412,2026-03-03,2026-03-24,Normal,B2B Portal,2026-03-12 06:29:00,2026-03-19 15:29:00,1.0,False,9.270138888888889,16.645138888888887,False
SO00001688,CUST000006,2026-01-03,2026-01-20,Low,Marketplace,2026-01-07 21:31:00,2026-01-16 03:31:00,1.0,False,4.896527777777778,13.146527777777777,False
SO00001691,CUST000259,2026-04-04,2026-04-18,Critical,B2B Portal,2026-04-09 03:29:00,2026-04-10 09:29:00,1.0,False,5.145138888888889,6.395138888888889,False
SO00001695,CUST000401,2026-03-08,2026-03-27,High,Phone,,,,,,,True
SO00001697,CUST000268,2026-05-06,2026-05-14,Normal,Marketplace,,2026-05-19 09:19:00,1.0,True,,13.388194444444444,True
SO00001702,CUST000359,2026-05-30,2026-06-15,Normal,B2B Portal,,2026-06-19 12:32:00,1.0,True,,20.522222222222222,True
SO00001704,CUST000044,2026-03-29,2026-04-13,High,B2B Portal,2026-03-31 07:26:00,2026-04-04 21:26:00,1.0,False,2.3097222222222222,6.893055555555556,False
SO00001708,CUST000257,2026-05-29,2026-06-17,Low,Retail Store,2026-06-04 09:16:00,2026-06-13 02:16:00,1.0,False,6.386111111111111,15.094444444444445,False
SO00001709,CUST000039,2026-02-13,2026-03-01,Low,B2B Portal,,2026-02-28 04:42:00,1.0,False,,15.195833333333333,True
SO00001711,CUST000158,2026-02-06,2026-02-22,High,Marketplace,,2026-02-18 08:26:00,1.0,False,,12.35138888888889,True
SO00001712,CUST000052,2026-03-06,2026-03-15,Normal,Marketplace,2026-03-07 11:00:00,2026-03-10 00:00:00,1.0,False,1.4583333333333333,4.0,False
SO00001713,CUST000326,2026-03-11,2026-03-22,Normal,Phone,,,,,,,True
SO00001714,CUST000037,2026-01-14,2026-01-21,Critical,Retail Store,,2026-01-26 10:52:00,1.0,True,,12.452777777777778,True
SO00001715,CUST000075,2026-05-06,2026-05-18,Low,Retail Store,2026-05-08 09:52:00,2026-05-14 04:52:00,1.0,False,2.411111111111111,8.202777777777778,False
SO00001716,CUST000294,2026-05-23,2026-06-01,High,Phone,2026-05-28 10:37:00,2026-06-09 03:37:00,1.0,True,5.442361111111111,17.150694444444444,False
SO00001718,CUST000011,2026-03-30,2026-04-07,Critical,Marketplace,2026-04-04 05:38:00,2026-04-11 21:38:00,1.0,True,5.2347222222222225,12.901388888888889,False
SO00001720,CUST000036,2026-03-02,2026-03-23,Low,Phone,2026-03-12 04:43:00,2026-03-23 00:43:00,1.0,False,10.196527777777778,21.02986111111111,False
SO00001721,CUST000209,2026-03-06,2026-03-09,Low,Marketplace,2026-03-11 09:07:00,2026-03-15 08:07:00,1.0,True,5.379861111111111,9.338194444444444,False
SO00001725,CUST000295,2026-04-26,2026-05-16,High,EDI,,2026-05-02 20:48:00,1.0,False,,6.866666666666666,True
SO00001729,CUST000143,2026-05-15,2026-05-22,High,EDI,,2026-05-27 05:58:00,1.0,True,,12.248611111111112,True
SO00001731,CUST000226,2026-04-22,2026-05-10,High,Phone,2026-05-02 14:12:00,2026-05-06 06:12:00,1.0,False,10.591666666666667,14.258333333333333,False
SO00001734,CUST000355,2026-04-28,2026-05-14,Normal,EDI,,,,,,,True
SO00001735,CUST000364,2026-05-28,2026-06-18,Low,EDI,,2026-06-06 07:59:00,1.0,False,,9.332638888888889,True
SO00001745,CUST000264,2026-01-09,2026-01-15,High,Marketplace,2026-01-19 19:40:00,2026-01-29 12:40:00,1.0,True,10.819444444444445,20.52777777777778,False
SO00001749,CUST000431,2026-04-15,2026-05-01,Normal,Phone,2026-04-21 07:14:00,2026-04-27 13:14:00,1.0,False,6.301388888888889,12.551388888888889,False
SO00001750,CUST000098,2026-03-15,2026-03-28,Low,Retail Store,,,,,,,True
SO00001754,CUST000183,2026-04-03,2026-04-16,Normal,Retail Store,,,,,,,True
SO00001762,CUST000103,2026-01-22,2026-02-03,Low,B2B Portal,2026-01-22 06:25:00,2026-01-24 20:25:00,1.0,False,0.2673611111111111,2.8506944444444446,False
SO00001765,CUST000267,2026-04-24,2026-05-11,Normal,Retail Store,,2026-05-02 23:29:00,1.0,False,,8.978472222222223,True
SO00001767,CUST000052,2026-01-06,2026-01-09,Critical,EDI,,2026-01-25 00:14:00,1.0,True,,19.009722222222223,True
SO00001768,CUST000219,2026-01-02,2026-01-23,Normal,Phone,,2026-01-08 21:01:00,1.0,False,,6.875694444444444,True
SO00001770,CUST000284,2026-01-18,2026-01-25,Low,Retail Store,,,,,,,True
SO00001772,CUST000262,2026-02-04,2026-02-13,High,B2B Portal,,,,,,,True
SO00001773,CUST000206,2026-02-08,2026-02-17,Critical,B2B Portal,2026-02-18 00:57:00,2026-02-25 01:57:00,1.0,True,10.039583333333333,17.08125,False
SO00001778,CUST000444,2026-04-10,2026-04-13,Normal,Marketplace,2026-04-20 02:03:00,2026-04-27 19:03:00,1.0,True,10.085416666666667,17.79375,False
SO00001781,CUST000116,2026-03-26,2026-04-01,Normal,B2B Portal,,,,,,,True
SO00001784,CUST000383,2026-02-04,2026-02-10,High,B2B Portal,2026-02-13 04:42:00,2026-02-24 06:42:00,1.0,True,9.195833333333333,20.279166666666665,False
SO00001787,CUST000385,2026-01-23,2026-01-27,Low,B2B Portal,2026-01-23 20:42:00,2026-01-29 20:42:00,1.0,True,0.8625,6.8625,False
SO00001788,CUST000425,2026-03-24,2026-04-12,High,B2B Portal,,2026-04-10 23:11:00,1.0,False,,17.965972222222224,True
SO00001790,CUST000285,2026-01-03,2026-01-24,Normal,Phone,,,,,,,True
SO00001791,CUST000218,2026-04-22,2026-05-09,Normal,B2B Portal,2026-04-25 14:30:00,2026-05-03 20:30:00,1.0,False,3.6041666666666665,11.854166666666666,False
SO00001792,CUST000232,2026-01-14,2026-01-20,Normal,B2B Portal,2026-01-24 12:22:00,2026-02-02 13:22:00,1.0,True,10.515277777777778,19.556944444444444,False
SO00001793,CUST000304,2026-01-26,2026-02-01,Normal,EDI,,2026-02-09 12:55:00,1.0,True,,14.538194444444445,True
SO00001800,CUST000142,2026-05-11,2026-05-24,Normal,B2B Portal,,2026-05-19 12:23:00,1.0,False,,8.515972222222222,True
SO00001805,CUST000047,2026-03-19,2026-04-04,Critical,Marketplace,2026-03-24 08:19:00,,1.0,False,5.346527777777778,,False
SO00001806,CUST000386,2026-01-24,2026-02-05,Normal,Retail Store,,2026-02-07 06:33:00,1.0,True,,14.272916666666667,True
SO00001808,CUST000413,2026-02-07,2026-02-13,Normal,B2B Portal,2026-02-17 15:49:00,2026-02-21 08:49:00,1.0,True,10.659027777777778,14.36736111111111,False
SO00001811,CUST000347,2026-03-02,2026-03-13,Critical,B2B Portal,,2026-03-15 08:01:00,1.0,True,,13.334027777777777,True
SO00001812,CUST000334,2026-04-18,2026-05-05,Normal,EDI,,2026-05-03 17:24:00,1.0,False,,15.725,True
SO00001814,CUST000354,2026-05-19,2026-05-22,Critical,B2B Portal,,2026-05-29 03:49:00,1.0,True,,10.159027777777778,True
SO00001817,CUST000309,2026-03-25,2026-04-08,Low,Marketplace,,2026-04-03 23:14:00,1.0,False,,9.968055555555555,True
SO00001820,CUST000372,2026-03-31,2026-04-16,Low,Phone,,2026-04-04 01:13:00,1.0,False,,4.050694444444445,True
SO00001822,CUST000450,2026-02-15,2026-02-24,Normal,EDI,2026-02-21 07:54:00,2026-03-04 08:54:00,1.0,True,6.329166666666667,17.370833333333334,False
SO00001824,CUST000118,2026-02-20,2026-03-01,Normal,EDI,,,,,,,True
SO00001832,CUST000399,2026-03-21,2026-04-11,Normal,EDI,,,,,,,True
SO00001834,CUST000051,2026-02-09,2026-03-01,Low,Phone,2026-02-12 16:58:00,2026-02-14 04:58:00,1.0,False,3.7069444444444444,5.206944444444445,False
SO00001842,CUST000330,2026-04-17,2026-04-23,Low,Retail Store,,,,,,,True
SO00001846,CUST000014,2026-02-25,2026-03-10,High,Phone,,2026-03-09 19:49:00,1.0,False,,12.825694444444444,True
SO00001853,CUST000134,2026-01-15,2026-01-31,Critical,B2B Portal,2026-01-24 11:37:00,2026-02-06 06:37:00,1.0,True,9.484027777777778,22.275694444444444,False
SO00001854,CUST000002,2026-01-26,2026-02-14,High,Marketplace,,2026-02-08 17:01:00,1.0,False,,13.709027777777777,True
SO00001856,CUST000220,2026-04-09,2026-04-19,Normal,Phone,,2026-04-25 09:30:00,1.0,True,,16.395833333333332,True
SO00001862,CUST000337,2026-04-17,2026-04-26,Normal,Retail Store,2026-04-25 00:32:00,2026-05-01 22:32:00,1.0,True,8.022222222222222,14.938888888888888,False
SO00001864,CUST000190,2026-03-19,2026-03-22,Low,Retail Store,2026-03-21 06:06:00,2026-03-25 16:06:00,1.0,True,2.254166666666667,6.670833333333333,False
SO00001866,CUST000327,2026-04-08,2026-04-23,Critical,B2B Portal,,2026-04-22 23:32:00,1.0,False,,14.980555555555556,True
SO00001869,CUST000027,2026-05-11,2026-05-25,Critical,B2B Portal,2026-05-14 00:05:00,2026-05-23 14:05:00,1.0,False,3.0034722222222223,12.586805555555555,False
SO00001870,CUST000046,2026-05-10,2026-05-21,High,B2B Portal,2026-05-11 11:55:00,2026-05-17 00:55:00,1.0,False,1.4965277777777777,7.038194444444445,False
SO00001872,CUST000365,2026-05-15,2026-05-27,Critical,Marketplace,2026-05-22 13:47:00,2026-05-24 14:47:00,1.0,False,7.574305555555555,9.615972222222222,False
SO00001874,CUST000079,2026-02-18,2026-03-06,Critical,B2B Portal,2026-02-23 10:26:00,2026-03-06 03:26:00,1.0,False,5.434722222222222,16.143055555555556,False
SO00001881,CUST000078,2026-03-16,2026-03-30,Low,B2B Portal,,2026-03-30 23:57:00,1.0,False,,14.997916666666667,True
SO00001883,CUST000356,2026-04-30,2026-05-12,Low,EDI,2026-05-07 17:47:00,,1.0,False,7.740972222222222,,False
SO00001887,CUST000021,2026-05-25,2026-06-07,Normal,Marketplace,2026-05-30 06:27:00,2026-06-10 15:27:00,1.0,True,5.26875,16.64375,False
SO00001889,CUST000269,2026-04-13,2026-04-21,Critical,B2B Portal,,2026-05-02 14:48:00,1.0,True,,19.616666666666667,True
SO00001891,CUST000407,2026-05-03,2026-05-21,Normal,B2B Portal,,,,,,,True
SO00001892,CUST000088,2026-01-03,2026-01-12,Low,B2B Portal,,2026-01-14 07:00:00,1.0,True,,11.291666666666666,True
SO00001893,CUST000073,2026-01-15,2026-01-21,High,B2B Portal,2026-01-18 04:32:00,2026-01-30 07:32:00,1.0,True,3.188888888888889,15.313888888888888,False
SO00001897,CUST000223,2026-02-02,2026-02-13,Critical,Retail Store,,2026-02-17 08:33:00,1.0,True,,15.35625,True
SO00001903,CUST000035,2026-04-20,2026-04-27,High,Retail Store,,,,,,,True
SO00001908,CUST000195,2026-03-24,2026-04-14,Normal,Marketplace,,,,,,,True
SO00001911,CUST000154,2026-04-23,2026-05-10,High,B2B Portal,2026-04-29 12:51:00,2026-05-05 02:51:00,1.0,False,6.535416666666666,12.11875,False
SO00001916,CUST000408,2026-03-09,2026-03-13,Normal,B2B Portal,,,,,,,True
SO00001917,CUST000289,2026-04-05,2026-04-13,Normal,Retail Store,,,,,,,True
SO00001921,CUST000357,2026-01-12,2026-01-20,Normal,B2B Portal,2026-01-13 01:01:00,2026-01-22 07:01:00,1.0,True,1.042361111111111,10.292361111111111,False
SO00001922,CUST000424,2026-04-29,2026-05-14,Normal,B2B Portal,2026-05-07 17:03:00,2026-05-16 10:03:00,1.0,True,8.710416666666667,17.41875,False
SO00001923,CUST000262,2026-01-05,2026-01-17,High,Marketplace,,2026-01-14 14:32:00,1.0,False,,9.605555555555556,True
SO00001925,CUST000396,2026-01-08,2026-01-14,Normal,Retail Store,,,,,,,True
SO00001932,CUST000100,2026-03-24,2026-04-14,Normal,Phone,2026-03-26 13:46:00,2026-04-04 02:46:00,1.0,False,2.573611111111111,11.115277777777777,False
SO00001933,CUST000220,2026-03-23,2026-04-03,Normal,B2B Portal,,2026-04-02 02:28:00,1.0,False,,10.102777777777778,True
SO00001934,CUST000442,2026-03-04,2026-03-10,Normal,EDI,2026-03-12 21:45:00,2026-03-25 00:45:00,1.0,True,8.90625,21.03125,False
SO00001935,CUST000395,2026-05-27,2026-06-08,Normal,B2B Portal,,2026-06-08 12:13:00,1.0,False,,12.509027777777778,True
SO00001936,CUST000125,2026-05-29,2026-06-12,Normal,Marketplace,2026-05-29 23:05:00,2026-05-31 00:05:00,1.0,False,0.9618055555555556,2.0034722222222223,False
SO00001937,CUST000289,2026-01-24,2026-01-31,Critical,Marketplace,,,,,,,True
SO00001940,CUST000313,2026-01-15,2026-01-28,Critical,B2B Portal,,2026-01-18 02:20:00,1.0,False,,3.0972222222222223,True
SO00001941,CUST000004,2026-02-01,2026-02-22,Normal,Retail Store,2026-02-09 22:14:00,2026-02-15 05:14:00,1.0,False,8.926388888888889,14.218055555555555,False
SO00001944,CUST000068,2026-01-30,2026-02-04,High,Retail Store,,2026-02-20 13:29:00,1.0,True,,21.561805555555555,True
SO00001945,CUST000123,2026-03-22,2026-04-11,Critical,B2B Portal,,,,,,,True
SO00001946,CUST000251,2026-01-28,2026-02-05,Critical,Phone,,2026-02-05 08:15:00,1.0,False,,8.34375,True
SO00001951,CUST000219,2026-02-20,2026-02-25,Normal,B2B Portal,2026-02-26 22:45:00,2026-03-01 19:45:00,1.0,True,6.947916666666667,9.822916666666666,False
SO00001956,CUST000345,2026-01-11,2026-01-23,High,Phone,2026-01-13 08:48:00,2026-01-16 20:48:00,1.0,False,2.3666666666666667,5.866666666666666,False
SO00001961,CUST000017,2026-03-31,2026-04-06,Low,B2B Portal,2026-04-07 18:29:00,2026-04-12 06:29:00,1.0,True,7.770138888888889,12.270138888888889,False
SO00001962,CUST000231,2026-04-08,2026-04-14,Normal,B2B Portal,,2026-04-17 12:34:00,1.0,True,,9.52361111111111,True
SO00001963,CUST000074,2026-02-19,2026-02-22,Normal,EDI,,,,,,,True
SO00001964,CUST000272,2026-05-28,2026-06-13,High,EDI,,,,,,,True
SO00001965,CUST000044,2026-03-26,2026-04-02,Critical,B2B Portal,,2026-04-03 03:55:00,1.0,True,,8.163194444444445,True
SO00001967,CUST000084,2026-04-26,2026-05-12,Critical,B2B Portal,,2026-04-28 15:20:00,1.0,False,,2.638888888888889,True
SO00001968,CUST000261,2026-04-13,2026-04-21,Critical,B2B Portal,2026-04-20 03:13:00,2026-04-28 04:13:00,1.0,True,7.134027777777778,15.175694444444444,False
SO00001976,CUST000113,2026-03-02,2026-03-08,Normal,B2B Portal,2026-03-02 21:44:00,2026-03-06 14:44:00,1.0,False,0.9055555555555556,4.613888888888889,False
SO00001978,CUST000299,2026-05-13,2026-05-31,Low,EDI,2026-05-23 15:11:00,2026-06-04 09:11:00,1.0,True,10.63263888888889,22.382638888888888,False
SO00001979,CUST000355,2026-03-20,2026-03-29,Normal,Retail Store,,2026-03-26 03:27:00,1.0,False,,6.14375,True
SO00001981,CUST000335,2026-02-11,2026-02-15,High,Phone,2026-02-16 10:04:00,2026-02-20 03:04:00,1.0,True,5.419444444444444,9.127777777777778,False
SO00001983,CUST000077,2026-02-03,2026-02-10,Normal,EDI,2026-02-05 14:45:00,2026-02-10 03:45:00,1.0,False,2.6145833333333335,7.15625,False
SO00001986,CUST000336,2026-04-03,2026-04-06,Normal,Phone,,2026-04-21 03:59:00,1.0,True,,18.165972222222223,True
SO00001990,CUST000218,2026-03-01,2026-03-07,Normal,B2B Portal,,,,,,,True
SO00001992,CUST000140,2026-05-22,2026-06-11,Normal,B2B Portal,,2026-06-04 05:30:00,1.0,False,,13.229166666666666,True
SO00001993,CUST000266,2026-04-19,2026-05-08,Normal,B2B Portal,,,,,,,True
SO00001994,CUST000109,2026-01-19,2026-02-08,Critical,B2B Portal,2026-01-24 17:50:00,2026-01-29 12:50:00,1.0,False,5.743055555555555,10.534722222222221,False
SO00002000,CUST000080,2026-02-14,2026-02-22,High,Retail Store,2026-02-14 16:46:00,,1.0,False,0.6986111111111111,,False
SO00002001,CUST000289,2026-01-26,2026-02-02,Normal,B2B Portal,2026-01-31 07:26:00,2026-02-05 05:26:00,1.0,True,5.309722222222222,10.22638888888889,False
SO00002003,CUST000330,2026-04-18,2026-04-25,High,EDI,2026-04-27 17:00:00,2026-05-09 18:00:00,1.0,True,9.708333333333334,21.75,False
SO00002008,CUST000093,2026-05-20,2026-06-05,High,B2B Portal,2026-05-28 17:24:00,2026-06-05 07:24:00,1.0,False,8.725,16.308333333333334,False
SO00002009,CUST000222,2026-05-08,2026-05-22,Low,Marketplace,,2026-05-17 15:02:00,1.0,False,,9.626388888888888,True
SO00002012,CUST000127,2026-05-05,2026-05-16,Normal,B2B Portal,,,,,,,True
SO00002014,CUST000245,2026-04-28,2026-05-10,Normal,B2B Portal,2026-05-04 03:17:00,2026-05-15 17:17:00,1.0,True,6.136805555555555,17.72013888888889,False
SO00002015,CUST000140,2026-05-30,2026-06-04,Normal,B2B Portal,,,,,,,True
SO00002018,CUST000007,2026-05-20,2026-05-30,High,B2B Portal,,2026-06-01 16:51:00,1.0,True,,12.702083333333333,True
SO00002022,CUST000085,2026-01-02,2026-01-13,High,Phone,,2026-01-20 22:41:00,1.0,True,,18.945138888888888,True
SO00002023,CUST000002,2026-02-02,2026-02-20,Critical,Retail Store,,2026-02-18 05:42:00,1.0,False,,16.2375,True
SO00002024,CUST000295,2026-01-23,2026-02-07,High,Marketplace,2026-01-25 15:56:00,2026-01-27 08:56:00,1.0,False,2.6638888888888888,4.372222222222222,False
SO00002026,CUST000166,2026-02-20,2026-03-09,Normal,B2B Portal,,2026-03-07 22:19:00,1.0,False,,15.92986111111111,True
SO00002030,CUST000017,2026-04-10,2026-04-18,Critical,B2B Portal,,2026-04-23 09:49:00,1.0,True,,13.409027777777778,True
SO00002031,CUST000084,2026-02-06,2026-02-21,Low,Phone,,2026-02-19 18:19:00,1.0,False,,13.763194444444444,True
SO00002036,CUST000070,2026-03-31,2026-04-06,Low,Marketplace,,2026-04-14 23:18:00,1.0,True,,14.970833333333333,True
SO00002039,CUST000437,2026-01-06,2026-01-14,High,EDI,,2026-01-17 07:03:00,1.0,True,,11.29375,True
SO00002041,CUST000095,2026-03-15,2026-03-27,Low,EDI,,,,,,,True
SO00002050,CUST000142,2026-04-26,2026-05-10,High,Marketplace,2026-05-06 20:58:00,2026-05-16 07:58:00,1.0,True,10.873611111111112,20.331944444444446,False
SO00002064,CUST000188,2026-02-10,2026-02-13,Normal,Marketplace,,2026-02-21 09:23:00,1.0,True,,11.390972222222222,True
SO00002066,CUST000354,2026-03-05,2026-03-19,Normal,Marketplace,,2026-03-26 18:27:00,1.0,True,,21.76875,True
SO00002077,CUST000097,2026-05-22,2026-06-02,High,B2B Portal,,2026-05-28 21:20:00,1.0,False,,6.888888888888889,True
SO00002082,CUST000184,2026-02-11,2026-02-25,High,Marketplace,2026-02-20 03:15:00,2026-02-25 19:15:00,1.0,False,9.135416666666666,14.802083333333334,False
SO00002085,CUST000119,2026-04-04,2026-04-12,High,Phone,,,1.0,False,,,True
SO00002092,CUST000027,2026-01-31,2026-02-15,High,Phone,,2026-02-09 07:13:00,1.0,False,,9.300694444444444,True
SO00002096,CUST000260,2026-02-05,2026-02-14,Critical,EDI,,2026-02-17 21:09:00,1.0,True,,12.88125,True
SO00002108,CUST000001,2026-03-09,2026-03-23,Normal,Phone,2026-03-15 02:23:00,2026-03-17 11:23:00,1.0,False,6.0993055555555555,8.474305555555556,False
SO00002109,CUST000418,2026-03-12,2026-03-23,Low,B2B Portal,,2026-03-28 11:28:00,1.0,True,,16.477777777777778,True
SO00002114,CUST000330,2026-03-05,2026-03-21,Normal,EDI,2026-03-13 02:56:00,2026-03-17 17:56:00,1.0,False,8.122222222222222,12.747222222222222,False
SO00002116,CUST000034,2026-05-28,2026-06-01,Critical,Phone,2026-06-05 22:42:00,2026-06-08 05:42:00,1.0,True,8.945833333333333,11.2375,False
SO00002118,CUST000007,2026-04-01,2026-04-13,Normal,B2B Portal,,,,,,,True
SO00002119,CUST000371,2026-04-19,2026-04-26,High,Marketplace,,,,,,,True
SO00002124,CUST000225,2026-03-03,2026-03-12,Normal,Marketplace,,,,,,,True
SO00002125,CUST000005,2026-04-06,2026-04-26,Critical,Phone,,2026-04-19 22:23:00,1.0,False,,13.932638888888889,True
SO00002127,CUST000245,2026-03-23,2026-03-31,Low,Phone,,2026-04-04 20:06:00,1.0,True,,12.8375,True
SO00002131,CUST000050,2026-05-03,2026-05-12,High,Phone,,,,,,,True
SO00002137,CUST000056,2026-03-11,2026-03-26,Normal,EDI,2026-03-12 07:08:00,2026-03-23 09:08:00,1.0,False,1.2972222222222223,12.380555555555556,False
SO00002141,CUST000306,2026-03-12,2026-03-30,Critical,Phone,2026-03-15 03:30:00,2026-03-20 05:30:00,1.0,False,3.1458333333333335,8.229166666666666,False
SO00002142,CUST000250,2026-03-13,2026-03-23,Critical,B2B Portal,2026-03-20 03:06:00,2026-03-23 07:06:00,1.0,False,7.129166666666666,10.295833333333333,False
SO00002147,CUST000047,2026-02-12,2026-02-20,High,Marketplace,,2026-02-28 23:06:00,1.0,True,,16.9625,True
SO00002150,CUST000064,2026-01-17,2026-02-06,Normal,EDI,2026-01-27 05:48:00,2026-02-04 21:48:00,1.0,False,10.241666666666667,18.908333333333335,False
SO00002160,CUST000092,2026-05-02,2026-05-15,High,B2B Portal,2026-05-09 22:29:00,2026-05-22 07:29:00,1.0,True,7.936805555555556,20.311805555555555,False
SO00002161,CUST000169,2026-03-18,2026-03-27,Normal,Marketplace,,2026-04-02 13:32:00,1.0,True,,15.563888888888888,True
SO00002164,CUST000159,2026-04-10,2026-04-16,Normal,Marketplace,,,1.0,False,,,True
SO00002168,CUST000025,2026-04-25,2026-05-15,Normal,Phone,2026-04-29 21:44:00,2026-05-04 19:44:00,1.0,False,4.905555555555556,9.822222222222223,False
SO00002170,CUST000083,2026-01-01,2026-01-09,Normal,B2B Portal,,2026-01-15 05:00:00,1.0,True,,14.208333333333334,True
SO00002172,CUST000447,2026-05-30,2026-06-13,Normal,Retail Store,2026-06-02 16:40:00,2026-06-12 17:40:00,1.0,False,3.6944444444444446,13.73611111111111,False
SO00002176,CUST000065,2026-03-18,2026-03-26,High,Phone,2026-03-25 06:13:00,2026-03-30 13:13:00,1.0,True,7.259027777777778,12.550694444444444,False
SO00002177,CUST000317,2026-02-07,2026-02-28,Normal,Marketplace,2026-02-12 18:20:00,2026-02-16 22:20:00,1.0,False,5.763888888888889,9.930555555555555,False
SO00002180,CUST000212,2026-05-19,2026-05-27,High,Phone,,2026-05-28 18:03:00,1.0,True,,9.752083333333333,True
SO00002185,CUST000276,2026-04-24,2026-05-13,High,B2B Portal,,2026-05-11 11:48:00,1.0,False,,17.491666666666667,True
SO00002189,CUST000205,2026-03-10,2026-03-19,Normal,B2B Portal,2026-03-18 22:45:00,2026-03-29 19:45:00,1.0,True,8.947916666666666,19.822916666666668,False
SO00002190,CUST000260,2026-02-04,2026-02-16,Low,Phone,,2026-02-18 09:38:00,1.0,True,,14.401388888888889,True
SO00002192,CUST000257,2026-01-14,2026-01-27,High,B2B Portal,,2026-01-24 01:36:00,1.0,False,,10.066666666666666,True
SO00002193,CUST000214,2026-03-08,2026-03-24,Normal,B2B Portal,,2026-03-17 06:42:00,1.0,False,,9.279166666666667,True
SO00002195,CUST000166,2026-03-04,2026-03-17,High,B2B Portal,2026-03-10 00:15:00,2026-03-21 08:15:00,1.0,True,6.010416666666667,17.34375,False
SO00002197,CUST000030,2026-04-28,2026-05-07,Normal,Retail Store,,2026-05-17 09:26:00,1.0,True,,19.393055555555556,True
SO00002201,CUST000428,2026-03-18,2026-03-25,Critical,Retail Store,,2026-04-01 11:47:00,1.0,True,,14.490972222222222,True
SO00002203,CUST000263,2026-04-17,2026-04-25,Low,B2B Portal,,2026-05-05 17:08:00,1.0,True,,18.71388888888889,True
SO00002205,CUST000183,2026-02-01,2026-02-12,Normal,B2B Portal,2026-02-01 16:34:00,2026-02-06 23:34:00,1.0,False,0.6902777777777778,5.981944444444444,False
SO00002206,CUST000224,2026-05-29,2026-06-04,Critical,Marketplace,,2026-06-16 02:18:00,1.0,True,,18.095833333333335,True
SO00002207,CUST000016,2026-04-30,2026-05-12,Normal,Retail Store,2026-05-11 00:59:00,2026-05-12 16:59:00,1.0,False,11.040972222222223,12.707638888888889,False
SO00002217,CUST000440,2026-03-01,2026-03-22,Low,B2B Portal,,2026-03-18 14:05:00,1.0,False,,17.586805555555557,True
SO00002220,CUST000242,2026-03-01,2026-03-17,Normal,Retail Store,,,1.0,False,,,True
SO00002222,CUST000120,2026-01-05,2026-01-15,Normal,B2B Portal,,,,,,,True
SO00002223,CUST000220,2026-02-05,2026-02-12,High,EDI,,2026-02-10 06:58:00,1.0,False,,5.290277777777778,True
SO00002229,CUST000004,2026-01-24,2026-01-28,High,B2B Portal,2026-02-03 18:24:00,2026-02-16 03:24:00,1.0,True,10.766666666666667,23.141666666666666,False
SO00002232,CUST000448,2026-01-18,2026-02-04,Low,Retail Store,2026-01-23 17:37:00,2026-01-26 11:37:00,1.0,False,5.7340277777777775,8.484027777777778,False
SO00002233,CUST000347,2026-05-13,2026-05-20,Critical,EDI,,2026-05-28 17:34:00,1.0,True,,15.731944444444444,True
SO00002240,CUST000006,2026-05-28,2026-06-13,Critical,B2B Portal,,2026-06-14 15:06:00,1.0,True,,17.629166666666666,True
SO00002242,CUST000329,2026-02-08,2026-02-19,Low,Retail Store,,2026-02-21 09:43:00,1.0,True,,13.404861111111112,True
SO00002243,CUST000333,2026-05-04,2026-05-12,Low,Retail Store,,,,,,,True
SO00002248,CUST000009,2026-05-09,2026-05-22,Critical,Retail Store,,2026-05-23 16:01:00,1.0,True,,14.667361111111111,True
SO00002250,CUST000309,2026-05-23,2026-06-11,High,B2B Portal,,2026-06-07 18:13:00,1.0,False,,15.759027777777778,True
SO00002251,CUST000157,2026-05-03,2026-05-24,Critical,B2B Portal,,,,,,,True
SO00002253,CUST000104,2026-02-05,2026-02-13,Low,Retail Store,2026-02-11 12:16:00,2026-02-20 14:16:00,1.0,True,6.511111111111111,15.594444444444445,False
SO00002265,CUST000328,2026-05-30,2026-06-05,Low,Marketplace,,2026-06-15 14:11:00,1.0,True,,16.590972222222224,True
SO00002272,CUST000158,2026-03-26,2026-04-12,High,Retail Store,2026-04-06 01:29:00,2026-04-18 19:29:00,1.0,True,11.061805555555555,23.811805555555555,False
SO00002273,CUST000380,2026-05-09,2026-05-14,Critical,EDI,,,,,,,True
SO00002275,CUST000251,2026-03-20,2026-04-01,High,Marketplace,,,,,,,True
SO00002276,CUST000014,2026-05-28,2026-06-17,Critical,B2B Portal,2026-06-07 18:23:00,2026-06-13 06:23:00,1.0,False,10.765972222222222,16.26597222222222,False
SO00002278,CUST000217,2026-05-16,2026-05-20,Normal,Retail Store,,,,,,,True
SO00002284,CUST000073,2026-05-23,2026-05-31,Low,EDI,,,,,,,True
SO00002288,CUST000339,2026-05-04,2026-05-18,High,Marketplace,,2026-05-19 06:01:00,1.0,True,,15.250694444444445,True
SO00002290,CUST000407,2026-01-03,2026-01-17,Low,Retail Store,2026-01-09 03:33:00,2026-01-11 04:33:00,1.0,False,6.147916666666666,8.189583333333333,False
SO00002291,CUST000308,2026-03-21,2026-03-30,Normal,B2B Portal,2026-03-21 13:21:00,2026-03-28 05:21:00,1.0,False,0.55625,7.222916666666666,False
SO00002292,CUST000289,2026-04-16,2026-04-23,High,Marketplace,,,,,,,True
SO00002293,CUST000400,2026-04-05,2026-04-23,Critical,B2B Portal,,2026-04-14 23:49:00,1.0,False,,9.99236111111111,True
SO00002297,CUST000284,2026-01-10,2026-01-18,High,Retail Store,2026-01-20 10:07:00,2026-01-27 18:07:00,1.0,True,10.421527777777778,17.75486111111111,False
SO00002302,CUST000038,2026-02-04,2026-02-11,Normal,EDI,2026-02-11 05:49:00,2026-02-21 10:49:00,1.0,True,7.242361111111111,17.450694444444444,False
SO00002304,CUST000171,2026-05-06,2026-05-20,Critical,B2B Portal,,2026-05-21 17:25:00,1.0,True,,15.725694444444445,True
SO00002307,CUST000002,2026-04-09,2026-04-21,Normal,B2B Portal,,2026-04-19 01:01:00,1.0,False,,10.042361111111111,True
SO00002312,CUST000025,2026-03-16,2026-04-03,High,Phone,2026-03-19 11:49:00,2026-03-31 01:49:00,1.0,False,3.4923611111111112,15.075694444444444,False
SO00002316,CUST000369,2026-02-08,2026-02-27,Normal,B2B Portal,2026-02-12 13:55:00,2026-02-15 20:55:00,1.0,False,4.579861111111111,7.871527777777778,False
SO00002317,CUST000373,2026-05-27,2026-06-11,High,Marketplace,,,,,,,True
SO00002318,CUST000140,2026-04-28,2026-05-03,High,Phone,,2026-05-09 16:29:00,1.0,True,,11.686805555555555,True
SO00002326,CUST000391,2026-01-25,2026-02-02,Normal,B2B Portal,,2026-02-05 13:24:00,1.0,True,,11.558333333333334,True
SO00002327,CUST000176,2026-03-01,2026-03-14,High,Phone,,2026-03-14 09:23:00,1.0,False,,13.390972222222222,True
SO00002329,CUST000389,2026-04-14,2026-05-03,High,Phone,2026-04-15 05:07:00,2026-04-26 12:07:00,1.0,False,1.2131944444444445,12.504861111111111,False
SO00002332,CUST000262,2026-01-20,2026-02-03,Normal,Retail Store,,2026-02-02 18:48:00,1.0,False,,13.783333333333333,True
SO00002335,CUST000381,2026-02-20,2026-03-06,Normal,Retail Store,,,,,,,True
SO00002336,CUST000128,2026-01-10,2026-01-26,Normal,B2B Portal,,,,,,,True
SO00002339,CUST000006,2026-02-28,2026-03-18,Low,EDI,2026-03-10 08:57:00,2026-03-11 08:57:00,1.0,False,10.372916666666667,11.372916666666667,False
SO00002342,CUST000431,2026-04-15,2026-05-06,Normal,Retail Store,,,,,,,True
SO00002343,CUST000339,2026-04-09,2026-04-23,Critical,B2B Portal,,,,,,,True
SO00002344,CUST000355,2026-05-06,2026-05-21,High,Retail Store,2026-05-07 18:44:00,2026-05-14 08:44:00,1.0,False,1.7805555555555554,8.363888888888889,False
SO00002350,CUST000025,2026-01-26,2026-02-15,High,B2B Portal,2026-01-27 02:22:00,2026-01-28 08:22:00,1.0,False,1.0986111111111112,2.348611111111111,False
SO00002353,CUST000321,2026-02-28,2026-03-05,Critical,EDI,,2026-03-10 19:06:00,1.0,True,,10.795833333333333,True
SO00002355,CUST000127,2026-03-29,2026-04-11,Low,B2B Portal,2026-03-30 14:49:00,2026-04-04 14:49:00,1.0,False,1.617361111111111,6.617361111111111,False
SO00002360,CUST000045,2026-04-12,2026-05-03,Normal,B2B Portal,,2026-04-18 16:17:00,1.0,False,,6.678472222222222,True
SO00002361,CUST000097,2026-05-28,2026-06-06,Normal,EDI,,,,,,,True
SO00002372,CUST000120,2026-05-01,2026-05-13,High,EDI,2026-05-02 14:12:00,2026-05-05 20:12:00,1.0,False,1.5916666666666666,4.841666666666667,False
SO00002375,CUST000028,2026-04-05,2026-04-21,Normal,B2B Portal,,2026-04-14 21:32:00,1.0,False,,9.897222222222222,True
SO00002379,CUST000198,2026-01-07,2026-01-10,Critical,Marketplace,2026-01-12 02:11:00,2026-01-17 22:11:00,1.0,True,5.090972222222222,10.924305555555556,False
SO00002382,CUST000230,2026-03-14,2026-03-29,Normal,Marketplace,,2026-03-22 10:15:00,1.0,False,,8.427083333333334,True
SO00002383,CUST000399,2026-02-20,2026-03-08,High,Retail Store,2026-02-26 05:29:00,2026-02-28 12:29:00,1.0,False,6.228472222222222,8.520138888888889,False
SO00002385,CUST000008,2026-01-03,2026-01-20,Normal,EDI,2026-01-13 07:22:00,,1.0,False,10.306944444444444,,False
SO00002386,CUST000418,2026-05-14,2026-05-19,Normal,Phone,,2026-05-25 00:12:00,1.0,True,,11.008333333333333,True
SO00002388,CUST000012,2026-03-19,2026-04-03,Normal,B2B Portal,,2026-03-23 21:35:00,1.0,False,,4.899305555555555,True
SO00002391,CUST000119,2026-01-03,2026-01-19,Low,Marketplace,,,,,,,True
SO00002395,CUST000165,2026-03-06,2026-03-22,Normal,Retail Store,,2026-03-25 23:56:00,1.0,True,,19.997222222222224,True
SO00002399,CUST000172,2026-02-13,2026-03-05,Low,EDI,,,,,,,True
SO00002400,CUST000346,2026-04-07,2026-04-28,Normal,Retail Store,,2026-04-21 10:21:00,1.0,False,,14.43125,True
SO00002410,CUST000381,2026-03-02,2026-03-14,Low,B2B Portal,,2026-03-14 19:57:00,1.0,False,,12.83125,True
SO00002412,CUST000023,2026-03-17,2026-03-31,High,EDI,,2026-03-24 13:05:00,1.0,False,,7.545138888888889,True
SO00002413,CUST000374,2026-05-31,2026-06-04,High,Retail Store,,2026-06-12 04:08:00,1.0,True,,12.172222222222222,True
SO00002417,CUST000077,2026-02-28,2026-03-16,Normal,EDI,,,,,,,True
SO00002419,CUST000075,2026-04-28,2026-05-09,Critical,Retail Store,,2026-05-07 02:25:00,1.0,False,,9.100694444444445,True
SO00002422,CUST000113,2026-05-14,2026-05-28,Normal,Marketplace,,,,,,,True
SO00002424,CUST000096,2026-01-09,2026-01-17,High,B2B Portal,,2026-01-30 17:52:00,1.0,True,,21.744444444444444,True
SO00002425,CUST000201,2026-02-15,2026-02-25,High,Retail Store,,2026-02-28 03:51:00,1.0,True,,13.160416666666666,True
SO00002428,CUST000295,2026-03-05,2026-03-19,Low,Retail Store,2026-03-10 11:15:00,2026-03-12 01:15:00,1.0,False,5.46875,7.052083333333333,False
SO00002429,CUST000411,2026-01-13,2026-01-17,Low,Marketplace,,2026-02-03 13:37:00,1.0,True,,21.56736111111111,True
SO00002431,CUST000087,2026-05-06,2026-05-25,Critical,B2B Portal,,,1.0,False,,,True
SO00002435,CUST000385,2026-01-03,2026-01-09,Normal,Marketplace,2026-01-13 10:53:00,2026-01-20 17:53:00,1.0,True,10.453472222222222,17.74513888888889,False
SO00002437,CUST000267,2026-03-18,2026-04-07,Normal,Marketplace,2026-03-19 13:57:00,2026-04-01 08:57:00,1.0,False,1.58125,14.372916666666667,False
SO00002438,CUST000001,2026-03-09,2026-03-27,Critical,Retail Store,2026-03-12 04:18:00,2026-03-21 06:18:00,1.0,False,3.1791666666666667,12.2625,False
SO00002441,CUST000159,2026-04-08,2026-04-15,Normal,Retail Store,2026-04-14 22:08:00,2026-04-26 03:08:00,1.0,True,6.9222222222222225,18.130555555555556,False
SO00002443,CUST000212,2026-03-16,2026-03-22,High,B2B Portal,,2026-03-20 02:13:00,1.0,False,,4.092361111111111,True
SO00002446,CUST000288,2026-01-01,2026-01-10,High,EDI,,,1.0,False,,,True
SO00002450,CUST000314,2026-05-02,2026-05-08,Normal,B2B Portal,,,,,,,True
SO00002452,CUST000358,2026-02-01,2026-02-22,Low,Marketplace,,2026-02-15 07:45:00,1.0,False,,14.322916666666666,True
SO00002454,CUST000196,2026-01-16,2026-01-21,High,Marketplace,,2026-01-25 01:49:00,1.0,True,,9.075694444444444,True
SO00002459,CUST000083,2026-05-23,2026-05-28,Critical,EDI,,,,,,,True
SO00002461,CUST000186,2026-04-12,2026-05-02,Normal,Marketplace,,2026-04-17 16:18:00,1.0,False,,5.679166666666666,True
SO00002464,CUST000247,2026-01-26,2026-02-14,Normal,Phone,,2026-01-31 19:48:00,1.0,False,,5.825,True
SO00002465,CUST000428,2026-03-30,2026-04-06,Normal,B2B Portal,2026-04-07 00:30:00,2026-04-08 04:30:00,1.0,True,8.020833333333334,9.1875,False
SO00002471,CUST000442,2026-03-07,2026-03-18,Normal,EDI,,2026-03-18 06:47:00,1.0,False,,11.282638888888888,True
SO00002473,CUST000364,2026-02-28,2026-03-19,Low,Phone,,,,,,,True
SO00002482,CUST000309,2026-05-22,2026-06-02,Normal,Retail Store,,2026-06-01 21:52:00,1.0,False,,10.911111111111111,True
SO00002484,CUST000248,2026-01-14,2026-01-20,Normal,Phone,,,,,,,True
SO00002485,CUST000262,2026-03-13,2026-03-21,Low,B2B Portal,,2026-03-29 17:30:00,1.0,True,,16.729166666666668,True
SO00002486,CUST000053,2026-02-02,2026-02-08,Low,EDI,2026-02-05 16:39:00,2026-02-16 10:39:00,1.0,True,3.69375,14.44375,False
SO00002489,CUST000332,2026-04-26,2026-05-15,High,EDI,,2026-05-04 15:24:00,1.0,False,,8.641666666666667,True
SO00002500,CUST000344,2026-04-01,2026-04-06,Normal,B2B Portal,,,,,,,True
