po_line_id,ordered_qty,received_qty,open_qty,receipt_status_computed
POL0000000001,1000.0,750.0,250.0,Partially Received
POL0000000002,250.0,250.0,0.0,Fully Received
POL0000000005,500.0,500.0,0.0,Fully Received
POL0000000006,500.0,0.0,500.0,Open
POL0000000007,250.0,0.0,250.0,Open
POL0000000009,50.0,55.0,-5.0,Fully Received
POL0000000010,50.0,0.0,50.0,Open
POL0000000011,250.0,0.0,250.0,Open
POL0000000012,50.0,25.0,25.0,Partially Received
POL0000000013,500.0,500.0,0.0,Fully Received
POL0000000014,1000.0,1000.0,0.0,Fully Received
POL0000000015,500.0,375.0,125.0,Partially Received
POL0000000016,100.0,0.0,100.0,Open
POL0000000017,50.0,0.0,50.0,Open
POL0000000018,50.0,0.0,50.0,Open
POL0000000019,50.0,0.0,50.0,Open
POL0000000020,50.0,50.0,0.0,Fully Received
POL0000000022,250.0,250.0,0.0,Fully Received
POL0000000023,50.0,37.0,13.0,Partially Received
POL0000000024,1000.0,0.0,1000.0,Open
POL0000000026,50.0,0.0,50.0,Open
POL0000000028,100.0,50.0,50.0,Partially Received
POL0000000029,1000.0,500.0,500.0,Partially Received
POL0000000030,250.0,0.0,250.0,Open
POL0000000031,500.0,250.0,250.0,Partially Received
POL0000000032,500.0,0.0,500.0,Open
POL0000000035,500.0,0.0,500.0,Open
POL0000000038,500.0,500.0,0.0,Fully Received
POL0000000039,100.0,50.0,50.0,Partially Received
POL0000000040,100.0,0.0,100.0,Open
POL0000000042,500.0,0.0,500.0,Open
POL0000000043,250.0,275.0,-25.0,Fully Received
POL0000000044,500.0,0.0,500.0,Open
POL0000000046,50.0,37.0,13.0,Partially Received
POL0000000047,500.0,500.0,0.0,Fully Received
POL0000000048,500.0,0.0,500.0,Open
POL0000000049,500.0,500.0,0.0,Fully Received
POL0000000051,100.0,75.0,25.0,Partially Received
POL0000000052,50.0,50.0,0.0,Fully Received
POL0000000053,500.0,0.0,500.0,Open
POL0000000054,500.0,0.0,500.0,Open
POL0000000055,50.0,0.0,50.0,Open
POL0000000056,50.0,0.0,50.0,Open
POL0000000057,100.0,0.0,100.0,Open
POL0000000058,1000.0,0.0,1000.0,Open
POL0000000059,250.0,187.0,63.0,Partially Received
POL0000000060,250.0,275.0,-25.0,Fully Received
POL0000000063,100.0,0.0,100.0,Open
POL0000000064,250.0,0.0,250.0,Open
POL0000000065,50.0,0.0,50.0,Open
POL0000000067,100.0,0.0,100.0,Open
POL0000000068,250.0,125.0,125.0,Partially Received
POL0000000069,50.0,50.0,0.0,Fully Received
POL0000000070,250.0,125.0,125.0,Partially Received
POL0000000071,1000.0,1000.0,0.0,Fully Received
POL0000000072,500.0,550.0,-50.0,Fully Received
POL0000000074,250.0,250.0,0.0,Fully Received
POL0000000075,250.0,0.0,250.0,Open
POL0000000076,1000.0,0.0,1000.0,Open
POL0000000078,250.0,0.0,250.0,Open
POL0000000079,250.0,0.0,250.0,Open
POL0000000080,500.0,0.0,500.0,Open
POL0000000082,50.0,55.0,-5.0,Fully Received
POL0000000084,250.0,275.0,-25.0,Fully Received
POL0000000085,500.0,550.0,-50.0,Fully Received
POL0000000087,250.0,0.0,250.0,Open
POL0000000088,100.0,100.0,0.0,Fully Received
POL0000000090,50.0,25.0,25.0,Partially Received
POL0000000092,100.0,110.0,-10.0,Fully Received
POL0000000093,1000.0,750.0,250.0,Partially Received
POL0000000096,500.0,0.0,500.0,Open
POL0000000098,100.0,0.0,100.0,Open
POL0000000101,250.0,0.0,250.0,Open
POL0000000102,250.0,0.0,250.0,Open
POL0000000103,250.0,187.0,63.0,Partially Received
POL0000000105,250.0,187.0,63.0,Partially Received
POL0000000106,100.0,110.0,-10.0,Fully Received
POL0000000110,100.0,0.0,100.0,Open
POL0000000112,50.0,0.0,50.0,Open
POL0000000114,1000.0,750.0,250.0,Partially Received
POL0000000116,100.0,0.0,100.0,Open
POL0000000117,250.0,187.0,63.0,Partially Received
POL0000000119,100.0,100.0,0.0,Fully Received
POL0000000120,100.0,110.0,-10.0,Fully Received
POL0000000121,100.0,50.0,50.0,Partially Received
POL0000000122,500.0,375.0,125.0,Partially Received
POL0000000123,100.0,0.0,100.0,Open
POL0000000124,50.0,0.0,50.0,Open
POL0000000126,1000.0,750.0,250.0,Partially Received
POL0000000127,50.0,37.0,13.0,Partially Received
POL0000000128,100.0,100.0,0.0,Fully Received
POL0000000129,50.0,55.0,-5.0,Fully Received
POL0000000131,500.0,375.0,125.0,Partially Received
POL0000000132,250.0,125.0,125.0,Partially Received
POL0000000133,250.0,187.0,63.0,Partially Received
POL0000000134,1000.0,0.0,1000.0,Open
POL0000000135,1000.0,750.0,250.0,Partially Received
POL0000000136,250.0,125.0,125.0,Partially Received
POL0000000137,250.0,125.0,125.0,Partially Received
POL0000000139,50.0,0.0,50.0,Open
POL0000000140,50.0,0.0,50.0,Open
POL0000000141,100.0,50.0,50.0,Partially Received
POL0000000142,500.0,0.0,500.0,Open
POL0000000143,50.0,0.0,50.0,Open
POL0000000144,250.0,0.0,250.0,Open
POL0000000146,500.0,250.0,250.0,Partially Received
POL0000000147,500.0,500.0,0.0,Fully Received
POL0000000148,500.0,550.0,-50.0,Fully Received
POL0000000149,1000.0,1100.0,-100.0,Fully Received
POL0000000150,50.0,0.0,50.0,Open
POL0000000151,100.0,0.0,100.0,Open
POL0000000153,100.0,50.0,50.0,Partially Received
POL0000000154,250.0,0.0,250.0,Open
POL0000000155,500.0,0.0,500.0,Open
POL0000000156,50.0,0.0,50.0,Open
POL0000000157,50.0,0.0,50.0,Open
POL0000000158,1000.0,0.0,1000.0,Open
POL0000000159,500.0,0.0,500.0,Open
POL0000000160,250.0,0.0,250.0,Open
POL0000000161,50.0,0.0,50.0,Open
POL0000000162,50.0,50.0,0.0,Fully Received
POL0000000163,1000.0,1000.0,0.0,Fully Received
POL0000000165,500.0,500.0,0.0,Fully Received
POL0000000169,50.0,0.0,50.0,Open
POL0000000171,50.0,55.0,-5.0,Fully Received
POL0000000172,500.0,375.0,125.0,Partially Received
POL0000000174,100.0,100.0,0.0,Fully Received
POL0000000175,50.0,0.0,50.0,Open
POL0000000176,50.0,0.0,50.0,Open
POL0000000177,100.0,0.0,100.0,Open
POL0000000179,50.0,0.0,50.0,Open
POL0000000182,500.0,550.0,-50.0,Fully Received
POL0000000183,100.0,75.0,25.0,Partially Received
POL0000000184,100.0,100.0,0.0,Fully Received
POL0000000187,500.0,0.0,500.0,Open
POL0000000188,500.0,0.0,500.0,Open
POL0000000190,50.0,0.0,50.0,Open
POL0000000191,1000.0,0.0,1000.0,Open
POL0000000192,50.0,0.0,50.0,Open
POL0000000193,1000.0,1000.0,0.0,Fully Received
POL0000000194,500.0,375.0,125.0,Partially Received
POL0000000195,250.0,0.0,250.0,Open
POL0000000197,100.0,0.0,100.0,Open
POL0000000201,500.0,500.0,0.0,Fully Received
POL0000000203,100.0,110.0,-10.0,Fully Received
POL0000000204,50.0,0.0,50.0,Open
POL0000000205,100.0,0.0,100.0,Open
POL0000000206,100.0,0.0,100.0,Open
POL0000000207,50.0,25.0,25.0,Partially Received
POL0000000209,100.0,0.0,100.0,Open
POL0000000211,1000.0,1000.0,0.0,Fully Received
POL0000000213,500.0,500.0,0.0,Fully Received
POL0000000214,250.0,125.0,125.0,Partially Received
POL0000000216,250.0,125.0,125.0,Partially Received
POL0000000217,50.0,50.0,0.0,Fully Received
POL0000000218,50.0,0.0,50.0,Open
POL0000000219,100.0,50.0,50.0,Partially Received
POL0000000220,50.0,50.0,0.0,Fully Received
POL0000000221,500.0,550.0,-50.0,Fully Received
POL0000000222,500.0,375.0,125.0,Partially Received
POL0000000223,500.0,500.0,0.0,Fully Received
POL0000000224,500.0,250.0,250.0,Partially Received
POL0000000225,50.0,0.0,50.0,Open
POL0000000228,250.0,0.0,250.0,Open
POL0000000230,100.0,0.0,100.0,Open
POL0000000234,500.0,0.0,500.0,Open
POL0000000237,250.0,275.0,-25.0,Fully Received
POL0000000238,50.0,50.0,0.0,Fully Received
POL0000000239,250.0,125.0,125.0,Partially Received
POL0000000240,100.0,50.0,50.0,Partially Received
POL0000000242,100.0,75.0,25.0,Partially Received
POL0000000246,500.0,500.0,0.0,Fully Received
POL0000000248,50.0,50.0,0.0,Fully Received
POL0000000249,250.0,125.0,125.0,Partially Received
POL0000000251,500.0,0.0,500.0,Open
POL0000000253,250.0,0.0,250.0,Open
POL0000000254,250.0,0.0,250.0,Open
POL0000000258,50.0,0.0,50.0,Open
POL0000000259,250.0,187.0,63.0,Partially Received
POL0000000260,1000.0,750.0,250.0,Partially Received
POL0000000261,1000.0,0.0,1000.0,Open
POL0000000262,50.0,0.0,50.0,Open
POL0000000264,500.0,0.0,500.0,Open
POL0000000265,50.0,55.0,-5.0,Fully Received
POL0000000266,1000.0,1000.0,0.0,Fully Received
POL0000000267,250.0,0.0,250.0,Open
POL0000000269,1000.0,500.0,500.0,Partially Received
POL0000000270,50.0,50.0,0.0,Fully Received
POL0000000271,50.0,37.0,13.0,Partially Received
POL0000000273,500.0,500.0,0.0,Fully Received
POL0000000275,500.0,0.0,500.0,Open
POL0000000276,1000.0,1100.0,-100.0,Fully Received
POL0000000277,100.0,50.0,50.0,Partially Received
POL0000000279,50.0,0.0,50.0,Open
POL0000000280,50.0,0.0,50.0,Open
POL0000000281,50.0,55.0,-5.0,Fully Received
POL0000000283,250.0,250.0,0.0,Fully Received
POL0000000284,250.0,275.0,-25.0,Fully Received
POL0000000285,100.0,0.0,100.0,Open
POL0000000286,250.0,0.0,250.0,Open
POL0000000287,500.0,250.0,250.0,Partially Received
POL0000000288,1000.0,750.0,250.0,Partially Received
POL0000000290,100.0,75.0,25.0,Partially Received
POL0000000291,50.0,0.0,50.0,Open
POL0000000292,250.0,125.0,125.0,Partially Received
POL0000000293,50.0,25.0,25.0,Partially Received
POL0000000294,100.0,100.0,0.0,Fully Received
POL0000000295,1000.0,1100.0,-100.0,Fully Received
POL0000000296,250.0,125.0,125.0,Partially Received
POL0000000297,50.0,37.0,13.0,Partially Received
POL0000000299,100.0,100.0,0.0,Fully Received
POL0000000301,100.0,0.0,100.0,Open
POL0000000303,500.0,500.0,0.0,Fully Received
POL0000000304,250.0,0.0,250.0,Open
POL0000000306,500.0,0.0,500.0,Open
POL0000000307,50.0,0.0,50.0,Open
POL0000000310,1000.0,1000.0,0.0,Fully Received
POL0000000311,500.0,500.0,0.0,Fully Received
POL0000000312,500.0,375.0,125.0,Partially Received
POL0000000313,100.0,100.0,0.0,Fully Received
POL0000000314,500.0,375.0,125.0,Partially Received
POL0000000315,50.0,0.0,50.0,Open
POL0000000316,1000.0,0.0,1000.0,Open
POL0000000318,100.0,100.0,0.0,Fully Received
POL0000000319,250.0,250.0,0.0,Fully Received
POL0000000320,100.0,110.0,-10.0,Fully Received
POL0000000321,1000.0,1000.0,0.0,Fully Received
POL0000000322,1000.0,500.0,500.0,Partially Received
POL0000000323,250.0,250.0,0.0,Fully Received
POL0000000324,100.0,0.0,100.0,Open
POL0000000325,250.0,0.0,250.0,Open
POL0000000326,50.0,0.0,50.0,Open
POL0000000328,250.0,0.0,250.0,Open
POL0000000330,50.0,0.0,50.0,Open
POL0000000332,100.0,100.0,0.0,Fully Received
POL0000000333,50.0,0.0,50.0,Open
POL0000000334,1000.0,0.0,1000.0,Open
POL0000000335,250.0,275.0,-25.0,Fully Received
POL0000000336,500.0,500.0,0.0,Fully Received
POL0000000337,1000.0,0.0,1000.0,Open
POL0000000338,100.0,75.0,25.0,Partially Received
POL0000000339,250.0,250.0,0.0,Fully Received
POL0000000341,50.0,37.0,13.0,Partially Received
POL0000000342,500.0,500.0,0.0,Fully Received
POL0000000346,500.0,250.0,250.0,Partially Received
POL0000000348,500.0,0.0,500.0,Open
POL0000000349,500.0,0.0,500.0,Open
POL0000000350,100.0,100.0,0.0,Fully Received
POL0000000351,500.0,0.0,500.0,Open
POL0000000353,50.0,0.0,50.0,Open
POL0000000354,1000.0,0.0,1000.0,Open
POL0000000355,1000.0,0.0,1000.0,Open
POL0000000356,500.0,375.0,125.0,Partially Received
POL0000000357,1000.0,1000.0,0.0,Fully Received
POL0000000358,50.0,0.0,50.0,Open
POL0000000359,250.0,250.0,0.0,Fully Received
POL0000000360,500.0,500.0,0.0,Fully Received
POL0000000361,250.0,187.0,63.0,Partially Received
POL0000000362,500.0,500.0,0.0,Fully Received
POL0000000365,50.0,37.0,13.0,Partially Received
POL0000000368,250.0,0.0,250.0,Open
POL0000000370,500.0,0.0,500.0,Open
POL0000000373,50.0,50.0,0.0,Fully Received
POL0000000374,500.0,250.0,250.0,Partially Received
POL0000000376,100.0,0.0,100.0,Open
POL0000000377,50.0,37.0,13.0,Partially Received
POL0000000378,500.0,375.0,125.0,Partially Received
POL0000000381,100.0,110.0,-10.0,Fully Received
POL0000000382,250.0,187.0,63.0,Partially Received
POL0000000383,1000.0,500.0,500.0,Partially Received
POL0000000384,100.0,110.0,-10.0,Fully Received
POL0000000386,100.0,0.0,100.0,Open
POL0000000388,250.0,0.0,250.0,Open
POL0000000389,1000.0,500.0,500.0,Partially Received
POL0000000391,100.0,0.0,100.0,Open
POL0000000392,50.0,50.0,0.0,Fully Received
POL0000000393,250.0,187.0,63.0,Partially Received
POL0000000395,500.0,375.0,125.0,Partially Received
POL0000000396,250.0,0.0,250.0,Open
POL0000000397,100.0,100.0,0.0,Fully Received
POL0000000398,1000.0,0.0,1000.0,Open
POL0000000399,250.0,0.0,250.0,Open
POL0000000400,1000.0,750.0,250.0,Partially Received
POL0000000401,500.0,500.0,0.0,Fully Received
POL0000000406,500.0,0.0,500.0,Open
POL0000000407,250.0,275.0,-25.0,Fully Received
POL0000000409,50.0,25.0,25.0,Partially Received
POL0000000411,50.0,0.0,50.0,Open
POL0000000412,1000.0,0.0,1000.0,Open
POL0000000413,250.0,125.0,125.0,Partially Received
POL0000000414,500.0,500.0,0.0,Fully Received
POL0000000416,500.0,0.0,500.0,Open
POL0000000417,500.0,500.0,0.0,Fully Received
POL0000000418,100.0,0.0,100.0,Open
POL0000000419,250.0,0.0,250.0,Open
POL0000000420,250.0,0.0,250.0,Open
POL0000000421,100.0,0.0,100.0,Open
POL0000000423,100.0,100.0,0.0,Fully Received
POL0000000424,500.0,0.0,500.0,Open
POL0000000425,1000.0,750.0,250.0,Partially Received
POL0000000427,50.0,55.0,-5.0,Fully Received
POL0000000428,50.0,50.0,0.0,Fully Received
POL0000000429,250.0,0.0,250.0,Open
POL0000000430,250.0,187.0,63.0,Partially Received
POL0000000432,500.0,375.0,125.0,Partially Received
POL0000000436,50.0,0.0,50.0,Open
POL0000000437,100.0,0.0,100.0,Open
POL0000000439,1000.0,500.0,500.0,Partially Received
POL0000000440,250.0,0.0,250.0,Open
POL0000000441,1000.0,500.0,500.0,Partially Received
POL0000000445,500.0,550.0,-50.0,Fully Received
POL0000000447,250.0,250.0,0.0,Fully Received
POL0000000448,100.0,110.0,-10.0,Fully Received
POL0000000449,250.0,250.0,0.0,Fully Received
POL0000000450,250.0,250.0,0.0,Fully Received
POL0000000451,50.0,0.0,50.0,Open
POL0000000452,100.0,0.0,100.0,Open
POL0000000453,50.0,50.0,0.0,Fully Received
POL0000000454,1000.0,750.0,250.0,Partially Received
POL0000000455,100.0,75.0,25.0,Partially Received
POL0000000456,100.0,100.0,0.0,Fully Received
POL0000000457,500.0,500.0,0.0,Fully Received
POL0000000458,500.0,550.0,-50.0,Fully Received
POL0000000459,250.0,0.0,250.0,Open
POL0000000460,100.0,0.0,100.0,Open
POL0000000461,250.0,187.0,63.0,Partially Received
POL0000000462,1000.0,1000.0,0.0,Fully Received
POL0000000463,100.0,100.0,0.0,Fully Received
POL0000000464,250.0,275.0,-25.0,Fully Received
POL0000000465,250.0,250.0,0.0,Fully Received
POL0000000466,250.0,250.0,0.0,Fully Received
POL0000000467,500.0,500.0,0.0,Fully Received
POL0000000468,50.0,55.0,-5.0,Fully Received
POL0000000470,250.0,250.0,0.0,Fully Received
POL0000000472,1000.0,750.0,250.0,Partially Received
POL0000000473,100.0,100.0,0.0,Fully Received
POL0000000474,50.0,0.0,50.0,Open
POL0000000475,250.0,0.0,250.0,Open
POL0000000476,250.0,0.0,250.0,Open
POL0000000477,1000.0,0.0,1000.0,Open
POL0000000478,250.0,125.0,125.0,Partially Received
POL0000000479,250.0,125.0,125.0,Partially Received
POL0000000480,50.0,0.0,50.0,Open
POL0000000481,50.0,0.0,50.0,Open
POL0000000483,500.0,0.0,500.0,Open
POL0000000485,100.0,75.0,25.0,Partially Received
POL0000000487,50.0,0.0,50.0,Open
POL0000000488,1000.0,0.0,1000.0,Open
POL0000000491,50.0,50.0,0.0,Fully Received
POL0000000492,50.0,50.0,0.0,Fully Received
POL0000000494,100.0,100.0,0.0,Fully Received
POL0000000495,250.0,275.0,-25.0,Fully Received
POL0000000496,100.0,50.0,50.0,Partially Received
POL0000000497,1000.0,0.0,1000.0,Open
POL0000000498,250.0,0.0,250.0,Open
POL0000000499,250.0,0.0,250.0,Open
POL0000000500,50.0,50.0,0.0,Fully Received
POL0000000501,50.0,37.0,13.0,Partially Received
POL0000000502,100.0,100.0,0.0,Fully Received
POL0000000503,100.0,0.0,100.0,Open
POL0000000504,500.0,0.0,500.0,Open
POL0000000506,1000.0,1000.0,0.0,Fully Received
POL0000000507,500.0,500.0,0.0,Fully Received
POL0000000508,100.0,75.0,25.0,Partially Received
POL0000000509,1000.0,750.0,250.0,Partially Received
POL0000000512,100.0,100.0,0.0,Fully Received
POL0000000514,50.0,50.0,0.0,Fully Received
POL0000000515,50.0,37.0,13.0,Partially Received
POL0000000517,100.0,0.0,100.0,Open
POL0000000518,100.0,0.0,100.0,Open
POL0000000520,1000.0,1000.0,0.0,Fully Received
POL0000000521,100.0,75.0,25.0,Partially Received
POL0000000522,250.0,125.0,125.0,Partially Received
POL0000000523,250.0,275.0,-25.0,Fully Received
POL0000000524,500.0,500.0,0.0,Fully Received
POL0000000525,1000.0,500.0,500.0,Partially Received
POL0000000526,1000.0,1000.0,0.0,Fully Received
POL0000000527,500.0,550.0,-50.0,Fully Received
POL0000000528,100.0,100.0,0.0,Fully Received
POL0000000532,1000.0,0.0,1000.0,Open
POL0000000534,500.0,500.0,0.0,Fully Received
POL0000000535,1000.0,0.0,1000.0,Open
POL0000000538,50.0,50.0,0.0,Fully Received
POL0000000540,50.0,50.0,0.0,Fully Received
POL0000000543,500.0,550.0,-50.0,Fully Received
POL0000000544,1000.0,1000.0,0.0,Fully Received
POL0000000546,1000.0,0.0,1000.0,Open
POL0000000549,50.0,55.0,-5.0,Fully Received
POL0000000553,250.0,250.0,0.0,Fully Received
POL0000000554,50.0,50.0,0.0,Fully Received
POL0000000556,1000.0,0.0,1000.0,Open
POL0000000557,100.0,0.0,100.0,Open
POL0000000558,50.0,50.0,0.0,Fully Received
POL0000000559,50.0,25.0,25.0,Partially Received
POL0000000560,50.0,25.0,25.0,Partially Received
POL0000000561,250.0,275.0,-25.0,Fully Received
POL0000000563,50.0,0.0,50.0,Open
POL0000000564,100.0,110.0,-10.0,Fully Received
POL0000000565,1000.0,1000.0,0.0,Fully Received
POL0000000568,1000.0,500.0,500.0,Partially Received
POL0000000569,50.0,55.0,-5.0,Fully Received
POL0000000571,50.0,50.0,0.0,Fully Received
POL0000000573,1000.0,0.0,1000.0,Open
POL0000000574,100.0,110.0,-10.0,Fully Received
POL0000000578,500.0,0.0,500.0,Open
POL0000000579,500.0,0.0,500.0,Open
POL0000000580,1000.0,500.0,500.0,Partially Received
POL0000000581,100.0,0.0,100.0,Open
POL0000000582,100.0,0.0,100.0,Open
POL0000000583,250.0,275.0,-25.0,Fully Received
POL0000000584,100.0,110.0,-10.0,Fully Received
POL0000000586,500.0,0.0,500.0,Open
POL0000000589,100.0,75.0,25.0,Partially Received
POL0000000590,500.0,500.0,0.0,Fully Received
POL0000000592,50.0,50.0,0.0,Fully Received
POL0000000593,1000.0,0.0,1000.0,Open
POL0000000594,250.0,0.0,250.0,Open
POL0000000596,1000.0,0.0,1000.0,Open
POL0000000598,100.0,75.0,25.0,Partially Received
POL0000000599,100.0,75.0,25.0,Partially Received
POL0000000600,500.0,0.0,500.0,Open
POL0000000601,50.0,50.0,0.0,Fully Received
POL0000000602,100.0,0.0,100.0,Open
POL0000000603,100.0,110.0,-10.0,Fully Received
POL0000000604,50.0,37.0,13.0,Partially Received
POL0000000605,500.0,500.0,0.0,Fully Received
POL0000000606,50.0,25.0,25.0,Partially Received
POL0000000607,100.0,50.0,50.0,Partially Received
POL0000000609,250.0,0.0,250.0,Open
POL0000000611,100.0,0.0,100.0,Open
POL0000000612,1000.0,0.0,1000.0,Open
POL0000000615,100.0,0.0,100.0,Open
POL0000000616,250.0,275.0,-25.0,Fully Received
POL0000000617,250.0,125.0,125.0,Partially Received
POL0000000618,250.0,125.0,125.0,Partially Received
POL0000000619,50.0,0.0,50.0,Open
POL0000000620,500.0,250.0,250.0,Partially Received
POL0000000621,500.0,0.0,500.0,Open
POL0000000622,250.0,125.0,125.0,Partially Received
POL0000000623,50.0,55.0,-5.0,Fully Received
POL0000000624,500.0,500.0,0.0,Fully Received
POL0000000627,50.0,0.0,50.0,Open
POL0000000628,250.0,275.0,-25.0,Fully Received
POL0000000631,100.0,50.0,50.0,Partially Received
POL0000000632,1000.0,500.0,500.0,Partially Received
POL0000000633,1000.0,1000.0,0.0,Fully Received
POL0000000634,50.0,37.0,13.0,Partially Received
POL0000000639,500.0,0.0,500.0,Open
POL0000000640,250.0,275.0,-25.0,Fully Received
POL0000000641,500.0,500.0,0.0,Fully Received
POL0000000642,100.0,100.0,0.0,Fully Received
POL0000000643,500.0,250.0,250.0,Partially Received
POL0000000644,100.0,0.0,100.0,Open
POL0000000645,500.0,0.0,500.0,Open
POL0000000647,250.0,275.0,-25.0,Fully Received
POL0000000648,100.0,110.0,-10.0,Fully Received
POL0000000650,250.0,0.0,250.0,Open
POL0000000652,1000.0,0.0,1000.0,Open
POL0000000653,50.0,0.0,50.0,Open
POL0000000654,1000.0,0.0,1000.0,Open
POL0000000655,100.0,0.0,100.0,Open
POL0000000656,250.0,0.0,250.0,Open
POL0000000657,250.0,275.0,-25.0,Fully Received
POL0000000658,1000.0,0.0,1000.0,Open
POL0000000659,100.0,110.0,-10.0,Fully Received
POL0000000660,500.0,550.0,-50.0,Fully Received
POL0000000661,1000.0,0.0,1000.0,Open
POL0000000663,100.0,75.0,25.0,Partially Received
POL0000000664,500.0,500.0,0.0,Fully Received
POL0000000665,1000.0,0.0,1000.0,Open
POL0000000666,500.0,550.0,-50.0,Fully Received
POL0000000667,100.0,75.0,25.0,Partially Received
POL0000000669,100.0,100.0,0.0,Fully Received
POL0000000670,250.0,0.0,250.0,Open
POL0000000671,100.0,110.0,-10.0,Fully Received
POL0000000672,250.0,0.0,250.0,Open
POL0000000673,50.0,0.0,50.0,Open
POL0000000675,1000.0,1100.0,-100.0,Fully Received
POL0000000676,50.0,55.0,-5.0,Fully Received
POL0000000677,1000.0,0.0,1000.0,Open
POL0000000678,500.0,0.0,500.0,Open
POL0000000679,100.0,110.0,-10.0,Fully Received
POL0000000680,1000.0,1100.0,-100.0,Fully Received
POL0000000681,1000.0,1000.0,0.0,Fully Received
POL0000000682,250.0,0.0,250.0,Open
POL0000000684,250.0,0.0,250.0,Open
POL0000000686,250.0,250.0,0.0,Fully Received
POL0000000687,250.0,275.0,-25.0,Fully Received
POL0000000688,500.0,550.0,-50.0,Fully Received
POL0000000691,500.0,0.0,500.0,Open
POL0000000692,500.0,0.0,500.0,Open
POL0000000693,500.0,375.0,125.0,Partially Received
POL0000000694,50.0,50.0,0.0,Fully Received
POL0000000695,100.0,0.0,100.0,Open
POL0000000696,100.0,100.0,0.0,Fully Received
POL0000000699,1000.0,1100.0,-100.0,Fully Received
POL0000000703,100.0,75.0,25.0,Partially Received
POL0000000705,100.0,100.0,0.0,Fully Received
POL0000000706,250.0,250.0,0.0,Fully Received
POL0000000707,100.0,110.0,-10.0,Fully Received
POL0000000710,50.0,50.0,0.0,Fully Received
POL0000000712,250.0,0.0,250.0,Open
POL0000000713,50.0,50.0,0.0,Fully Received
POL0000000714,50.0,50.0,0.0,Fully Received
POL0000000715,50.0,37.0,13.0,Partially Received
POL0000000716,50.0,0.0,50.0,Open
POL0000000717,1000.0,750.0,250.0,Partially Received
POL0000000718,100.0,0.0,100.0,Open
POL0000000719,1000.0,0.0,1000.0,Open
POL0000000720,500.0,0.0,500.0,Open
POL0000000721,500.0,250.0,250.0,Partially Received
POL0000000722,100.0,100.0,0.0,Fully Received
POL0000000725,1000.0,0.0,1000.0,Open
POL0000000727,250.0,0.0,250.0,Open
POL0000000730,500.0,250.0,250.0,Partially Received
POL0000000731,100.0,50.0,50.0,Partially Received
POL0000000732,100.0,100.0,0.0,Fully Received
POL0000000733,100.0,50.0,50.0,Partially Received
POL0000000734,250.0,125.0,125.0,Partially Received
POL0000000735,1000.0,1100.0,-100.0,Fully Received
POL0000000737,500.0,500.0,0.0,Fully Received
POL0000000738,50.0,25.0,25.0,Partially Received
POL0000000739,100.0,50.0,50.0,Partially Received
POL0000000740,50.0,50.0,0.0,Fully Received
POL0000000743,500.0,550.0,-50.0,Fully Received
POL0000000745,1000.0,0.0,1000.0,Open
POL0000000746,500.0,500.0,0.0,Fully Received
POL0000000747,250.0,125.0,125.0,Partially Received
POL0000000748,500.0,550.0,-50.0,Fully Received
POL0000000750,1000.0,1100.0,-100.0,Fully Received
POL0000000753,100.0,0.0,100.0,Open
POL0000000754,100.0,0.0,100.0,Open
POL0000000756,500.0,250.0,250.0,Partially Received
POL0000000757,250.0,250.0,0.0,Fully Received
POL0000000758,1000.0,1000.0,0.0,Fully Received
POL0000000759,1000.0,1100.0,-100.0,Fully Received
POL0000000760,50.0,50.0,0.0,Fully Received
POL0000000761,1000.0,0.0,1000.0,Open
POL0000000764,500.0,550.0,-50.0,Fully Received
POL0000000766,100.0,110.0,-10.0,Fully Received
POL0000000767,1000.0,1000.0,0.0,Fully Received
POL0000000769,500.0,550.0,-50.0,Fully Received
POL0000000770,250.0,0.0,250.0,Open
POL0000000773,50.0,50.0,0.0,Fully Received
POL0000000776,250.0,187.0,63.0,Partially Received
POL0000000777,500.0,0.0,500.0,Open
POL0000000780,250.0,275.0,-25.0,Fully Received
POL0000000781,500.0,0.0,500.0,Open
POL0000000782,500.0,500.0,0.0,Fully Received
POL0000000783,250.0,0.0,250.0,Open
POL0000000784,100.0,50.0,50.0,Partially Received
POL0000000788,500.0,375.0,125.0,Partially Received
POL0000000789,250.0,0.0,250.0,Open
POL0000000790,100.0,110.0,-10.0,Fully Received
POL0000000792,1000.0,1000.0,0.0,Fully Received
POL0000000793,1000.0,1100.0,-100.0,Fully Received
POL0000000794,500.0,250.0,250.0,Partially Received
POL0000000795,50.0,55.0,-5.0,Fully Received
POL0000000796,1000.0,0.0,1000.0,Open
POL0000000797,250.0,250.0,0.0,Fully Received
POL0000000800,1000.0,1100.0,-100.0,Fully Received
POL0000000801,500.0,250.0,250.0,Partially Received
POL0000000803,100.0,110.0,-10.0,Fully Received
POL0000000804,500.0,0.0,500.0,Open
POL0000000805,1000.0,0.0,1000.0,Open
POL0000000806,1000.0,750.0,250.0,Partially Received
POL0000000809,250.0,0.0,250.0,Open
POL0000000811,500.0,0.0,500.0,Open
POL0000000812,50.0,0.0,50.0,Open
POL0000000816,50.0,50.0,0.0,Fully Received
POL0000000818,1000.0,1100.0,-100.0,Fully Received
POL0000000819,1000.0,0.0,1000.0,Open
POL0000000820,500.0,375.0,125.0,Partially Received
POL0000000821,250.0,0.0,250.0,Open
POL0000000822,50.0,0.0,50.0,Open
POL0000000823,500.0,0.0,500.0,Open
POL0000000825,500.0,0.0,500.0,Open
POL0000000827,100.0,0.0,100.0,Open
POL0000000828,50.0,50.0,0.0,Fully Received
POL0000000832,50.0,0.0,50.0,Open
POL0000000833,500.0,375.0,125.0,Partially Received
POL0000000834,1000.0,1000.0,0.0,Fully Received
POL0000000835,250.0,125.0,125.0,Partially Received
POL0000000836,100.0,0.0,100.0,Open
POL0000000837,500.0,500.0,0.0,Fully Received
POL0000000838,100.0,0.0,100.0,Open
POL0000000839,1000.0,0.0,1000.0,Open
POL0000000840,100.0,75.0,25.0,Partially Received
POL0000000842,50.0,50.0,0.0,Fully Received
POL0000000843,50.0,50.0,0.0,Fully Received
POL0000000844,50.0,55.0,-5.0,Fully Received
POL0000000845,100.0,50.0,50.0,Partially Received
POL0000000847,100.0,0.0,100.0,Open
POL0000000848,100.0,50.0,50.0,Partially Received
POL0000000849,100.0,100.0,0.0,Fully Received
POL0000000851,100.0,100.0,0.0,Fully Received
POL0000000854,100.0,100.0,0.0,Fully Received
POL0000000856,500.0,500.0,0.0,Fully Received
POL0000000858,50.0,55.0,-5.0,Fully Received
POL0000000859,1000.0,750.0,250.0,Partially Received
POL0000000860,500.0,0.0,500.0,Open
POL0000000861,50.0,50.0,0.0,Fully Received
POL0000000864,100.0,50.0,50.0,Partially Received
POL0000000865,500.0,550.0,-50.0,Fully Received
POL0000000866,100.0,100.0,0.0,Fully Received
POL0000000867,50.0,37.0,13.0,Partially Received
POL0000000868,500.0,250.0,250.0,Partially Received
POL0000000869,250.0,275.0,-25.0,Fully Received
POL0000000871,50.0,25.0,25.0,Partially Received
POL0000000872,100.0,0.0,100.0,Open
POL0000000874,1000.0,0.0,1000.0,Open
POL0000000876,1000.0,0.0,1000.0,Open
POL0000000877,100.0,0.0,100.0,Open
POL0000000878,1000.0,0.0,1000.0,Open
POL0000000879,50.0,0.0,50.0,Open
POL0000000880,100.0,100.0,0.0,Fully Received
POL0000000881,500.0,0.0,500.0,Open
POL0000000882,50.0,37.0,13.0,Partially Received
POL0000000884,1000.0,0.0,1000.0,Open
POL0000000886,50.0,0.0,50.0,Open
POL0000000887,500.0,0.0,500.0,Open
POL0000000888,250.0,250.0,0.0,Fully Received
POL0000000889,500.0,500.0,0.0,Fully Received
POL0000000890,50.0,50.0,0.0,Fully Received
POL0000000892,1000.0,1100.0,-100.0,Fully Received
POL0000000893,100.0,110.0,-10.0,Fully Received
POL0000000895,250.0,250.0,0.0,Fully Received
POL0000000897,50.0,0.0,50.0,Open
POL0000000899,100.0,100.0,0.0,Fully Received
POL0000000901,100.0,50.0,50.0,Partially Received
POL0000000902,250.0,250.0,0.0,Fully Received
POL0000000904,250.0,0.0,250.0,Open
POL0000000906,1000.0,1000.0,0.0,Fully Received
POL0000000909,100.0,0.0,100.0,Open
POL0000000910,250.0,275.0,-25.0,Fully Received
POL0000000913,100.0,50.0,50.0,Partially Received
POL0000000914,250.0,250.0,0.0,Fully Received
POL0000000915,1000.0,1000.0,0.0,Fully Received
POL0000000918,50.0,55.0,-5.0,Fully Received
POL0000000919,50.0,50.0,0.0,Fully Received
POL0000000920,250.0,0.0,250.0,Open
POL0000000922,50.0,55.0,-5.0,Fully Received
POL0000000923,1000.0,1000.0,0.0,Fully Received
POL0000000925,50.0,50.0,0.0,Fully Received
POL0000000926,250.0,0.0,250.0,Open
POL0000000928,100.0,100.0,0.0,Fully Received
POL0000000929,1000.0,1000.0,0.0,Fully Received
POL0000000931,500.0,250.0,250.0,Partially Received
POL0000000932,500.0,500.0,0.0,Fully Received
POL0000000933,100.0,110.0,-10.0,Fully Received
POL0000000934,500.0,550.0,-50.0,Fully Received
POL0000000935,1000.0,1000.0,0.0,Fully Received
POL0000000936,100.0,75.0,25.0,Partially Received
POL0000000938,500.0,375.0,125.0,Partially Received
POL0000000939,500.0,550.0,-50.0,Fully Received
POL0000000941,50.0,0.0,50.0,Open
POL0000000943,100.0,0.0,100.0,Open
POL0000000944,50.0,0.0,50.0,Open
POL0000000950,50.0,25.0,25.0,Partially Received
POL0000000952,250.0,250.0,0.0,Fully Received
POL0000000955,1000.0,0.0,1000.0,Open
POL0000000957,50.0,37.0,13.0,Partially Received
POL0000000958,1000.0,1000.0,0.0,Fully Received
POL0000000959,50.0,0.0,50.0,Open
POL0000000960,100.0,0.0,100.0,Open
POL0000000961,50.0,0.0,50.0,Open
POL0000000962,100.0,50.0,50.0,Partially Received
POL0000000964,500.0,375.0,125.0,Partially Received
POL0000000965,500.0,0.0,500.0,Open
POL0000000966,250.0,275.0,-25.0,Fully Received
POL0000000967,100.0,0.0,100.0,Open
POL0000000970,500.0,0.0,500.0,Open
POL0000000971,250.0,0.0,250.0,Open
POL0000000972,50.0,0.0,50.0,Open
POL0000000973,250.0,275.0,-25.0,Fully Received
POL0000000974,100.0,110.0,-10.0,Fully Received
POL0000000975,1000.0,500.0,500.0,Partially Received
POL0000000976,100.0,0.0,100.0,Open
POL0000000977,100.0,0.0,100.0,Open
POL0000000978,250.0,187.0,63.0,Partially Received
POL0000000980,50.0,50.0,0.0,Fully Received
POL0000000982,500.0,250.0,250.0,Partially Received
POL0000000984,1000.0,1100.0,-100.0,Fully Received
POL0000000985,100.0,0.0,100.0,Open
POL0000000986,250.0,250.0,0.0,Fully Received
POL0000000988,500.0,250.0,250.0,Partially Received
POL0000000989,50.0,25.0,25.0,Partially Received
POL0000000992,1000.0,750.0,250.0,Partially Received
POL0000000995,50.0,50.0,0.0,Fully Received
POL0000000996,1000.0,1000.0,0.0,Fully Received
POL0000000997,500.0,0.0,500.0,Open
POL0000000998,50.0,0.0,50.0,Open
POL0000001000,100.0,100.0,0.0,Fully Received
POL0000001001,100.0,110.0,-10.0,Fully Received
POL0000001005,1000.0,0.0,1000.0,Open
POL0000001007,50.0,37.0,13.0,Partially Received
POL0000001008,100.0,50.0,50.0,Partially Received
POL0000001009,1000.0,0.0,1000.0,Open
POL0000001010,100.0,0.0,100.0,Open
POL0000001012,500.0,0.0,500.0,Open
POL0000001013,250.0,0.0,250.0,Open
POL0000001015,500.0,0.0,500.0,Open
POL0000001016,50.0,0.0,50.0,Open
POL0000001017,100.0,100.0,0.0,Fully Received
POL0000001019,250.0,0.0,250.0,Open
POL0000001020,250.0,275.0,-25.0,Fully Received
POL0000001022,500.0,0.0,500.0,Open
POL0000001023,100.0,0.0,100.0,Open
POL0000001025,1000.0,500.0,500.0,Partially Received
POL0000001026,500.0,0.0,500.0,Open
POL0000001027,100.0,0.0,100.0,Open
POL0000001029,500.0,0.0,500.0,Open
POL0000001030,250.0,250.0,0.0,Fully Received
POL0000001031,1000.0,1000.0,0.0,Fully Received
POL0000001034,50.0,0.0,50.0,Open
POL0000001036,500.0,375.0,125.0,Partially Received
POL0000001037,250.0,125.0,125.0,Partially Received
POL0000001039,50.0,50.0,0.0,Fully Received
POL0000001040,1000.0,0.0,1000.0,Open
POL0000001041,50.0,0.0,50.0,Open
POL0000001042,100.0,0.0,100.0,Open
POL0000001043,1000.0,0.0,1000.0,Open
POL0000001044,100.0,75.0,25.0,Partially Received
POL0000001045,250.0,275.0,-25.0,Fully Received
POL0000001046,500.0,250.0,250.0,Partially Received
POL0000001047,500.0,250.0,250.0,Partially Received
POL0000001049,50.0,55.0,-5.0,Fully Received
POL0000001050,100.0,0.0,100.0,Open
POL0000001051,1000.0,0.0,1000.0,Open
POL0000001054,500.0,500.0,0.0,Fully Received
POL0000001055,100.0,0.0,100.0,Open
POL0000001056,50.0,0.0,50.0,Open
POL0000001058,50.0,25.0,25.0,Partially Received
POL0000001059,1000.0,1000.0,0.0,Fully Received
POL0000001060,50.0,55.0,-5.0,Fully Received
POL0000001061,250.0,250.0,0.0,Fully Received
POL0000001062,250.0,0.0,250.0,Open
POL0000001064,500.0,375.0,125.0,Partially Received
POL0000001065,100.0,100.0,0.0,Fully Received
POL0000001066,100.0,50.0,50.0,Partially Received
POL0000001068,100.0,0.0,100.0,Open
POL0000001069,1000.0,1000.0,0.0,Fully Received
POL0000001070,100.0,100.0,0.0,Fully Received
POL0000001071,1000.0,1000.0,0.0,Fully Received
POL0000001072,50.0,0.0,50.0,Open
POL0000001076,100.0,0.0,100.0,Open
POL0000001077,1000.0,1000.0,0.0,Fully Received
POL0000001078,1000.0,500.0,500.0,Partially Received
POL0000001080,1000.0,0.0,1000.0,Open
POL0000001081,500.0,0.0,500.0,Open
POL0000001082,1000.0,500.0,500.0,Partially Received
POL0000001083,50.0,55.0,-5.0,Fully Received
POL0000001084,250.0,250.0,0.0,Fully Received
POL0000001085,50.0,25.0,25.0,Partially Received
POL0000001087,250.0,275.0,-25.0,Fully Received
POL0000001090,1000.0,1000.0,0.0,Fully Received
POL0000001091,1000.0,500.0,500.0,Partially Received
POL0000001094,100.0,75.0,25.0,Partially Received
POL0000001095,100.0,110.0,-10.0,Fully Received
POL0000001097,100.0,0.0,100.0,Open
POL0000001098,500.0,0.0,500.0,Open
POL0000001100,500.0,0.0,500.0,Open
POL0000001101,100.0,0.0,100.0,Open
POL0000001102,50.0,37.0,13.0,Partially Received
POL0000001103,100.0,110.0,-10.0,Fully Received
POL0000001104,250.0,125.0,125.0,Partially Received
POL0000001105,1000.0,750.0,250.0,Partially Received
POL0000001106,50.0,50.0,0.0,Fully Received
POL0000001110,1000.0,1000.0,0.0,Fully Received
POL0000001111,250.0,250.0,0.0,Fully Received
POL0000001112,1000.0,0.0,1000.0,Open
POL0000001113,50.0,37.0,13.0,Partially Received
POL0000001114,1000.0,500.0,500.0,Partially Received
POL0000001118,500.0,550.0,-50.0,Fully Received
POL0000001119,50.0,50.0,0.0,Fully Received
POL0000001120,50.0,55.0,-5.0,Fully Received
POL0000001121,1000.0,750.0,250.0,Partially Received
POL0000001125,100.0,50.0,50.0,Partially Received
POL0000001127,250.0,250.0,0.0,Fully Received
POL0000001128,250.0,250.0,0.0,Fully Received
POL0000001130,1000.0,1100.0,-100.0,Fully Received
POL0000001131,100.0,0.0,100.0,Open
POL0000001134,1000.0,1000.0,0.0,Fully Received
POL0000001135,100.0,50.0,50.0,Partially Received
POL0000001136,500.0,500.0,0.0,Fully Received
POL0000001137,50.0,50.0,0.0,Fully Received
POL0000001138,500.0,550.0,-50.0,Fully Received
POL0000001139,100.0,50.0,50.0,Partially Received
POL0000001142,50.0,0.0,50.0,Open
POL0000001146,250.0,0.0,250.0,Open
POL0000001147,500.0,0.0,500.0,Open
POL0000001150,50.0,0.0,50.0,Open
POL0000001154,100.0,110.0,-10.0,Fully Received
POL0000001157,500.0,0.0,500.0,Open
POL0000001158,500.0,375.0,125.0,Partially Received
POL0000001159,1000.0,1000.0,0.0,Fully Received
POL0000001160,500.0,375.0,125.0,Partially Received
POL0000001163,100.0,100.0,0.0,Fully Received
POL0000001164,1000.0,1000.0,0.0,Fully Received
POL0000001165,50.0,55.0,-5.0,Fully Received
POL0000001167,100.0,100.0,0.0,Fully Received
POL0000001168,50.0,55.0,-5.0,Fully Received
POL0000001169,500.0,500.0,0.0,Fully Received
POL0000001171,100.0,110.0,-10.0,Fully Received
POL0000001172,50.0,0.0,50.0,Open
POL0000001174,100.0,0.0,100.0,Open
POL0000001175,500.0,0.0,500.0,Open
POL0000001178,500.0,375.0,125.0,Partially Received
POL0000001180,250.0,0.0,250.0,Open
POL0000001181,1000.0,0.0,1000.0,Open
POL0000001182,100.0,110.0,-10.0,Fully Received
POL0000001184,100.0,110.0,-10.0,Fully Received
POL0000001185,500.0,0.0,500.0,Open
POL0000001186,250.0,250.0,0.0,Fully Received
POL0000001189,250.0,275.0,-25.0,Fully Received
POL0000001190,250.0,0.0,250.0,Open
POL0000001191,100.0,75.0,25.0,Partially Received
POL0000001193,100.0,110.0,-10.0,Fully Received
POL0000001195,1000.0,1100.0,-100.0,Fully Received
POL0000001196,50.0,25.0,25.0,Partially Received
POL0000001198,50.0,0.0,50.0,Open
POL0000001200,50.0,0.0,50.0,Open
POL0000001202,50.0,37.0,13.0,Partially Received
POL0000001203,100.0,0.0,100.0,Open
POL0000001204,50.0,0.0,50.0,Open
POL0000001205,250.0,187.0,63.0,Partially Received
POL0000001206,250.0,250.0,0.0,Fully Received
POL0000001207,250.0,275.0,-25.0,Fully Received
POL0000001209,500.0,0.0,500.0,Open
POL0000001212,500.0,500.0,0.0,Fully Received
POL0000001213,1000.0,1100.0,-100.0,Fully Received
POL0000001215,100.0,100.0,0.0,Fully Received
POL0000001217,1000.0,1100.0,-100.0,Fully Received
POL0000001219,50.0,55.0,-5.0,Fully Received
POL0000001221,1000.0,1000.0,0.0,Fully Received
POL0000001223,500.0,0.0,500.0,Open
POL0000001224,100.0,100.0,0.0,Fully Received
POL0000001226,1000.0,0.0,1000.0,Open
POL0000001227,250.0,0.0,250.0,Open
POL0000001228,500.0,0.0,500.0,Open
POL0000001229,1000.0,1000.0,0.0,Fully Received
POL0000001234,500.0,375.0,125.0,Partially Received
POL0000001235,100.0,110.0,-10.0,Fully Received
POL0000001236,500.0,550.0,-50.0,Fully Received
POL0000001240,250.0,275.0,-25.0,Fully Received
POL0000001242,250.0,250.0,0.0,Fully Received
POL0000001244,250.0,275.0,-25.0,Fully Received
POL0000001245,50.0,0.0,50.0,Open
POL0000001246,50.0,37.0,13.0,Partially Received
POL0000001247,1000.0,750.0,250.0,Partially Received
POL0000001248,1000.0,1000.0,0.0,Fully Received
POL0000001249,500.0,550.0,-50.0,Fully Received
POL0000001250,50.0,0.0,50.0,Open
POL0000001252,500.0,0.0,500.0,Open
POL0000001255,1000.0,1000.0,0.0,Fully Received
POL0000001256,250.0,250.0,0.0,Fully Received
POL0000001257,1000.0,500.0,500.0,Partially Received
POL0000001258,250.0,187.0,63.0,Partially Received
POL0000001259,50.0,55.0,-5.0,Fully Received
POL0000001263,1000.0,0.0,1000.0,Open
POL0000001264,250.0,125.0,125.0,Partially Received
POL0000001267,250.0,250.0,0.0,Fully Received
POL0000001268,500.0,0.0,500.0,Open
POL0000001269,500.0,0.0,500.0,Open
POL0000001270,1000.0,0.0,1000.0,Open
POL0000001271,100.0,50.0,50.0,Partially Received
POL0000001274,500.0,0.0,500.0,Open
POL0000001275,1000.0,0.0,1000.0,Open
POL0000001277,100.0,110.0,-10.0,Fully Received
POL0000001280,500.0,0.0,500.0,Open
POL0000001281,50.0,0.0,50.0,Open
POL0000001282,500.0,375.0,125.0,Partially Received
POL0000001283,100.0,0.0,100.0,Open
POL0000001284,100.0,0.0,100.0,Open
POL0000001285,1000.0,0.0,1000.0,Open
POL0000001286,500.0,0.0,500.0,Open
POL0000001287,100.0,0.0,100.0,Open
POL0000001288,1000.0,0.0,1000.0,Open
POL0000001289,1000.0,0.0,1000.0,Open
POL0000001291,100.0,0.0,100.0,Open
POL0000001292,500.0,500.0,0.0,Fully Received
POL0000001294,500.0,0.0,500.0,Open
POL0000001295,1000.0,500.0,500.0,Partially Received
POL0000001297,1000.0,750.0,250.0,Partially Received
POL0000001298,1000.0,1100.0,-100.0,Fully Received
POL0000001300,250.0,125.0,125.0,Partially Received
POL0000001302,1000.0,0.0,1000.0,Open
POL0000001303,50.0,0.0,50.0,Open
POL0000001304,250.0,0.0,250.0,Open
POL0000001305,1000.0,750.0,250.0,Partially Received
POL0000001306,1000.0,1000.0,0.0,Fully Received
POL0000001307,500.0,375.0,125.0,Partially Received
POL0000001308,100.0,100.0,0.0,Fully Received
POL0000001309,50.0,50.0,0.0,Fully Received
POL0000001312,100.0,0.0,100.0,Open
POL0000001313,100.0,0.0,100.0,Open
POL0000001314,1000.0,500.0,500.0,Partially Received
POL0000001315,250.0,0.0,250.0,Open
POL0000001316,250.0,0.0,250.0,Open
POL0000001318,1000.0,0.0,1000.0,Open
POL0000001319,50.0,0.0,50.0,Open
POL0000001321,100.0,0.0,100.0,Open
POL0000001322,500.0,0.0,500.0,Open
POL0000001324,1000.0,1000.0,0.0,Fully Received
POL0000001325,1000.0,0.0,1000.0,Open
POL0000001326,500.0,375.0,125.0,Partially Received
POL0000001327,50.0,37.0,13.0,Partially Received
POL0000001328,250.0,0.0,250.0,Open
POL0000001329,500.0,375.0,125.0,Partially Received
POL0000001331,50.0,0.0,50.0,Open
POL0000001332,50.0,50.0,0.0,Fully Received
POL0000001333,250.0,250.0,0.0,Fully Received
POL0000001334,500.0,500.0,0.0,Fully Received
POL0000001335,500.0,0.0,500.0,Open
POL0000001337,1000.0,1100.0,-100.0,Fully Received
POL0000001338,250.0,0.0,250.0,Open
POL0000001339,500.0,0.0,500.0,Open
POL0000001340,500.0,0.0,500.0,Open
POL0000001341,250.0,0.0,250.0,Open
POL0000001342,50.0,0.0,50.0,Open
POL0000001343,250.0,275.0,-25.0,Fully Received
POL0000001344,50.0,50.0,0.0,Fully Received
POL0000001345,500.0,500.0,0.0,Fully Received
POL0000001346,1000.0,0.0,1000.0,Open
POL0000001347,500.0,500.0,0.0,Fully Received
POL0000001348,250.0,250.0,0.0,Fully Received
POL0000001349,500.0,375.0,125.0,Partially Received
POL0000001350,500.0,550.0,-50.0,Fully Received
POL0000001352,1000.0,750.0,250.0,Partially Received
POL0000001354,1000.0,1100.0,-100.0,Fully Received
POL0000001356,500.0,500.0,0.0,Fully Received
POL0000001357,250.0,0.0,250.0,Open
POL0000001359,500.0,550.0,-50.0,Fully Received
POL0000001360,500.0,500.0,0.0,Fully Received
POL0000001361,1000.0,0.0,1000.0,Open
POL0000001362,250.0,125.0,125.0,Partially Received
POL0000001363,250.0,0.0,250.0,Open
POL0000001364,100.0,75.0,25.0,Partially Received
POL0000001368,250.0,250.0,0.0,Fully Received
POL0000001370,100.0,0.0,100.0,Open
POL0000001373,1000.0,0.0,1000.0,Open
POL0000001374,100.0,0.0,100.0,Open
POL0000001376,1000.0,750.0,250.0,Partially Received
POL0000001377,500.0,375.0,125.0,Partially Received
POL0000001378,500.0,550.0,-50.0,Fully Received
POL0000001379,250.0,187.0,63.0,Partially Received
POL0000001381,250.0,250.0,0.0,Fully Received
POL0000001382,100.0,0.0,100.0,Open
POL0000001383,50.0,0.0,50.0,Open
POL0000001384,250.0,0.0,250.0,Open
POL0000001385,500.0,0.0,500.0,Open
POL0000001386,1000.0,0.0,1000.0,Open
POL0000001388,250.0,0.0,250.0,Open
POL0000001390,250.0,0.0,250.0,Open
POL0000001391,100.0,0.0,100.0,Open
POL0000001392,250.0,125.0,125.0,Partially Received
POL0000001395,100.0,110.0,-10.0,Fully Received
POL0000001396,50.0,55.0,-5.0,Fully Received
POL0000001398,1000.0,0.0,1000.0,Open
POL0000001399,500.0,500.0,0.0,Fully Received
POL0000001400,250.0,0.0,250.0,Open
POL0000001401,250.0,125.0,125.0,Partially Received
POL0000001403,100.0,0.0,100.0,Open
POL0000001404,500.0,500.0,0.0,Fully Received
POL0000001406,100.0,75.0,25.0,Partially Received
POL0000001408,500.0,550.0,-50.0,Fully Received
POL0000001410,100.0,100.0,0.0,Fully Received
POL0000001411,250.0,250.0,0.0,Fully Received
POL0000001412,50.0,0.0,50.0,Open
POL0000001413,250.0,0.0,250.0,Open
POL0000001415,500.0,250.0,250.0,Partially Received
POL0000001416,500.0,250.0,250.0,Partially Received
POL0000001417,250.0,125.0,125.0,Partially Received
POL0000001418,100.0,0.0,100.0,Open
POL0000001419,100.0,0.0,100.0,Open
POL0000001420,100.0,110.0,-10.0,Fully Received
POL0000001422,50.0,55.0,-5.0,Fully Received
POL0000001425,500.0,0.0,500.0,Open
POL0000001426,500.0,500.0,0.0,Fully Received
POL0000001429,100.0,110.0,-10.0,Fully Received
POL0000001430,1000.0,500.0,500.0,Partially Received
POL0000001431,50.0,0.0,50.0,Open
POL0000001432,1000.0,1100.0,-100.0,Fully Received
POL0000001434,50.0,25.0,25.0,Partially Received
POL0000001435,50.0,55.0,-5.0,Fully Received
POL0000001437,1000.0,1100.0,-100.0,Fully Received
POL0000001438,500.0,550.0,-50.0,Fully Received
POL0000001440,250.0,187.0,63.0,Partially Received
POL0000001442,500.0,0.0,500.0,Open
POL0000001443,250.0,0.0,250.0,Open
POL0000001445,250.0,0.0,250.0,Open
POL0000001447,1000.0,0.0,1000.0,Open
POL0000001449,250.0,0.0,250.0,Open
POL0000001450,250.0,0.0,250.0,Open
POL0000001451,50.0,0.0,50.0,Open
POL0000001452,250.0,250.0,0.0,Fully Received
POL0000001453,1000.0,1000.0,0.0,Fully Received
POL0000001454,50.0,0.0,50.0,Open
POL0000001456,50.0,0.0,50.0,Open
POL0000001457,100.0,110.0,-10.0,Fully Received
POL0000001458,250.0,0.0,250.0,Open
POL0000001459,500.0,0.0,500.0,Open
POL0000001460,1000.0,0.0,1000.0,Open
POL0000001461,1000.0,0.0,1000.0,Open
POL0000001463,100.0,75.0,25.0,Partially Received
POL0000001464,1000.0,0.0,1000.0,Open
POL0000001465,1000.0,1100.0,-100.0,Fully Received
POL0000001467,500.0,0.0,500.0,Open
POL0000001468,250.0,125.0,125.0,Partially Received
POL0000001469,250.0,250.0,0.0,Fully Received
POL0000001470,50.0,50.0,0.0,Fully Received
POL0000001471,50.0,0.0,50.0,Open
POL0000001472,50.0,0.0,50.0,Open
POL0000001473,1000.0,750.0,250.0,Partially Received
POL0000001474,100.0,75.0,25.0,Partially Received
POL0000001475,250.0,275.0,-25.0,Fully Received
POL0000001477,250.0,250.0,0.0,Fully Received
POL0000001478,500.0,0.0,500.0,Open
POL0000001479,500.0,500.0,0.0,Fully Received
POL0000001480,50.0,0.0,50.0,Open
POL0000001482,500.0,375.0,125.0,Partially Received
POL0000001483,100.0,50.0,50.0,Partially Received
POL0000001485,250.0,0.0,250.0,Open
POL0000001488,500.0,0.0,500.0,Open
POL0000001489,500.0,0.0,500.0,Open
POL0000001491,1000.0,750.0,250.0,Partially Received
POL0000001494,100.0,100.0,0.0,Fully Received
POL0000001495,1000.0,0.0,1000.0,Open
POL0000001496,500.0,500.0,0.0,Fully Received
POL0000001498,500.0,0.0,500.0,Open
POL0000001499,500.0,0.0,500.0,Open
POL0000001500,50.0,0.0,50.0,Open
POL0000001501,50.0,0.0,50.0,Open
POL0000001502,500.0,0.0,500.0,Open
POL0000001503,50.0,0.0,50.0,Open
POL0000001505,100.0,0.0,100.0,Open
POL0000001507,50.0,55.0,-5.0,Fully Received
POL0000001508,250.0,275.0,-25.0,Fully Received
POL0000001510,100.0,50.0,50.0,Partially Received
POL0000001511,100.0,110.0,-10.0,Fully Received
POL0000001512,500.0,375.0,125.0,Partially Received
POL0000001514,1000.0,0.0,1000.0,Open
POL0000001515,1000.0,750.0,250.0,Partially Received
POL0000001516,1000.0,750.0,250.0,Partially Received
POL0000001517,250.0,250.0,0.0,Fully Received
POL0000001519,1000.0,1100.0,-100.0,Fully Received
POL0000001521,1000.0,750.0,250.0,Partially Received
POL0000001522,100.0,0.0,100.0,Open
POL0000001523,250.0,250.0,0.0,Fully Received
POL0000001524,500.0,0.0,500.0,Open
POL0000001525,250.0,250.0,0.0,Fully Received
POL0000001526,1000.0,1100.0,-100.0,Fully Received
POL0000001528,50.0,0.0,50.0,Open
POL0000001529,1000.0,0.0,1000.0,Open
POL0000001530,100.0,0.0,100.0,Open
POL0000001532,500.0,550.0,-50.0,Fully Received
POL0000001533,50.0,0.0,50.0,Open
POL0000001535,100.0,100.0,0.0,Fully Received
POL0000001536,250.0,125.0,125.0,Partially Received
POL0000001537,100.0,0.0,100.0,Open
POL0000001538,250.0,125.0,125.0,Partially Received
POL0000001539,500.0,0.0,500.0,Open
POL0000001540,250.0,0.0,250.0,Open
POL0000001541,1000.0,500.0,500.0,Partially Received
POL0000001542,1000.0,0.0,1000.0,Open
POL0000001543,50.0,0.0,50.0,Open
POL0000001544,1000.0,750.0,250.0,Partially Received
POL0000001546,250.0,250.0,0.0,Fully Received
POL0000001547,1000.0,750.0,250.0,Partially Received
POL0000001548,250.0,125.0,125.0,Partially Received
POL0000001550,100.0,75.0,25.0,Partially Received
POL0000001552,50.0,25.0,25.0,Partially Received
POL0000001554,500.0,550.0,-50.0,Fully Received
POL0000001555,500.0,0.0,500.0,Open
POL0000001556,50.0,0.0,50.0,Open
POL0000001557,100.0,0.0,100.0,Open
POL0000001559,50.0,50.0,0.0,Fully Received
POL0000001560,250.0,125.0,125.0,Partially Received
POL0000001565,1000.0,750.0,250.0,Partially Received
POL0000001567,250.0,0.0,250.0,Open
POL0000001568,50.0,55.0,-5.0,Fully Received
POL0000001569,500.0,500.0,0.0,Fully Received
POL0000001570,1000.0,750.0,250.0,Partially Received
POL0000001573,50.0,55.0,-5.0,Fully Received
POL0000001574,250.0,275.0,-25.0,Fully Received
POL0000001575,50.0,50.0,0.0,Fully Received
POL0000001576,250.0,0.0,250.0,Open
POL0000001578,1000.0,0.0,1000.0,Open
POL0000001579,500.0,0.0,500.0,Open
POL0000001581,50.0,25.0,25.0,Partially Received
POL0000001582,100.0,50.0,50.0,Partially Received
POL0000001583,100.0,50.0,50.0,Partially Received
POL0000001584,100.0,100.0,0.0,Fully Received
POL0000001585,250.0,0.0,250.0,Open
POL0000001586,1000.0,750.0,250.0,Partially Received
POL0000001588,500.0,375.0,125.0,Partially Received
POL0000001590,250.0,275.0,-25.0,Fully Received
POL0000001592,50.0,0.0,50.0,Open
POL0000001594,250.0,125.0,125.0,Partially Received
POL0000001595,1000.0,500.0,500.0,Partially Received
POL0000001596,500.0,500.0,0.0,Fully Received
POL0000001597,250.0,250.0,0.0,Fully Received
POL0000001598,100.0,110.0,-10.0,Fully Received
POL0000001599,50.0,37.0,13.0,Partially Received
POL0000001600,50.0,25.0,25.0,Partially Received
POL0000001601,100.0,100.0,0.0,Fully Received
POL0000001602,100.0,0.0,100.0,Open
POL0000001603,250.0,0.0,250.0,Open
POL0000001604,250.0,0.0,250.0,Open
POL0000001605,1000.0,0.0,1000.0,Open
POL0000001607,1000.0,500.0,500.0,Partially Received
POL0000001609,1000.0,500.0,500.0,Partially Received
POL0000001610,250.0,275.0,-25.0,Fully Received
POL0000001611,1000.0,1100.0,-100.0,Fully Received
POL0000001612,1000.0,1000.0,0.0,Fully Received
POL0000001613,500.0,0.0,500.0,Open
POL0000001614,100.0,100.0,0.0,Fully Received
POL0000001615,100.0,50.0,50.0,Partially Received
POL0000001616,250.0,250.0,0.0,Fully Received
POL0000001617,50.0,37.0,13.0,Partially Received
POL0000001618,500.0,375.0,125.0,Partially Received
POL0000001619,1000.0,1000.0,0.0,Fully Received
POL0000001620,50.0,37.0,13.0,Partially Received
POL0000001622,1000.0,0.0,1000.0,Open
POL0000001623,100.0,100.0,0.0,Fully Received
POL0000001625,250.0,0.0,250.0,Open
POL0000001627,100.0,0.0,100.0,Open
POL0000001629,50.0,0.0,50.0,Open
POL0000001631,50.0,0.0,50.0,Open
POL0000001632,250.0,250.0,0.0,Fully Received
POL0000001633,500.0,375.0,125.0,Partially Received
POL0000001635,500.0,375.0,125.0,Partially Received
POL0000001636,250.0,250.0,0.0,Fully Received
POL0000001637,1000.0,750.0,250.0,Partially Received
POL0000001638,250.0,275.0,-25.0,Fully Received
POL0000001639,100.0,100.0,0.0,Fully Received
POL0000001640,50.0,37.0,13.0,Partially Received
POL0000001641,250.0,187.0,63.0,Partially Received
POL0000001642,1000.0,0.0,1000.0,Open
POL0000001643,100.0,75.0,25.0,Partially Received
POL0000001644,1000.0,1000.0,0.0,Fully Received
POL0000001645,50.0,50.0,0.0,Fully Received
POL0000001647,250.0,250.0,0.0,Fully Received
POL0000001649,1000.0,0.0,1000.0,Open
POL0000001651,250.0,250.0,0.0,Fully Received
POL0000001652,50.0,50.0,0.0,Fully Received
POL0000001653,100.0,0.0,100.0,Open
POL0000001655,100.0,0.0,100.0,Open
POL0000001656,250.0,250.0,0.0,Fully Received
POL0000001657,100.0,0.0,100.0,Open
POL0000001658,100.0,0.0,100.0,Open
POL0000001659,500.0,0.0,500.0,Open
POL0000001661,1000.0,0.0,1000.0,Open
POL0000001663,100.0,110.0,-10.0,Fully Received
POL0000001665,100.0,110.0,-10.0,Fully Received
POL0000001666,100.0,0.0,100.0,Open
POL0000001667,1000.0,0.0,1000.0,Open
POL0000001668,1000.0,1000.0,0.0,Fully Received
POL0000001669,100.0,50.0,50.0,Partially Received
POL0000001671,100.0,0.0,100.0,Open
POL0000001672,500.0,0.0,500.0,Open
POL0000001673,500.0,0.0,500.0,Open
POL0000001674,1000.0,0.0,1000.0,Open
POL0000001675,500.0,0.0,500.0,Open
POL0000001676,500.0,500.0,0.0,Fully Received
POL0000001678,500.0,0.0,500.0,Open
POL0000001679,1000.0,0.0,1000.0,Open
POL0000001681,250.0,0.0,250.0,Open
POL0000001682,250.0,250.0,0.0,Fully Received
POL0000001683,100.0,110.0,-10.0,Fully Received
POL0000001686,1000.0,1100.0,-100.0,Fully Received
POL0000001688,1000.0,750.0,250.0,Partially Received
POL0000001690,50.0,50.0,0.0,Fully Received
POL0000001691,1000.0,500.0,500.0,Partially Received
POL0000001692,100.0,100.0,0.0,Fully Received
POL0000001693,250.0,250.0,0.0,Fully Received
POL0000001694,250.0,250.0,0.0,Fully Received
POL0000001695,250.0,275.0,-25.0,Fully Received
POL0000001698,50.0,55.0,-5.0,Fully Received
POL0000001700,50.0,25.0,25.0,Partially Received
POL0000001701,500.0,500.0,0.0,Fully Received
POL0000001703,1000.0,1000.0,0.0,Fully Received
POL0000001704,100.0,0.0,100.0,Open
POL0000001705,50.0,55.0,-5.0,Fully Received
POL0000001707,100.0,100.0,0.0,Fully Received
POL0000001708,500.0,0.0,500.0,Open
POL0000001709,100.0,0.0,100.0,Open
POL0000001712,50.0,37.0,13.0,Partially Received
POL0000001713,50.0,37.0,13.0,Partially Received
POL0000001715,100.0,50.0,50.0,Partially Received
POL0000001717,1000.0,500.0,500.0,Partially Received
POL0000001718,50.0,50.0,0.0,Fully Received
POL0000001720,500.0,500.0,0.0,Fully Received
POL0000001721,100.0,100.0,0.0,Fully Received
POL0000001725,250.0,275.0,-25.0,Fully Received
POL0000001727,1000.0,1000.0,0.0,Fully Received
POL0000001728,100.0,75.0,25.0,Partially Received
POL0000001729,250.0,0.0,250.0,Open
POL0000001730,500.0,250.0,250.0,Partially Received
POL0000001732,50.0,0.0,50.0,Open
POL0000001733,250.0,0.0,250.0,Open
POL0000001734,1000.0,0.0,1000.0,Open
POL0000001737,500.0,375.0,125.0,Partially Received
POL0000001738,50.0,50.0,0.0,Fully Received
POL0000001739,500.0,550.0,-50.0,Fully Received
POL0000001740,50.0,25.0,25.0,Partially Received
POL0000001741,50.0,0.0,50.0,Open
POL0000001742,500.0,0.0,500.0,Open
POL0000001743,1000.0,0.0,1000.0,Open
POL0000001746,1000.0,0.0,1000.0,Open
POL0000001748,100.0,0.0,100.0,Open
POL0000001749,100.0,75.0,25.0,Partially Received
POL0000001751,250.0,187.0,63.0,Partially Received
POL0000001754,500.0,0.0,500.0,Open
POL0000001755,100.0,0.0,100.0,Open
POL0000001756,1000.0,1000.0,0.0,Fully Received
POL0000001761,1000.0,0.0,1000.0,Open
POL0000001762,1000.0,0.0,1000.0,Open
POL0000001764,50.0,55.0,-5.0,Fully Received
POL0000001765,50.0,50.0,0.0,Fully Received
POL0000001766,500.0,500.0,0.0,Fully Received
POL0000001768,50.0,50.0,0.0,Fully Received
POL0000001769,1000.0,0.0,1000.0,Open
POL0000001770,250.0,250.0,0.0,Fully Received
POL0000001771,500.0,0.0,500.0,Open
POL0000001772,100.0,0.0,100.0,Open
POL0000001773,1000.0,1100.0,-100.0,Fully Received
POL0000001776,50.0,0.0,50.0,Open
POL0000001778,500.0,375.0,125.0,Partially Received
POL0000001779,50.0,37.0,13.0,Partially Received
POL0000001780,500.0,0.0,500.0,Open
POL0000001781,500.0,375.0,125.0,Partially Received
POL0000001782,100.0,110.0,-10.0,Fully Received
POL0000001783,50.0,0.0,50.0,Open
POL0000001784,250.0,250.0,0.0,Fully Received
POL0000001785,250.0,250.0,0.0,Fully Received
POL0000001787,1000.0,0.0,1000.0,Open
POL0000001789,50.0,0.0,50.0,Open
POL0000001790,500.0,250.0,250.0,Partially Received
POL0000001791,100.0,100.0,0.0,Fully Received
POL0000001792,50.0,55.0,-5.0,Fully Received
POL0000001793,250.0,125.0,125.0,Partially Received
POL0000001794,1000.0,750.0,250.0,Partially Received
POL0000001795,100.0,0.0,100.0,Open
POL0000001796,50.0,0.0,50.0,Open
POL0000001797,50.0,0.0,50.0,Open
POL0000001799,100.0,0.0,100.0,Open
POL0000001800,1000.0,0.0,1000.0,Open
POL0000001801,100.0,75.0,25.0,Partially Received
POL0000001802,500.0,375.0,125.0,Partially Received
POL0000001803,50.0,55.0,-5.0,Fully Received
POL0000001804,500.0,0.0,500.0,Open
POL0000001805,1000.0,1100.0,-100.0,Fully Received
POL0000001809,50.0,50.0,0.0,Fully Received
POL0000001810,1000.0,750.0,250.0,Partially Received
POL0000001812,500.0,500.0,0.0,Fully Received
POL0000001813,50.0,50.0,0.0,Fully Received
POL0000001814,500.0,0.0,500.0,Open
POL0000001816,250.0,250.0,0.0,Fully Received
POL0000001818,250.0,0.0,250.0,Open
POL0000001820,50.0,50.0,0.0,Fully Received
POL0000001821,100.0,50.0,50.0,Partially Received
POL0000001822,50.0,50.0,0.0,Fully Received
POL0000001824,500.0,250.0,250.0,Partially Received
POL0000001826,250.0,250.0,0.0,Fully Received
POL0000001828,1000.0,0.0,1000.0,Open
POL0000001829,500.0,250.0,250.0,Partially Received
POL0000001830,1000.0,0.0,1000.0,Open
POL0000001832,50.0,0.0,50.0,Open
POL0000001833,50.0,0.0,50.0,Open
POL0000001834,50.0,0.0,50.0,Open
POL0000001835,250.0,0.0,250.0,Open
POL0000001836,100.0,0.0,100.0,Open
POL0000001837,100.0,0.0,100.0,Open
POL0000001838,500.0,0.0,500.0,Open
POL0000001841,1000.0,0.0,1000.0,Open
POL0000001842,1000.0,1100.0,-100.0,Fully Received
POL0000001844,250.0,275.0,-25.0,Fully Received
POL0000001845,500.0,500.0,0.0,Fully Received
POL0000001846,1000.0,1100.0,-100.0,Fully Received
POL0000001847,500.0,500.0,0.0,Fully Received
POL0000001848,100.0,110.0,-10.0,Fully Received
POL0000001849,250.0,0.0,250.0,Open
POL0000001850,1000.0,0.0,1000.0,Open
POL0000001853,50.0,50.0,0.0,Fully Received
POL0000001854,100.0,0.0,100.0,Open
POL0000001855,50.0,0.0,50.0,Open
POL0000001858,250.0,0.0,250.0,Open
POL0000001859,500.0,0.0,500.0,Open
POL0000001860,250.0,0.0,250.0,Open
POL0000001861,250.0,275.0,-25.0,Fully Received
POL0000001862,100.0,100.0,0.0,Fully Received
POL0000001864,50.0,25.0,25.0,Partially Received
POL0000001865,1000.0,750.0,250.0,Partially Received
POL0000001866,50.0,50.0,0.0,Fully Received
POL0000001867,1000.0,750.0,250.0,Partially Received
POL0000001868,250.0,0.0,250.0,Open
POL0000001869,250.0,0.0,250.0,Open
POL0000001870,100.0,0.0,100.0,Open
POL0000001871,1000.0,1000.0,0.0,Fully Received
POL0000001872,100.0,75.0,25.0,Partially Received
POL0000001873,500.0,375.0,125.0,Partially Received
POL0000001875,50.0,50.0,0.0,Fully Received
POL0000001877,50.0,25.0,25.0,Partially Received
POL0000001878,1000.0,1100.0,-100.0,Fully Received
POL0000001880,100.0,0.0,100.0,Open
POL0000001882,250.0,0.0,250.0,Open
POL0000001883,100.0,0.0,100.0,Open
POL0000001884,1000.0,0.0,1000.0,Open
POL0000001885,50.0,50.0,0.0,Fully Received
POL0000001888,50.0,0.0,50.0,Open
POL0000001890,500.0,375.0,125.0,Partially Received
POL0000001891,500.0,550.0,-50.0,Fully Received
POL0000001892,50.0,0.0,50.0,Open
POL0000001893,250.0,187.0,63.0,Partially Received
POL0000001894,100.0,100.0,0.0,Fully Received
POL0000001897,100.0,0.0,100.0,Open
POL0000001899,100.0,50.0,50.0,Partially Received
POL0000001900,500.0,500.0,0.0,Fully Received
POL0000001902,250.0,250.0,0.0,Fully Received
POL0000001904,100.0,0.0,100.0,Open
POL0000001905,500.0,0.0,500.0,Open
POL0000001907,50.0,55.0,-5.0,Fully Received
POL0000001908,1000.0,0.0,1000.0,Open
POL0000001909,500.0,0.0,500.0,Open
POL0000001910,100.0,0.0,100.0,Open
POL0000001914,50.0,37.0,13.0,Partially Received
POL0000001915,100.0,0.0,100.0,Open
POL0000001916,50.0,50.0,0.0,Fully Received
POL0000001918,1000.0,1000.0,0.0,Fully Received
POL0000001919,250.0,187.0,63.0,Partially Received
POL0000001921,250.0,275.0,-25.0,Fully Received
POL0000001923,50.0,50.0,0.0,Fully Received
POL0000001924,250.0,0.0,250.0,Open
POL0000001925,1000.0,0.0,1000.0,Open
POL0000001927,1000.0,0.0,1000.0,Open
POL0000001931,250.0,0.0,250.0,Open
POL0000001932,100.0,100.0,0.0,Fully Received
POL0000001933,50.0,37.0,13.0,Partially Received
POL0000001934,50.0,0.0,50.0,Open
POL0000001935,50.0,0.0,50.0,Open
POL0000001936,100.0,0.0,100.0,Open
POL0000001937,50.0,0.0,50.0,Open
POL0000001939,250.0,250.0,0.0,Fully Received
POL0000001940,250.0,0.0,250.0,Open
POL0000001941,50.0,0.0,50.0,Open
POL0000001944,250.0,250.0,0.0,Fully Received
POL0000001945,50.0,37.0,13.0,Partially Received
POL0000001946,100.0,100.0,0.0,Fully Received
POL0000001947,1000.0,0.0,1000.0,Open
POL0000001949,500.0,0.0,500.0,Open
POL0000001950,1000.0,0.0,1000.0,Open
POL0000001951,250.0,0.0,250.0,Open
POL0000001952,250.0,0.0,250.0,Open
POL0000001953,50.0,0.0,50.0,Open
POL0000001954,100.0,0.0,100.0,Open
POL0000001955,250.0,250.0,0.0,Fully Received
POL0000001956,50.0,55.0,-5.0,Fully Received
POL0000001957,500.0,0.0,500.0,Open
POL0000001958,100.0,100.0,0.0,Fully Received
POL0000001960,50.0,50.0,0.0,Fully Received
POL0000001961,250.0,187.0,63.0,Partially Received
POL0000001965,100.0,100.0,0.0,Fully Received
POL0000001966,50.0,0.0,50.0,Open
POL0000001967,1000.0,0.0,1000.0,Open
POL0000001968,1000.0,750.0,250.0,Partially Received
POL0000001969,500.0,550.0,-50.0,Fully Received
POL0000001970,500.0,500.0,0.0,Fully Received
POL0000001972,1000.0,1000.0,0.0,Fully Received
POL0000001973,100.0,100.0,0.0,Fully Received
POL0000001977,250.0,250.0,0.0,Fully Received
POL0000001978,100.0,75.0,25.0,Partially Received
POL0000001979,1000.0,0.0,1000.0,Open
POL0000001980,250.0,275.0,-25.0,Fully Received
POL0000001982,100.0,100.0,0.0,Fully Received
POL0000001984,1000.0,0.0,1000.0,Open
POL0000001986,250.0,250.0,0.0,Fully Received
POL0000001987,1000.0,0.0,1000.0,Open
POL0000001988,50.0,50.0,0.0,Fully Received
POL0000001989,500.0,0.0,500.0,Open
POL0000001990,100.0,75.0,25.0,Partially Received
POL0000001991,50.0,50.0,0.0,Fully Received
POL0000001992,1000.0,1100.0,-100.0,Fully Received
POL0000001993,250.0,187.0,63.0,Partially Received
POL0000001994,250.0,275.0,-25.0,Fully Received
POL0000001995,1000.0,1100.0,-100.0,Fully Received
POL0000001996,1000.0,0.0,1000.0,Open
POL0000001997,250.0,0.0,250.0,Open
POL0000001999,500.0,0.0,500.0,Open
POL0000002000,100.0,50.0,50.0,Partially Received
POL0000002001,100.0,75.0,25.0,Partially Received
POL0000002002,100.0,75.0,25.0,Partially Received
