loan_payment_id,loan_id,due_date,paid_date,scheduled_amount,paid_amount,payment_status,days_late,is_late
LP0000001,L000001,2025-10-09,2025-11-13,379.13,379.13,Paid,35.0,True
LP0000002,L000001,2025-11-08,2025-11-16,211.16,211.16,Paid,8.0,False
LP0000003,L000001,2025-12-08,2025-12-08,345.99,380.59,Paid,0.0,False
LP0000004,L000001,2026-01-07,2026-01-07,458.77,458.77,Late,0.0,False
LP0000005,L000001,2026-02-06,2026-03-13,323.76,323.76,Missed,35.0,True
LP0000006,L000001,2026-03-08,,452.11,226.06,Partial,,True
LP0000007,L000001,2026-04-07,2026-04-10,440.6,484.66,Missed,3.0,False
LP0000008,L000001,2026-05-07,2026-05-15,223.33,223.33,Late,8.0,False
LP0000009,L000002,2023-02-20,2023-02-20,76.21,76.21,Paid,0.0,False
LP0000010,L000002,2023-03-22,,259.56,259.56,Partial,,True
LP0000011,L000002,2023-04-21,2023-04-29,183.11,91.56,Paid,8.0,False
LP0000012,L000002,2023-05-21,2023-06-25,97.52,48.76,Partial,35.0,True
LP0000013,L000002,2023-06-20,2023-06-28,182.74,182.74,Paid,8.0,False
LP0000014,L000002,2023-07-20,2023-07-20,340.3,374.33,Late,0.0,False
LP0000015,L000002,2023-08-19,2023-08-22,271.25,271.25,Late,3.0,False
LP0000016,L000002,2023-09-18,2023-09-21,318.55,159.28,Partial,3.0,False
LP0000017,L000002,2023-10-18,2023-10-21,250.89,250.89,Partial,3.0,False
LP0000018,L000002,2023-11-17,2023-11-17,284.33,284.33,Late,0.0,False
LP0000019,L000002,2023-12-17,2023-12-17,333.17,333.17,Partial,0.0,False
LP0000020,L000002,2024-01-16,2024-01-16,220.72,0.0,Partial,0.0,False
LP0000021,L000002,2024-02-15,2024-02-15,80.18,80.18,Paid,0.0,False
LP0000022,L000002,2024-03-16,2024-03-31,107.73,118.5,Partial,15.0,True
LP0000023,L000002,2024-04-15,2024-04-18,129.65,0.0,Missed,3.0,False
LP0000024,L000002,2024-05-15,2024-05-15,153.52,153.52,Paid,0.0,False
LP0000025,L000002,2024-06-14,,208.48,208.48,Late,,True
LP0000026,L000002,2024-07-14,,164.28,164.28,Missed,,True
LP0000027,L000002,2024-08-13,2024-08-13,325.39,325.39,Partial,0.0,False
LP0000028,L000003,2025-04-01,2025-04-01,1720.24,1892.26,Missed,0.0,False
LP0000029,L000003,2025-05-01,,1607.3,1768.03,Paid,,True
LP0000030,L000003,2025-05-31,2025-06-03,1719.03,1719.03,Partial,3.0,False
LP0000031,L000003,2025-06-30,2025-06-30,1567.66,783.83,Partial,0.0,False
LP0000032,L000003,2025-07-30,2025-08-02,1488.66,1488.66,Paid,3.0,False
LP0000033,L000003,2025-08-29,,1610.55,1771.61,Paid,,True
LP0000034,L000003,2025-09-28,2025-10-13,1602.48,1762.73,Paid,15.0,True
LP0000035,L000003,2025-10-28,2025-10-28,1625.18,812.59,Late,0.0,False
LP0000036,L000003,2025-11-27,2026-01-01,1522.78,1522.78,Paid,35.0,True
LP0000037,L000003,2025-12-27,2026-01-04,1641.11,1641.11,Partial,8.0,False
LP0000038,L000003,2026-01-26,2026-01-26,1578.77,1578.77,Late,0.0,False
LP0000039,L000003,2026-02-25,2026-03-05,1629.54,1629.54,Late,8.0,False
LP0000040,L000003,2026-03-27,2026-03-27,1748.92,0.0,Partial,0.0,False
LP0000041,L000003,2026-04-26,2026-05-31,1699.73,849.87,Paid,35.0,True
LP0000042,L000003,2026-05-26,,1796.72,1796.72,Partial,,True
LP0000043,L000004,2023-10-21,2023-11-05,1141.39,1255.53,Paid,15.0,True
LP0000044,L000004,2023-11-20,2023-12-05,985.92,985.92,Paid,15.0,True
LP0000045,L000004,2023-12-20,2023-12-20,1017.34,508.67,Partial,0.0,False
LP0000046,L000004,2024-01-19,2024-01-19,946.75,946.75,Partial,0.0,False
LP0000047,L000004,2024-02-18,2024-02-18,1151.71,1151.71,Late,0.0,False
LP0000048,L000004,2024-03-19,2024-03-19,1073.17,1073.17,Paid,0.0,False
LP0000049,L000004,2024-04-18,2024-04-18,1053.48,1158.83,Paid,0.0,False
LP0000050,L000004,2024-05-18,,1102.22,1102.22,Paid,,True
LP0000051,L000004,2024-06-17,2024-06-20,1201.56,1201.56,Partial,3.0,False
LP0000052,L000004,2024-07-17,2024-08-21,1184.41,1184.41,Paid,35.0,True
LP0000053,L000004,2024-08-16,2024-08-31,1192.37,1192.37,Missed,15.0,True
LP0000054,L000004,2024-09-15,2024-09-15,1084.58,1084.58,Late,0.0,False
LP0000055,L000004,2024-10-15,2024-10-23,1004.08,502.04,Paid,8.0,False
LP0000056,L000004,2024-11-14,2024-11-14,1186.47,1186.47,Paid,0.0,False
LP0000057,L000004,2024-12-14,,1143.81,1143.81,Missed,,True
LP0000058,L000005,2022-08-04,2022-09-08,773.27,773.27,Missed,35.0,True
LP0000059,L000005,2022-09-03,2022-09-03,631.73,694.9,Late,0.0,False
LP0000060,L000005,2022-10-03,2022-10-11,771.97,771.97,Partial,8.0,False
LP0000061,L000005,2022-11-02,,629.04,629.04,Paid,,True
LP0000062,L000005,2022-12-02,2022-12-02,659.41,725.35,Late,0.0,False
LP0000063,L000005,2023-01-01,2023-01-01,683.6,683.6,Missed,0.0,False
LP0000064,L000005,2023-01-31,2023-01-31,586.79,645.47,Partial,0.0,False
LP0000065,L000005,2023-03-02,2023-03-02,706.16,776.78,Paid,0.0,False
LP0000066,L000006,2022-02-11,2022-02-11,552.01,0.0,Partial,0.0,False
LP0000067,L000006,2022-03-13,2022-03-16,313.41,156.71,Missed,3.0,False
LP0000068,L000006,2022-04-12,2022-04-12,374.76,412.24,Late,0.0,False
LP0000069,L000006,2022-05-12,2022-05-12,504.21,504.21,Partial,0.0,False
LP0000070,L000006,2022-06-11,2022-06-11,407.39,407.39,Partial,0.0,False
LP0000071,L000006,2022-07-11,2022-07-19,409.91,409.91,Paid,8.0,False
LP0000072,L000006,2022-08-10,2022-08-25,474.18,0.0,Paid,15.0,True
LP0000073,L000006,2022-09-09,2022-09-24,457.61,457.61,Partial,15.0,True
LP0000074,L000006,2022-10-09,,475.48,237.74,Late,,True
LP0000075,L000006,2022-11-08,,397.73,437.5,Paid,,True
LP0000076,L000006,2022-12-08,2022-12-08,470.24,470.24,Missed,0.0,False
LP0000077,L000006,2023-01-07,2023-01-15,451.59,496.75,Paid,8.0,False
LP0000078,L000006,2023-02-06,2023-02-06,258.67,258.67,Paid,0.0,False
LP0000079,L000006,2023-03-08,2023-03-08,540.51,540.51,Missed,0.0,False
LP0000080,L000006,2023-04-07,2023-05-12,508.46,508.46,Paid,35.0,True
LP0000081,L000007,2024-04-17,2024-04-17,404.59,445.05,Partial,0.0,False
LP0000082,L000007,2024-05-17,2024-05-17,254.05,279.46,Missed,0.0,False
LP0000083,L000007,2024-06-16,2024-07-01,242.26,242.26,Paid,15.0,True
LP0000084,L000007,2024-07-16,2024-07-16,307.17,307.17,Paid,0.0,False
LP0000085,L000007,2024-08-15,2024-08-23,135.9,67.95,Late,8.0,False
LP0000086,L000007,2024-09-14,2024-09-14,187.26,187.26,Paid,0.0,False
LP0000087,L000007,2024-10-14,2024-10-17,170.07,170.07,Paid,3.0,False
LP0000088,L000007,2024-11-13,2024-11-13,387.91,387.91,Late,0.0,False
LP0000089,L000007,2024-12-13,2024-12-13,140.47,140.47,Partial,0.0,False
LP0000090,L000007,2025-01-12,2025-01-12,207.62,0.0,Paid,0.0,False
LP0000091,L000007,2025-02-11,2025-02-11,333.53,366.88,Missed,0.0,False
LP0000092,L000007,2025-03-13,,451.35,451.35,Paid,,True
LP0000093,L000007,2025-04-12,2025-04-15,477.36,525.1,Paid,3.0,False
LP0000094,L000007,2025-05-12,2025-05-12,430.38,430.38,Missed,0.0,False
LP0000095,L000007,2025-06-11,2025-06-11,297.11,297.11,Missed,0.0,False
LP0000096,L000007,2025-07-11,2025-07-14,197.94,197.94,Partial,3.0,False
LP0000097,L000007,2025-08-10,2025-08-25,296.73,296.73,Missed,15.0,True
LP0000098,L000007,2025-09-09,2025-09-12,269.45,269.45,Paid,3.0,False
LP0000099,L000007,2025-10-09,2025-10-12,264.58,0.0,Paid,3.0,False
LP0000100,L000008,2025-07-20,2025-07-28,396.65,436.31,Late,8.0,False
LP0000101,L000008,2025-08-19,2025-08-19,358.66,358.66,Paid,0.0,False
LP0000102,L000008,2025-09-18,,461.35,507.49,Partial,,True
LP0000103,L000008,2025-10-18,2025-10-26,448.18,493.0,Missed,8.0,False
LP0000104,L000008,2025-11-17,2025-12-22,211.89,0.0,Missed,35.0,True
LP0000105,L000008,2025-12-17,2026-01-21,269.73,269.73,Late,35.0,True
LP0000106,L000008,2026-01-16,2026-01-31,422.12,422.12,Paid,15.0,True
LP0000107,L000009,2026-01-27,2026-01-27,194.44,194.44,Paid,0.0,False
LP0000108,L000009,2026-02-26,2026-03-01,484.7,484.7,Paid,3.0,False
LP0000109,L000009,2026-03-28,2026-03-28,289.29,289.29,Paid,0.0,False
LP0000110,L000009,2026-04-27,2026-04-27,194.42,97.21,Paid,0.0,False
LP0000111,L000009,2026-05-27,2026-07-01,389.62,0.0,Partial,35.0,True
LP0000112,L000010,2023-01-27,2023-01-27,310.04,155.02,Paid,0.0,False
LP0000113,L000010,2023-02-26,2023-02-26,218.84,109.42,Paid,0.0,False
LP0000114,L000010,2023-03-28,2023-03-28,417.24,458.96,Partial,0.0,False
LP0000115,L000011,2022-08-15,2022-08-15,2840.26,0.0,Late,0.0,False
LP0000116,L000011,2022-09-14,2022-09-14,2820.41,2820.41,Paid,0.0,False
LP0000117,L000011,2022-10-14,2022-10-14,2773.45,3050.8,Paid,0.0,False
LP0000118,L000012,2023-05-19,2023-06-03,1679.84,1679.84,Missed,15.0,True
LP0000119,L000012,2023-06-18,2023-06-18,1468.28,1468.28,Partial,0.0,False
LP0000120,L000012,2023-07-18,2023-07-18,1557.9,1557.9,Paid,0.0,False
LP0000121,L000012,2023-08-17,2023-08-25,1512.02,1512.02,Paid,8.0,False
LP0000122,L000012,2023-09-16,,1608.8,0.0,Paid,,True
LP0000123,L000012,2023-10-16,2023-10-24,1391.31,1391.31,Partial,8.0,False
LP0000124,L000012,2023-11-15,2023-11-23,1613.89,1613.89,Paid,8.0,False
LP0000125,L000012,2023-12-15,2023-12-15,1415.71,1415.71,Paid,0.0,False
LP0000126,L000012,2024-01-14,2024-01-22,1472.03,1472.03,Late,8.0,False
LP0000127,L000012,2024-02-13,2024-03-19,1589.56,1589.56,Paid,35.0,True
LP0000128,L000012,2024-03-14,2024-03-29,1514.39,1514.39,Paid,15.0,True
LP0000129,L000012,2024-04-13,2024-04-13,1562.14,1562.14,Missed,0.0,False
LP0000130,L000012,2024-05-13,2024-05-16,1515.54,1667.09,Missed,3.0,False
LP0000131,L000012,2024-06-12,2024-06-12,1632.23,816.12,Partial,0.0,False
LP0000132,L000012,2024-07-12,2024-07-20,1557.65,0.0,Paid,8.0,False
LP0000133,L000012,2024-08-11,2024-08-19,1450.49,1450.49,Paid,8.0,False
LP0000134,L000012,2024-09-10,2024-09-13,1561.23,0.0,Paid,3.0,False
LP0000135,L000012,2024-10-10,,1407.73,1407.73,Paid,,True
LP0000136,L000013,2024-11-11,2024-11-26,219.31,219.31,Paid,15.0,True
LP0000137,L000013,2024-12-11,,437.11,218.56,Late,,True
LP0000138,L000013,2025-01-10,2025-01-10,275.12,137.56,Paid,0.0,False
LP0000139,L000013,2025-02-09,2025-02-24,305.15,305.15,Partial,15.0,True
LP0000140,L000013,2025-03-11,2025-03-11,435.8,217.9,Missed,0.0,False
LP0000141,L000013,2025-04-10,2025-04-10,150.8,0.0,Paid,0.0,False
LP0000142,L000013,2025-05-10,2025-05-18,232.78,232.78,Missed,8.0,False
LP0000143,L000013,2025-06-09,2025-06-09,118.81,118.81,Partial,0.0,False
LP0000144,L000013,2025-07-09,2025-07-17,345.92,172.96,Paid,8.0,False
LP0000145,L000013,2025-08-08,2025-08-23,127.83,127.83,Partial,15.0,True
LP0000146,L000013,2025-09-07,2025-09-07,218.46,218.46,Missed,0.0,False
LP0000147,L000013,2025-10-07,2025-10-07,366.21,183.1,Paid,0.0,False
LP0000148,L000013,2025-11-06,2025-11-06,367.18,403.9,Late,0.0,False
LP0000149,L000013,2025-12-06,2025-12-14,185.24,92.62,Late,8.0,False
LP0000150,L000013,2026-01-05,2026-02-09,200.83,100.42,Paid,35.0,True
LP0000151,L000014,2023-09-29,2023-10-02,1990.97,1990.97,Partial,3.0,False
LP0000152,L000014,2023-10-29,2023-11-01,1800.58,900.29,Partial,3.0,False
LP0000153,L000014,2023-11-28,2023-12-01,1934.48,2127.93,Late,3.0,False
LP0000154,L000014,2023-12-28,2024-02-01,2071.31,1035.65,Late,35.0,True
LP0000155,L000014,2024-01-27,2024-01-27,1801.74,900.87,Paid,0.0,False
LP0000156,L000014,2024-02-26,2024-02-26,2047.95,2047.95,Paid,0.0,False
LP0000157,L000014,2024-03-27,2024-05-01,1904.16,1904.16,Missed,35.0,True
LP0000158,L000015,2025-12-03,2025-12-18,104.72,104.72,Paid,15.0,True
LP0000159,L000015,2026-01-02,2026-01-02,201.72,100.86,Paid,0.0,False
LP0000160,L000015,2026-02-01,2026-02-16,382.41,382.41,Paid,15.0,True
LP0000161,L000015,2026-03-03,2026-03-03,403.76,403.76,Missed,0.0,False
LP0000162,L000015,2026-04-02,2026-04-02,297.98,327.78,Paid,0.0,False
LP0000163,L000015,2026-05-02,2026-06-06,273.07,273.07,Late,35.0,True
LP0000164,L000016,2022-07-28,2022-07-31,4844.37,2422.18,Partial,3.0,False
LP0000165,L000016,2022-08-27,2022-08-27,4966.63,4966.63,Paid,0.0,False
LP0000166,L000016,2022-09-26,2022-09-26,4875.87,4875.87,Paid,0.0,False
LP0000167,L000016,2022-10-26,2022-10-26,4954.08,2477.04,Late,0.0,False
LP0000168,L000016,2022-11-25,2022-12-30,4949.99,4949.99,Late,35.0,True
LP0000169,L000016,2022-12-25,2022-12-25,4874.7,5362.17,Missed,0.0,False
LP0000170,L000016,2023-01-24,2023-01-24,4875.06,4875.06,Missed,0.0,False
LP0000171,L000016,2023-02-23,2023-02-23,4883.89,5372.28,Late,0.0,False
LP0000172,L000016,2023-03-25,2023-03-25,4981.11,4981.11,Partial,0.0,False
LP0000173,L000016,2023-04-24,2023-04-24,4863.14,4863.14,Paid,0.0,False
LP0000174,L000016,2023-05-24,2023-05-24,4916.66,0.0,Late,0.0,False
LP0000175,L000016,2023-06-23,2023-07-28,4828.57,5311.43,Paid,35.0,True
LP0000176,L000017,2022-08-06,2022-09-10,1144.29,1144.29,Missed,35.0,True
LP0000177,L000017,2022-09-05,2022-09-05,1072.54,536.27,Late,0.0,False
LP0000178,L000017,2022-10-05,2022-10-05,1196.14,1196.14,Partial,0.0,False
LP0000179,L000017,2022-11-04,2022-11-04,1161.2,1161.2,Paid,0.0,False
LP0000180,L000017,2022-12-04,2022-12-04,1083.66,541.83,Missed,0.0,False
LP0000181,L000017,2023-01-03,2023-01-18,1354.31,1489.74,Late,15.0,True
LP0000182,L000017,2023-02-02,2023-02-10,1350.34,1350.34,Paid,8.0,False
LP0000183,L000017,2023-03-04,2023-04-08,1276.7,1276.7,Missed,35.0,True
LP0000184,L000017,2023-04-03,2023-04-03,1192.19,596.1,Paid,0.0,False
LP0000185,L000017,2023-05-03,2023-05-03,1111.16,1111.16,Paid,0.0,False
LP0000186,L000017,2023-06-02,2023-06-10,1227.37,613.68,Paid,8.0,False
LP0000187,L000017,2023-07-02,2023-08-06,1320.11,1320.11,Missed,35.0,True
LP0000188,L000017,2023-08-01,2023-08-01,1162.77,581.38,Partial,0.0,False
LP0000189,L000017,2023-08-31,2023-08-31,1183.62,1183.62,Partial,0.0,False
LP0000190,L000017,2023-09-30,2023-09-30,1218.76,1218.76,Missed,0.0,False
LP0000191,L000017,2023-10-30,2023-11-02,1262.91,1262.91,Paid,3.0,False
LP0000192,L000017,2023-11-29,2023-11-29,1269.27,634.63,Late,0.0,False
LP0000193,L000017,2023-12-29,,1245.49,1245.49,Late,,True
LP0000194,L000017,2024-01-28,2024-01-28,1383.35,1383.35,Paid,0.0,False
LP0000195,L000017,2024-02-27,2024-02-27,1036.68,518.34,Paid,0.0,False
LP0000196,L000018,2025-11-10,2025-11-10,2509.71,1254.86,Late,0.0,False
LP0000197,L000018,2025-12-10,2025-12-10,2442.48,2442.48,Missed,0.0,False
LP0000198,L000018,2026-01-09,,2491.83,0.0,Paid,,True
LP0000199,L000018,2026-02-08,2026-02-16,2362.39,1181.19,Paid,8.0,False
LP0000200,L000018,2026-03-10,2026-03-25,2349.42,2584.36,Paid,15.0,True
LP0000201,L000018,2026-04-09,2026-04-12,2389.0,0.0,Missed,3.0,False
LP0000202,L000018,2026-05-09,,2232.7,2232.7,Partial,,True
LP0000203,L000019,2023-10-08,2023-11-12,284.38,284.38,Late,35.0,True
LP0000204,L000019,2023-11-07,2023-11-07,284.43,142.22,Missed,0.0,False
LP0000205,L000019,2023-12-07,2023-12-22,230.83,230.83,Late,15.0,True
LP0000206,L000019,2024-01-06,2024-01-06,234.59,234.59,Partial,0.0,False
LP0000207,L000019,2024-02-05,2024-02-05,513.51,513.51,Partial,0.0,False
LP0000208,L000019,2024-03-06,2024-03-06,240.68,240.68,Paid,0.0,False
LP0000209,L000019,2024-04-05,2024-04-05,193.87,96.94,Missed,0.0,False
LP0000210,L000019,2024-05-05,2024-06-09,197.04,197.04,Paid,35.0,True
LP0000211,L000019,2024-06-04,2024-07-09,357.02,357.02,Late,35.0,True
LP0000212,L000019,2024-07-04,2024-07-04,455.32,455.32,Partial,0.0,False
LP0000213,L000019,2024-08-03,2024-09-07,498.02,498.02,Paid,35.0,True
LP0000214,L000019,2024-09-02,2024-09-02,345.4,345.4,Missed,0.0,False
LP0000215,L000019,2024-10-02,2024-10-05,323.16,323.16,Paid,3.0,False
LP0000216,L000019,2024-11-01,2024-11-01,193.45,0.0,Missed,0.0,False
LP0000217,L000020,2023-10-31,2023-11-03,470.62,517.68,Paid,3.0,False
LP0000218,L000020,2023-11-30,2023-11-30,459.61,459.61,Partial,0.0,False
LP0000219,L000020,2023-12-30,2023-12-30,476.46,476.46,Paid,0.0,False
LP0000220,L000020,2024-01-29,2024-02-13,432.01,432.01,Missed,15.0,True
LP0000221,L000020,2024-02-28,2024-02-28,433.51,433.51,Paid,0.0,False
LP0000222,L000020,2024-03-29,2024-03-29,333.09,166.54,Partial,0.0,False
LP0000223,L000020,2024-04-28,2024-05-06,382.65,382.65,Partial,8.0,False
LP0000224,L000020,2024-05-28,2024-07-02,413.58,413.58,Late,35.0,True
LP0000225,L000020,2024-06-27,2024-06-27,567.99,284.0,Late,0.0,False
LP0000226,L000020,2024-07-27,2024-07-30,429.28,429.28,Missed,3.0,False
LP0000227,L000020,2024-08-26,2024-09-10,484.82,484.82,Partial,15.0,True
LP0000228,L000020,2024-09-25,,652.78,326.39,Paid,,True
LP0000229,L000020,2024-10-25,2024-11-09,610.72,671.79,Missed,15.0,True
LP0000230,L000021,2024-01-05,2024-01-08,5929.34,5929.34,Partial,3.0,False
LP0000231,L000021,2024-02-04,2024-02-12,6266.43,6893.07,Paid,8.0,False
LP0000232,L000021,2024-03-05,2024-03-05,6039.25,6643.18,Paid,0.0,False
LP0000233,L000021,2024-04-04,2024-04-12,6233.09,6233.09,Paid,8.0,False
LP0000234,L000021,2024-05-04,2024-05-19,6075.07,3037.53,Paid,15.0,True
LP0000235,L000021,2024-06-03,2024-06-03,6236.6,6236.6,Missed,0.0,False
LP0000236,L000021,2024-07-03,2024-07-03,5984.62,5984.62,Partial,0.0,False
LP0000237,L000021,2024-08-02,2024-09-06,6051.7,3025.85,Paid,35.0,True
LP0000238,L000021,2024-09-01,2024-09-04,6139.8,6139.8,Missed,3.0,False
LP0000239,L000021,2024-10-01,2024-10-01,6165.26,6165.26,Paid,0.0,False
LP0000240,L000021,2024-10-31,2024-10-31,6184.16,6184.16,Paid,0.0,False
LP0000241,L000021,2024-11-30,2024-11-30,6190.45,6190.45,Paid,0.0,False
LP0000242,L000021,2024-12-30,,6115.97,6115.97,Paid,,True
LP0000243,L000021,2025-01-29,2025-01-29,6260.67,6260.67,Paid,0.0,False
LP0000244,L000021,2025-02-28,,5942.26,5942.26,Paid,,True
LP0000245,L000021,2025-03-30,2025-03-30,5996.45,5996.45,Paid,0.0,False
LP0000246,L000021,2025-04-29,2025-04-29,5982.3,2991.15,Missed,0.0,False
LP0000247,L000021,2025-05-29,2025-06-13,6102.44,6102.44,Partial,15.0,True
LP0000248,L000021,2025-06-28,2025-07-06,6174.06,6174.06,Partial,8.0,False
LP0000249,L000021,2025-07-28,2025-07-28,6190.82,6190.82,Paid,0.0,False
LP0000250,L000022,2022-12-01,2023-01-05,888.55,888.55,Partial,35.0,True
LP0000251,L000022,2022-12-31,2023-01-08,806.04,886.64,Partial,8.0,False
LP0000252,L000022,2023-01-30,2023-02-14,958.19,1054.01,Paid,15.0,True
LP0000253,L000022,2023-03-01,2023-03-09,836.21,0.0,Late,8.0,False
LP0000254,L000022,2023-03-31,,772.85,850.14,Paid,,True
LP0000255,L000022,2023-04-30,2023-06-04,725.45,798.0,Late,35.0,True
LP0000256,L000022,2023-05-30,2023-06-02,648.16,648.16,Late,3.0,False
LP0000257,L000022,2023-06-29,2023-08-03,748.08,748.08,Late,35.0,True
LP0000258,L000022,2023-07-29,2023-07-29,620.7,682.77,Paid,0.0,False
LP0000259,L000022,2023-08-28,2023-09-05,678.5,339.25,Paid,8.0,False
LP0000260,L000022,2023-09-27,2023-10-12,960.63,480.31,Partial,15.0,True
LP0000261,L000022,2023-10-27,2023-12-01,628.43,314.21,Paid,35.0,True
LP0000262,L000022,2023-11-26,2023-11-26,724.97,724.97,Partial,0.0,False
LP0000263,L000022,2023-12-26,2024-01-10,908.13,908.13,Late,15.0,True
LP0000264,L000022,2024-01-25,2024-02-02,957.62,957.62,Paid,8.0,False
LP0000265,L000022,2024-02-24,2024-03-03,863.98,431.99,Missed,8.0,False
LP0000266,L000022,2024-03-25,2024-04-09,621.06,621.06,Late,15.0,True
LP0000267,L000023,2025-05-18,2025-05-18,1003.46,1003.46,Late,0.0,False
LP0000268,L000023,2025-06-17,2025-06-17,901.6,901.6,Late,0.0,False
LP0000269,L000023,2025-07-17,2025-07-17,930.45,465.23,Paid,0.0,False
LP0000270,L000023,2025-08-16,2025-08-16,1014.71,1116.18,Paid,0.0,False
LP0000271,L000023,2025-09-15,2025-10-20,815.86,407.93,Missed,35.0,True
LP0000272,L000023,2025-10-15,2025-10-15,1001.65,1001.65,Partial,0.0,False
LP0000273,L000023,2025-11-14,2025-11-14,894.77,894.77,Late,0.0,False
LP0000274,L000023,2025-12-14,2025-12-29,930.56,465.28,Paid,15.0,True
LP0000275,L000023,2026-01-13,2026-01-13,990.77,990.77,Late,0.0,False
LP0000276,L000023,2026-02-12,,992.15,496.07,Missed,,True
LP0000277,L000023,2026-03-14,2026-03-14,946.36,946.36,Paid,0.0,False
LP0000278,L000023,2026-04-13,2026-04-13,752.93,752.93,Late,0.0,False
LP0000279,L000023,2026-05-13,2026-05-13,1029.26,1132.19,Paid,0.0,False
LP0000280,L000024,2022-11-09,2022-11-09,6026.01,3013.01,Late,0.0,False
LP0000281,L000024,2022-12-09,2022-12-17,6276.18,6276.18,Missed,8.0,False
LP0000282,L000024,2023-01-08,2023-01-16,5998.46,6598.31,Late,8.0,False
LP0000283,L000024,2023-02-07,2023-02-07,6172.96,6172.96,Paid,0.0,False
LP0000284,L000024,2023-03-09,,6315.94,6315.94,Partial,,True
LP0000285,L000024,2023-04-08,2023-04-23,6216.18,6216.18,Partial,15.0,True
LP0000286,L000025,2025-07-28,2025-08-05,6804.69,7485.16,Paid,8.0,False
LP0000287,L000025,2025-08-27,2025-09-11,6779.54,7457.49,Paid,15.0,True
LP0000288,L000025,2025-09-26,2025-10-31,6725.23,6725.23,Missed,35.0,True
LP0000289,L000025,2025-10-26,2025-11-10,6747.6,3373.8,Late,15.0,True
LP0000290,L000025,2025-11-25,2025-12-03,6868.1,3434.05,Paid,8.0,False
LP0000291,L000025,2025-12-25,2025-12-28,6569.97,3284.99,Partial,3.0,False
LP0000292,L000025,2026-01-24,2026-01-24,6675.07,7342.58,Partial,0.0,False
LP0000293,L000026,2025-11-11,2025-11-19,598.25,0.0,Paid,8.0,False
LP0000294,L000026,2025-12-11,,387.94,387.94,Partial,,True
LP0000295,L000026,2026-01-10,2026-01-10,377.88,377.88,Paid,0.0,False
LP0000296,L000026,2026-02-09,2026-03-16,493.88,493.88,Paid,35.0,True
LP0000297,L000026,2026-03-11,2026-03-11,582.38,291.19,Missed,0.0,False
LP0000298,L000026,2026-04-10,2026-04-10,642.79,642.79,Missed,0.0,False
LP0000299,L000026,2026-05-10,2026-06-14,385.78,424.36,Partial,35.0,True
LP0000300,L000027,2024-12-25,2024-12-25,4977.98,4977.98,Partial,0.0,False
LP0000301,L000027,2025-01-24,2025-01-24,5227.06,5227.06,Partial,0.0,False
LP0000302,L000027,2025-02-23,2025-03-10,5110.35,5621.39,Late,15.0,True
LP0000303,L000027,2025-03-25,2025-03-25,5133.71,5133.71,Missed,0.0,False
LP0000304,L000027,2025-04-24,2025-05-02,5264.23,5264.23,Missed,8.0,False
LP0000305,L000027,2025-05-24,2025-05-24,5097.47,5607.22,Partial,0.0,False
LP0000306,L000027,2025-06-23,2025-07-01,5213.39,5734.73,Paid,8.0,False
LP0000307,L000027,2025-07-23,2025-07-23,4954.36,4954.36,Partial,0.0,False
LP0000308,L000027,2025-08-22,2025-08-30,5277.69,5277.69,Missed,8.0,False
LP0000309,L000027,2025-09-21,2025-09-21,5075.74,0.0,Late,0.0,False
LP0000310,L000027,2025-10-21,2025-10-29,4988.48,4988.48,Paid,8.0,False
LP0000311,L000027,2025-11-20,,5062.7,5062.7,Partial,,True
LP0000312,L000027,2025-12-20,2026-01-04,5136.15,2568.07,Late,15.0,True
LP0000313,L000027,2026-01-19,2026-01-19,5002.06,5502.27,Paid,0.0,False
LP0000314,L000027,2026-02-18,2026-02-18,5209.69,5209.69,Paid,0.0,False
LP0000315,L000027,2026-03-20,2026-04-24,5096.74,5096.74,Paid,35.0,True
LP0000316,L000027,2026-04-19,2026-04-22,5205.75,5205.75,Partial,3.0,False
LP0000317,L000027,2026-05-19,2026-05-19,5235.56,5235.56,Partial,0.0,False
LP0000318,L000028,2024-01-15,2024-01-15,453.8,499.18,Late,0.0,False
LP0000319,L000028,2024-02-14,2024-02-22,367.93,367.93,Paid,8.0,False
LP0000320,L000028,2024-03-15,2024-03-30,263.75,290.12,Paid,15.0,True
LP0000321,L000028,2024-04-14,2024-04-14,210.26,105.13,Paid,0.0,False
LP0000322,L000028,2024-05-14,2024-05-14,236.65,236.65,Missed,0.0,False
LP0000323,L000028,2024-06-13,2024-07-18,193.03,193.03,Paid,35.0,True
LP0000324,L000028,2024-07-13,2024-07-28,128.49,128.49,Paid,15.0,True
LP0000325,L000029,2022-12-15,,405.53,446.08,Partial,,True
LP0000326,L000029,2023-01-14,2023-01-17,454.58,454.58,Paid,3.0,False
LP0000327,L000029,2023-02-13,2023-02-16,211.51,211.51,Paid,3.0,False
LP0000328,L000029,2023-03-15,2023-03-18,315.07,157.53,Paid,3.0,False
LP0000329,L000029,2023-04-14,2023-04-14,244.86,244.86,Paid,0.0,False
LP0000330,L000029,2023-05-14,2023-05-14,340.16,170.08,Partial,0.0,False
LP0000331,L000029,2023-06-13,,326.68,0.0,Partial,,True
LP0000332,L000029,2023-07-13,2023-07-16,357.08,178.54,Partial,3.0,False
LP0000333,L000029,2023-08-12,2023-08-12,289.49,144.75,Missed,0.0,False
LP0000334,L000029,2023-09-11,2023-09-11,225.38,225.38,Late,0.0,False
LP0000335,L000029,2023-10-11,2023-10-26,373.9,411.29,Missed,15.0,True
LP0000336,L000029,2023-11-10,2023-11-25,437.46,437.46,Partial,15.0,True
LP0000337,L000029,2023-12-10,2023-12-10,389.46,389.46,Missed,0.0,False
LP0000338,L000029,2024-01-09,2024-01-12,339.36,339.36,Missed,3.0,False
LP0000339,L000029,2024-02-08,2024-02-16,173.51,86.75,Paid,8.0,False
LP0000340,L000029,2024-03-09,2024-03-09,203.12,223.43,Late,0.0,False
LP0000341,L000030,2023-12-08,2024-01-12,414.75,414.75,Late,35.0,True
LP0000342,L000030,2024-01-07,2024-01-10,337.36,337.36,Late,3.0,False
LP0000343,L000030,2024-02-06,2024-02-09,489.7,489.7,Missed,3.0,False
LP0000344,L000030,2024-03-07,2024-03-07,372.42,372.42,Late,0.0,False
LP0000345,L000030,2024-04-06,2024-04-14,535.96,535.96,Paid,8.0,False
LP0000346,L000030,2024-05-06,,618.69,618.69,Paid,,True
LP0000347,L000030,2024-06-05,2024-06-05,611.98,611.98,Late,0.0,False
LP0000348,L000030,2024-07-05,2024-07-08,568.01,284.0,Paid,3.0,False
LP0000349,L000030,2024-08-04,2024-08-04,571.96,571.96,Partial,0.0,False
LP0000350,L000030,2024-09-03,2024-09-06,500.8,500.8,Paid,3.0,False
LP0000351,L000030,2024-10-03,2024-11-07,544.73,0.0,Paid,35.0,True
LP0000352,L000030,2024-11-02,2024-11-02,485.69,485.69,Late,0.0,False
LP0000353,L000031,2023-05-12,2023-05-27,417.75,417.75,Paid,15.0,True
LP0000354,L000031,2023-06-11,2023-06-26,265.37,132.69,Paid,15.0,True
LP0000355,L000031,2023-07-11,2023-07-11,205.68,226.25,Paid,0.0,False
LP0000356,L000031,2023-08-10,2023-08-13,209.96,104.98,Partial,3.0,False
LP0000357,L000031,2023-09-09,2023-10-14,345.24,172.62,Partial,35.0,True
LP0000358,L000031,2023-10-09,2023-10-17,72.94,72.94,Paid,8.0,False
LP0000359,L000031,2023-11-08,2023-11-08,191.3,191.3,Paid,0.0,False
LP0000360,L000031,2023-12-08,,205.6,205.6,Paid,,True
LP0000361,L000031,2024-01-07,2024-01-10,217.68,217.68,Late,3.0,False
LP0000362,L000031,2024-02-06,2024-02-06,413.25,413.25,Late,0.0,False
LP0000363,L000031,2024-03-07,2024-03-07,177.39,195.13,Paid,0.0,False
LP0000364,L000031,2024-04-06,2024-04-14,172.35,172.35,Late,8.0,False
LP0000365,L000031,2024-05-06,2024-05-06,360.58,360.58,Missed,0.0,False
LP0000366,L000031,2024-06-05,,179.74,89.87,Late,,True
LP0000367,L000031,2024-07-05,2024-08-09,254.47,127.23,Paid,35.0,True
LP0000368,L000031,2024-08-04,2024-08-04,80.02,80.02,Paid,0.0,False
LP0000369,L000031,2024-09-03,2024-09-18,140.72,140.72,Paid,15.0,True
LP0000370,L000032,2023-02-11,2023-03-18,1509.05,754.52,Missed,35.0,True
LP0000371,L000032,2023-03-13,2023-03-28,1457.31,1457.31,Missed,15.0,True
LP0000372,L000032,2023-04-12,2023-04-12,1520.79,1520.79,Paid,0.0,False
LP0000373,L000032,2023-05-12,,1298.52,0.0,Missed,,True
LP0000374,L000032,2023-06-11,2023-06-14,1355.39,677.7,Late,3.0,False
LP0000375,L000032,2023-07-11,2023-07-11,1388.94,1388.94,Late,0.0,False
LP0000376,L000032,2023-08-10,2023-08-18,1350.46,675.23,Paid,8.0,False
LP0000377,L000033,2022-12-23,2022-12-23,226.35,248.99,Paid,0.0,False
LP0000378,L000033,2023-01-22,2023-01-22,238.76,119.38,Missed,0.0,False
LP0000379,L000033,2023-02-21,2023-03-08,151.52,151.52,Partial,15.0,True
LP0000380,L000033,2023-03-23,2023-04-07,373.59,373.59,Late,15.0,True
LP0000381,L000033,2023-04-22,2023-05-07,355.54,355.54,Late,15.0,True
LP0000382,L000033,2023-05-22,2023-06-06,357.02,357.02,Paid,15.0,True
LP0000383,L000034,2025-02-16,2025-02-16,530.28,265.14,Paid,0.0,False
LP0000384,L000034,2025-03-18,2025-03-18,544.04,0.0,Missed,0.0,False
LP0000385,L000034,2025-04-17,2025-04-17,341.91,341.91,Partial,0.0,False
LP0000386,L000034,2025-05-17,2025-05-20,516.91,516.91,Paid,3.0,False
LP0000387,L000034,2025-06-16,2025-07-01,456.46,456.46,Late,15.0,True
LP0000388,L000034,2025-07-16,2025-07-16,500.51,550.56,Paid,0.0,False
LP0000389,L000034,2025-08-15,2025-08-18,438.86,438.86,Paid,3.0,False
LP0000390,L000034,2025-09-14,2025-09-17,553.03,608.33,Paid,3.0,False
LP0000391,L000034,2025-10-14,2025-11-18,465.01,465.01,Missed,35.0,True
LP0000392,L000034,2025-11-13,2025-11-21,443.28,443.28,Paid,8.0,False
LP0000393,L000034,2025-12-13,2025-12-13,441.96,486.16,Missed,0.0,False
LP0000394,L000034,2026-01-12,2026-01-12,501.82,501.82,Partial,0.0,False
LP0000395,L000034,2026-02-11,2026-02-11,379.21,417.13,Partial,0.0,False
LP0000396,L000034,2026-03-13,,611.7,611.7,Partial,,True
LP0000397,L000034,2026-04-12,2026-04-12,470.69,235.34,Paid,0.0,False
LP0000398,L000035,2022-11-22,2022-12-07,640.68,640.68,Partial,15.0,True
LP0000399,L000035,2022-12-22,2022-12-22,564.02,564.02,Partial,0.0,False
LP0000400,L000035,2023-01-21,2023-01-21,637.42,637.42,Paid,0.0,False
LP0000401,L000035,2023-02-20,2023-03-27,701.53,350.76,Paid,35.0,True
LP0000402,L000035,2023-03-22,2023-03-30,752.83,752.83,Paid,8.0,False
LP0000403,L000035,2023-04-21,2023-04-24,664.99,332.5,Missed,3.0,False
LP0000404,L000035,2023-05-21,2023-05-24,683.71,683.71,Paid,3.0,False
LP0000405,L000035,2023-06-20,2023-06-20,659.63,659.63,Late,0.0,False
LP0000406,L000035,2023-07-20,2023-07-23,612.4,673.64,Partial,3.0,False
LP0000407,L000035,2023-08-19,2023-09-23,813.14,0.0,Late,35.0,True
LP0000408,L000035,2023-09-18,2023-09-18,684.71,342.36,Late,0.0,False
LP0000409,L000035,2023-10-18,,555.44,0.0,Missed,,True
LP0000410,L000035,2023-11-17,2023-11-17,582.06,582.06,Paid,0.0,False
LP0000411,L000035,2023-12-17,2024-01-21,832.79,832.79,Paid,35.0,True
LP0000412,L000035,2024-01-16,2024-01-16,715.85,715.85,Missed,0.0,False
LP0000413,L000035,2024-02-15,2024-02-15,703.0,351.5,Partial,0.0,False
LP0000414,L000035,2024-03-16,2024-03-16,543.63,543.63,Paid,0.0,False
LP0000415,L000035,2024-04-15,2024-04-15,641.68,705.85,Missed,0.0,False
LP0000416,L000035,2024-05-15,2024-06-19,635.97,699.57,Late,35.0,True
LP0000417,L000035,2024-06-14,2024-06-14,514.7,514.7,Late,0.0,False
LP0000418,L000036,2026-01-15,2026-01-23,323.73,323.73,Paid,8.0,False
LP0000419,L000036,2026-02-14,2026-02-17,207.23,103.61,Late,3.0,False
LP0000420,L000036,2026-03-16,2026-03-16,336.95,0.0,Missed,0.0,False
LP0000421,L000036,2026-04-15,2026-04-23,181.9,181.9,Partial,8.0,False
LP0000422,L000036,2026-05-15,2026-05-18,144.13,144.13,Missed,3.0,False
LP0000423,L000037,2023-01-28,2023-02-12,580.55,580.55,Paid,15.0,True
LP0000424,L000037,2023-02-27,2023-04-03,640.09,640.09,Paid,35.0,True
LP0000425,L000037,2023-03-29,2023-04-01,467.69,467.69,Paid,3.0,False
LP0000426,L000037,2023-04-28,2023-04-28,703.46,773.81,Paid,0.0,False
LP0000427,L000037,2023-05-28,2023-05-28,495.97,495.97,Partial,0.0,False
LP0000428,L000037,2023-06-27,2023-06-27,677.61,677.61,Paid,0.0,False
LP0000429,L000037,2023-07-27,2023-08-31,669.14,669.14,Partial,35.0,True
LP0000430,L000037,2023-08-26,2023-09-30,604.4,664.84,Paid,35.0,True
LP0000431,L000037,2023-09-25,2023-10-10,558.65,558.65,Paid,15.0,True
LP0000432,L000037,2023-10-25,2023-11-09,620.36,620.36,Partial,15.0,True
LP0000433,L000037,2023-11-24,,491.26,491.26,Late,,True
LP0000434,L000037,2023-12-24,2024-01-01,693.14,693.14,Paid,8.0,False
LP0000435,L000037,2024-01-23,2024-01-26,745.69,745.69,Late,3.0,False
LP0000436,L000037,2024-02-22,2024-03-08,589.14,589.14,Late,15.0,True
LP0000437,L000037,2024-03-23,2024-03-23,502.44,502.44,Late,0.0,False
LP0000438,L000037,2024-04-22,2024-04-22,520.46,520.46,Late,0.0,False
LP0000439,L000038,2025-10-04,2025-10-12,820.34,820.34,Partial,8.0,False
LP0000440,L000038,2025-11-03,2025-11-03,633.32,633.32,Late,0.0,False
LP0000441,L000038,2025-12-03,2025-12-03,537.87,537.87,Paid,0.0,False
LP0000442,L000038,2026-01-02,2026-01-05,615.51,615.51,Late,3.0,False
LP0000443,L000038,2026-02-01,2026-02-01,829.54,414.77,Paid,0.0,False
LP0000444,L000038,2026-03-03,2026-03-11,787.23,787.23,Paid,8.0,False
LP0000445,L000038,2026-04-02,2026-05-07,505.2,555.72,Paid,35.0,True
LP0000446,L000038,2026-05-02,2026-05-02,737.69,811.46,Missed,0.0,False
LP0000447,L000039,2024-06-10,2024-06-10,761.44,380.72,Late,0.0,False
LP0000448,L000039,2024-07-10,,1046.91,1046.91,Paid,,True
LP0000449,L000039,2024-08-09,2024-08-17,786.6,865.26,Missed,8.0,False
LP0000450,L000039,2024-09-08,2024-09-08,946.81,946.81,Paid,0.0,False
LP0000451,L000039,2024-10-08,2024-10-08,961.47,961.47,Paid,0.0,False
LP0000452,L000039,2024-11-07,2024-11-07,773.98,773.98,Missed,0.0,False
LP0000453,L000039,2024-12-07,2024-12-10,1018.99,509.5,Late,3.0,False
LP0000454,L000039,2025-01-06,2025-01-09,1052.62,0.0,Paid,3.0,False
LP0000455,L000039,2025-02-05,2025-02-05,1002.88,1002.88,Partial,0.0,False
LP0000456,L000039,2025-03-07,,744.75,744.75,Paid,,True
LP0000457,L000039,2025-04-06,2025-04-06,953.1,1048.41,Paid,0.0,False
LP0000458,L000039,2025-05-06,2025-05-06,892.35,892.35,Paid,0.0,False
LP0000459,L000039,2025-06-05,2025-06-20,1037.34,1037.34,Partial,15.0,True
LP0000460,L000039,2025-07-05,2025-07-05,998.85,1098.74,Missed,0.0,False
LP0000461,L000039,2025-08-04,2025-08-12,856.44,942.08,Missed,8.0,False
LP0000462,L000039,2025-09-03,2025-09-06,796.99,876.69,Paid,3.0,False
LP0000463,L000039,2025-10-03,2025-11-07,852.48,852.48,Missed,35.0,True
LP0000464,L000039,2025-11-02,2025-12-07,1064.4,1170.84,Paid,35.0,True
LP0000465,L000039,2025-12-02,2025-12-10,1026.09,513.04,Late,8.0,False
LP0000466,L000040,2024-09-30,2024-09-30,7034.48,3517.24,Partial,0.0,False
LP0000467,L000040,2024-10-30,2024-10-30,6963.41,6963.41,Late,0.0,False
LP0000468,L000040,2024-11-29,,6822.66,6822.66,Paid,,True
LP0000469,L000040,2024-12-29,2024-12-29,6999.29,6999.29,Paid,0.0,False
LP0000470,L000040,2025-01-28,,6929.84,6929.84,Missed,,True
LP0000471,L000040,2025-02-27,2025-02-27,7041.14,7745.25,Missed,0.0,False
LP0000472,L000040,2025-03-29,2025-05-03,6910.97,6910.97,Paid,35.0,True
LP0000473,L000040,2025-04-28,,7101.46,7811.61,Paid,,True
LP0000474,L000040,2025-05-28,2025-05-28,7067.87,3533.93,Paid,0.0,False
LP0000475,L000040,2025-06-27,2025-06-27,6960.44,0.0,Paid,0.0,False
LP0000476,L000040,2025-07-27,2025-07-27,6884.92,3442.46,Partial,0.0,False
LP0000477,L000040,2025-08-26,2025-08-26,6854.31,0.0,Late,0.0,False
LP0000478,L000040,2025-09-25,2025-09-25,6959.3,6959.3,Paid,0.0,False
LP0000479,L000041,2024-08-27,2024-09-04,742.12,816.33,Partial,8.0,False
LP0000480,L000041,2024-09-26,2024-09-29,603.61,603.61,Paid,3.0,False
LP0000481,L000041,2024-10-26,,850.63,850.63,Missed,,True
LP0000482,L000041,2024-11-25,2024-11-25,620.47,620.47,Missed,0.0,False
LP0000483,L000041,2024-12-25,2025-01-29,870.31,870.31,Partial,35.0,True
LP0000484,L000041,2025-01-24,2025-02-08,610.76,610.76,Paid,15.0,True
LP0000485,L000041,2025-02-23,2025-03-30,867.47,954.22,Partial,35.0,True
LP0000486,L000041,2025-03-25,2025-04-29,721.81,360.9,Late,35.0,True
LP0000487,L000041,2025-04-24,2025-04-24,786.48,0.0,Paid,0.0,False
LP0000488,L000041,2025-05-24,2025-06-28,599.73,299.87,Partial,35.0,True
LP0000489,L000041,2025-06-23,2025-06-26,625.33,687.86,Partial,3.0,False
LP0000490,L000041,2025-07-23,2025-07-31,705.52,352.76,Late,8.0,False
LP0000491,L000041,2025-08-22,2025-08-30,730.02,730.02,Paid,8.0,False
LP0000492,L000041,2025-09-21,2025-09-29,852.62,937.88,Paid,8.0,False
LP0000493,L000041,2025-10-21,2025-10-21,598.91,598.91,Missed,0.0,False
LP0000494,L000041,2025-11-20,2025-11-23,842.95,927.25,Late,3.0,False
LP0000495,L000041,2025-12-20,2025-12-23,685.68,0.0,Partial,3.0,False
LP0000496,L000041,2026-01-19,2026-01-19,926.32,463.16,Partial,0.0,False
LP0000497,L000042,2024-11-08,,6915.95,3457.97,Paid,,True
LP0000498,L000042,2024-12-08,2024-12-11,6760.75,7436.83,Paid,3.0,False
LP0000499,L000042,2025-01-07,2025-01-10,6949.92,6949.92,Paid,3.0,False
LP0000500,L000042,2025-02-06,2025-02-14,6903.23,7593.55,Partial,8.0,False
LP0000501,L000042,2025-03-08,2025-04-12,6844.97,7529.47,Paid,35.0,True
LP0000502,L000042,2025-04-07,2025-04-15,6797.69,3398.84,Late,8.0,False
LP0000503,L000042,2025-05-07,2025-06-11,6883.43,3441.72,Paid,35.0,True
LP0000504,L000042,2025-06-06,2025-06-14,6742.24,6742.24,Missed,8.0,False
LP0000505,L000042,2025-07-06,2025-07-06,6913.07,6913.07,Paid,0.0,False
LP0000506,L000042,2025-08-05,,6825.11,6825.11,Paid,,True
LP0000507,L000042,2025-09-04,2025-09-04,6784.66,6784.66,Missed,0.0,False
LP0000508,L000042,2025-10-04,2025-11-08,6721.47,0.0,Paid,35.0,True
LP0000509,L000042,2025-11-03,2025-11-06,6664.55,3332.28,Paid,3.0,False
LP0000510,L000042,2025-12-03,2026-01-07,6820.5,7502.55,Late,35.0,True
LP0000511,L000042,2026-01-02,2026-01-17,6721.32,7393.45,Paid,15.0,True
LP0000512,L000042,2026-02-01,2026-03-08,6942.81,6942.81,Paid,35.0,True
LP0000513,L000043,2025-05-08,2025-05-23,388.58,388.58,Late,15.0,True
LP0000514,L000043,2025-06-07,2025-06-07,445.19,445.19,Late,0.0,False
LP0000515,L000043,2025-07-07,2025-07-07,604.92,604.92,Paid,0.0,False
LP0000516,L000043,2025-08-06,2025-08-21,335.92,167.96,Missed,15.0,True
LP0000517,L000043,2025-09-05,2025-09-13,596.12,596.12,Paid,8.0,False
LP0000518,L000043,2025-10-05,2025-10-08,421.13,421.13,Paid,3.0,False
LP0000519,L000043,2025-11-04,2025-11-19,590.61,295.31,Paid,15.0,True
LP0000520,L000043,2025-12-04,2026-01-08,580.78,580.78,Paid,35.0,True
LP0000521,L000043,2026-01-03,2026-01-06,544.01,544.01,Paid,3.0,False
LP0000522,L000043,2026-02-02,2026-03-09,560.58,560.58,Late,35.0,True
LP0000523,L000043,2026-03-04,2026-03-04,555.62,555.62,Partial,0.0,False
LP0000524,L000044,2024-10-16,,844.61,844.61,Late,,True
LP0000525,L000044,2024-11-15,2024-11-30,923.02,461.51,Partial,15.0,True
LP0000526,L000044,2024-12-15,2024-12-15,950.78,950.78,Paid,0.0,False
LP0000527,L000044,2025-01-14,2025-01-14,921.54,921.54,Missed,0.0,False
LP0000528,L000045,2025-09-04,2025-10-09,455.82,455.82,Paid,35.0,True
LP0000529,L000045,2025-10-04,2025-10-07,395.24,395.24,Partial,3.0,False
LP0000530,L000045,2025-11-03,2025-11-03,402.39,402.39,Late,0.0,False
LP0000531,L000045,2025-12-03,2026-01-07,542.07,542.07,Partial,35.0,True
LP0000532,L000045,2026-01-02,2026-01-05,424.97,424.97,Partial,3.0,False
LP0000533,L000045,2026-02-01,2026-02-09,381.05,381.05,Paid,8.0,False
LP0000534,L000045,2026-03-03,2026-03-03,429.71,214.85,Paid,0.0,False
LP0000535,L000045,2026-04-02,2026-05-07,290.07,290.07,Late,35.0,True
LP0000536,L000045,2026-05-02,2026-05-02,362.07,398.28,Missed,0.0,False
LP0000537,L000046,2023-11-01,2023-11-01,3038.16,3038.16,Paid,0.0,False
LP0000538,L000046,2023-12-01,,3119.09,1559.55,Missed,,True
LP0000539,L000046,2023-12-31,2023-12-31,3152.49,3152.49,Paid,0.0,False
LP0000540,L000046,2024-01-30,2024-02-07,3191.88,3191.88,Partial,8.0,False
LP0000541,L000046,2024-02-29,2024-02-29,3167.82,3484.6,Late,0.0,False
LP0000542,L000046,2024-03-30,2024-05-04,2993.72,3293.09,Partial,35.0,True
LP0000543,L000046,2024-04-29,2024-04-29,2916.96,2916.96,Paid,0.0,False
LP0000544,L000046,2024-05-29,2024-05-29,3022.0,3022.0,Paid,0.0,False
LP0000545,L000046,2024-06-28,2024-07-01,3110.1,1555.05,Partial,3.0,False
LP0000546,L000046,2024-07-28,2024-07-31,3095.6,1547.8,Partial,3.0,False
LP0000547,L000046,2024-08-27,2024-08-27,3095.39,3095.39,Paid,0.0,False
LP0000548,L000046,2024-09-26,2024-09-26,3028.28,3028.28,Partial,0.0,False
LP0000549,L000046,2024-10-26,2024-11-30,2975.19,2975.19,Paid,35.0,True
LP0000550,L000047,2023-03-30,2023-05-04,656.79,656.79,Late,35.0,True
LP0000551,L000047,2023-04-29,2023-04-29,508.83,508.83,Missed,0.0,False
LP0000552,L000047,2023-05-29,2023-07-03,675.47,337.74,Paid,35.0,True
LP0000553,L000047,2023-06-28,2023-06-28,702.78,702.78,Late,0.0,False
LP0000554,L000047,2023-07-28,2023-07-28,497.52,497.52,Partial,0.0,False
LP0000555,L000047,2023-08-27,2023-10-01,664.79,731.27,Missed,35.0,True
LP0000556,L000047,2023-09-26,2023-09-26,405.8,202.9,Paid,0.0,False
LP0000557,L000047,2023-10-26,2023-10-26,505.24,555.76,Partial,0.0,False
LP0000558,L000047,2023-11-25,2023-12-30,741.67,815.84,Missed,35.0,True
LP0000559,L000047,2023-12-25,2023-12-25,587.06,587.06,Partial,0.0,False
LP0000560,L000047,2024-01-24,2024-02-08,604.64,302.32,Paid,15.0,True
LP0000561,L000047,2024-02-23,2024-03-02,569.2,626.12,Missed,8.0,False
LP0000562,L000047,2024-03-24,2024-04-01,645.89,645.89,Partial,8.0,False
LP0000563,L000048,2023-07-24,2023-07-24,121.61,121.61,Partial,0.0,False
LP0000564,L000048,2023-08-23,2023-08-23,209.4,104.7,Missed,0.0,False
LP0000565,L000048,2023-09-22,2023-09-22,251.72,251.72,Paid,0.0,False
LP0000566,L000048,2023-10-22,,219.02,240.92,Paid,,True
LP0000567,L000048,2023-11-21,2023-12-26,322.45,322.45,Partial,35.0,True
LP0000568,L000048,2023-12-21,2023-12-24,268.83,268.83,Paid,3.0,False
LP0000569,L000048,2024-01-20,2024-02-24,384.51,192.25,Paid,35.0,True
LP0000570,L000048,2024-02-19,2024-02-27,373.61,373.61,Late,8.0,False
LP0000571,L000048,2024-03-20,2024-04-24,369.69,369.69,Missed,35.0,True
LP0000572,L000048,2024-04-19,2024-04-19,192.77,192.77,Paid,0.0,False
LP0000573,L000048,2024-05-19,2024-05-22,307.88,153.94,Partial,3.0,False
LP0000574,L000048,2024-06-18,2024-06-26,411.9,205.95,Partial,8.0,False
LP0000575,L000048,2024-07-18,2024-07-26,224.39,224.39,Partial,8.0,False
LP0000576,L000048,2024-08-17,2024-08-17,296.86,296.86,Partial,0.0,False
LP0000577,L000048,2024-09-16,2024-09-16,114.91,126.4,Late,0.0,False
LP0000578,L000048,2024-10-16,2024-10-19,317.54,317.54,Paid,3.0,False
LP0000579,L000048,2024-11-15,2024-11-23,92.89,46.45,Paid,8.0,False
LP0000580,L000048,2024-12-15,2024-12-18,222.37,222.37,Missed,3.0,False
LP0000581,L000049,2025-03-02,2025-03-02,594.45,594.45,Partial,0.0,False
LP0000582,L000049,2025-04-01,2025-04-01,798.7,399.35,Paid,0.0,False
LP0000583,L000049,2025-05-01,2025-05-01,628.35,628.35,Paid,0.0,False
LP0000584,L000049,2025-05-31,2025-05-31,763.15,763.15,Late,0.0,False
LP0000585,L000049,2025-06-30,2025-07-08,459.5,459.5,Late,8.0,False
LP0000586,L000049,2025-07-30,2025-09-03,800.37,400.19,Paid,35.0,True
LP0000587,L000049,2025-08-29,2025-08-29,484.32,0.0,Partial,0.0,False
LP0000588,L000049,2025-09-28,2025-10-13,643.98,321.99,Paid,15.0,True
LP0000589,L000049,2025-10-28,2025-10-28,598.02,598.02,Late,0.0,False
LP0000590,L000049,2025-11-27,2025-11-27,543.99,543.99,Partial,0.0,False
LP0000591,L000050,2024-09-23,2024-09-23,673.02,673.02,Paid,0.0,False
LP0000592,L000050,2024-10-23,,662.6,662.6,Paid,,True
LP0000593,L000050,2024-11-22,2024-12-27,513.17,513.17,Paid,35.0,True
LP0000594,L000050,2024-12-22,2025-01-06,615.7,307.85,Partial,15.0,True
LP0000595,L000050,2025-01-21,2025-01-24,510.49,510.49,Paid,3.0,False
LP0000596,L000050,2025-02-20,2025-02-20,672.61,672.61,Missed,0.0,False
LP0000597,L000050,2025-03-22,2025-03-25,675.56,675.56,Late,3.0,False
LP0000598,L000050,2025-04-21,2025-04-24,501.97,501.97,Partial,3.0,False
LP0000599,L000050,2025-05-21,2025-05-21,403.86,444.25,Paid,0.0,False
LP0000600,L000050,2025-06-20,2025-06-20,586.46,586.46,Paid,0.0,False
LP0000601,L000050,2025-07-20,2025-07-23,404.09,202.04,Late,3.0,False
LP0000602,L000050,2025-08-19,2025-08-19,510.03,561.03,Late,0.0,False
LP0000603,L000050,2025-09-18,2025-10-23,499.01,548.91,Partial,35.0,True
LP0000604,L000050,2025-10-18,2025-10-18,395.77,395.77,Missed,0.0,False
LP0000605,L000051,2023-04-05,2023-04-13,1318.81,659.4,Missed,8.0,False
LP0000606,L000051,2023-05-05,2023-05-13,1161.27,1161.27,Paid,8.0,False
LP0000607,L000051,2023-06-04,2023-06-04,1170.52,1287.57,Missed,0.0,False
LP0000608,L000051,2023-07-04,2023-07-04,1209.23,1209.23,Late,0.0,False
LP0000609,L000051,2023-08-03,2023-08-18,1179.76,1179.76,Paid,15.0,True
LP0000610,L000051,2023-09-02,2023-09-02,1304.92,1304.92,Partial,0.0,False
LP0000611,L000051,2023-10-02,2023-10-10,1203.05,601.52,Partial,8.0,False
LP0000612,L000051,2023-11-01,2023-11-16,1131.01,1131.01,Paid,15.0,True
LP0000613,L000051,2023-12-01,2023-12-04,1203.58,1323.94,Paid,3.0,False
LP0000614,L000051,2023-12-31,,1204.73,1204.73,Missed,,True
LP0000615,L000052,2022-03-27,2022-04-04,1275.76,1275.76,Partial,8.0,False
LP0000616,L000052,2022-04-26,2022-05-11,1299.83,1429.81,Paid,15.0,True
LP0000617,L000052,2022-05-26,2022-05-26,1256.33,1256.33,Paid,0.0,False
LP0000618,L000052,2022-06-25,2022-07-30,1285.7,642.85,Paid,35.0,True
LP0000619,L000052,2022-07-25,2022-08-02,1388.47,1388.47,Paid,8.0,False
LP0000620,L000052,2022-08-24,2022-08-24,1420.12,1562.13,Paid,0.0,False
LP0000621,L000052,2022-09-23,,1194.92,597.46,Late,,True
LP0000622,L000052,2022-10-23,,1176.43,588.22,Paid,,True
LP0000623,L000052,2022-11-22,2022-11-22,1318.78,0.0,Late,0.0,False
LP0000624,L000052,2022-12-22,2022-12-22,1339.95,1339.95,Paid,0.0,False
LP0000625,L000053,2025-11-11,,292.38,292.38,Paid,,True
LP0000626,L000053,2025-12-11,2025-12-19,114.01,114.01,Paid,8.0,False
LP0000627,L000053,2026-01-10,2026-01-10,293.27,293.27,Missed,0.0,False
LP0000628,L000053,2026-02-09,2026-02-09,120.44,120.44,Paid,0.0,False
LP0000629,L000053,2026-03-11,2026-03-11,94.8,47.4,Late,0.0,False
LP0000630,L000053,2026-04-10,2026-04-25,106.34,116.97,Missed,15.0,True
LP0000631,L000053,2026-05-10,2026-05-10,260.7,260.7,Paid,0.0,False
LP0000632,L000054,2022-09-04,2022-09-12,497.87,547.66,Paid,8.0,False
LP0000633,L000054,2022-10-04,2022-10-04,563.65,563.65,Paid,0.0,False
LP0000634,L000054,2022-11-03,2022-11-06,395.99,395.99,Paid,3.0,False
LP0000635,L000054,2022-12-03,2022-12-03,345.04,345.04,Partial,0.0,False
LP0000636,L000054,2023-01-02,2023-02-06,400.41,440.45,Partial,35.0,True
LP0000637,L000054,2023-02-01,2023-02-09,491.69,491.69,Paid,8.0,False
LP0000638,L000054,2023-03-03,2023-03-11,401.56,200.78,Paid,8.0,False
LP0000639,L000054,2023-04-02,2023-04-02,310.01,0.0,Late,0.0,False
LP0000640,L000054,2023-05-02,2023-05-10,444.03,444.03,Paid,8.0,False
LP0000641,L000054,2023-06-01,2023-06-16,571.17,571.17,Paid,15.0,True
LP0000642,L000054,2023-07-01,2023-07-04,357.91,357.91,Missed,3.0,False
LP0000643,L000054,2023-07-31,2023-08-15,230.95,115.47,Missed,15.0,True
LP0000644,L000054,2023-08-30,2023-09-14,418.91,460.8,Paid,15.0,True
LP0000645,L000054,2023-09-29,2023-10-02,475.43,522.97,Late,3.0,False
LP0000646,L000054,2023-10-29,2023-11-13,229.86,229.86,Late,15.0,True
LP0000647,L000054,2023-11-28,2024-01-02,487.12,535.83,Paid,35.0,True
LP0000648,L000054,2023-12-28,2023-12-28,374.0,411.4,Missed,0.0,False
LP0000649,L000054,2024-01-27,2024-01-30,555.41,555.41,Paid,3.0,False
LP0000650,L000054,2024-02-26,2024-02-29,474.65,474.65,Partial,3.0,False
LP0000651,L000054,2024-03-27,2024-05-01,370.1,185.05,Missed,35.0,True
LP0000652,L000055,2024-10-31,2024-10-31,464.32,510.75,Paid,0.0,False
LP0000653,L000055,2024-11-30,2024-11-30,323.31,355.64,Missed,0.0,False
LP0000654,L000055,2024-12-30,2025-01-07,375.78,375.78,Paid,8.0,False
LP0000655,L000055,2025-01-29,2025-01-29,396.37,436.01,Paid,0.0,False
LP0000656,L000055,2025-02-28,2025-02-28,443.61,443.61,Missed,0.0,False
LP0000657,L000055,2025-03-30,2025-03-30,408.47,408.47,Paid,0.0,False
LP0000658,L000055,2025-04-29,2025-05-07,472.11,472.11,Partial,8.0,False
LP0000659,L000055,2025-05-29,2025-06-13,534.45,534.45,Paid,15.0,True
LP0000660,L000055,2025-06-28,2025-07-01,472.44,472.44,Partial,3.0,False
LP0000661,L000055,2025-07-28,2025-07-28,318.86,318.86,Paid,0.0,False
LP0000662,L000055,2025-08-27,2025-08-27,337.54,337.54,Late,0.0,False
LP0000663,L000055,2025-09-26,2025-09-26,460.53,460.53,Missed,0.0,False
LP0000664,L000055,2025-10-26,2025-10-29,303.36,333.7,Paid,3.0,False
LP0000665,L000055,2025-11-25,,477.98,0.0,Paid,,True
LP0000666,L000056,2023-02-28,2023-02-28,245.93,270.52,Missed,0.0,False
LP0000667,L000056,2023-03-30,2023-04-02,497.67,497.67,Paid,3.0,False
LP0000668,L000056,2023-04-29,2023-05-02,529.65,529.65,Missed,3.0,False
LP0000669,L000056,2023-05-29,,350.54,350.54,Partial,,True
LP0000670,L000056,2023-06-28,2023-08-02,373.35,410.69,Late,35.0,True
LP0000671,L000056,2023-07-28,2023-07-28,419.28,419.28,Paid,0.0,False
LP0000672,L000056,2023-08-27,2023-08-27,282.62,282.62,Paid,0.0,False
LP0000673,L000056,2023-09-26,,375.64,413.2,Late,,True
LP0000674,L000056,2023-10-26,2023-11-30,198.88,198.88,Paid,35.0,True
LP0000675,L000056,2023-11-25,2023-11-25,235.97,259.57,Paid,0.0,False
LP0000676,L000056,2023-12-25,2023-12-25,328.21,361.03,Missed,0.0,False
LP0000677,L000057,2022-02-04,2022-03-11,915.0,457.5,Partial,35.0,True
LP0000678,L000057,2022-03-06,2022-03-06,773.38,850.72,Paid,0.0,False
LP0000679,L000057,2022-04-05,2022-05-10,937.76,468.88,Missed,35.0,True
LP0000680,L000057,2022-05-05,,880.36,880.36,Paid,,True
LP0000681,L000057,2022-06-04,2022-07-09,784.34,784.34,Paid,35.0,True
LP0000682,L000057,2022-07-04,2022-07-07,758.32,379.16,Late,3.0,False
LP0000683,L000057,2022-08-03,2022-08-06,906.92,453.46,Paid,3.0,False
LP0000684,L000057,2022-09-02,2022-09-02,759.0,834.9,Paid,0.0,False
LP0000685,L000057,2022-10-02,2022-10-02,855.87,427.94,Missed,0.0,False
LP0000686,L000057,2022-11-01,2022-12-06,733.4,733.4,Paid,35.0,True
LP0000687,L000057,2022-12-01,2022-12-01,866.16,866.16,Paid,0.0,False
LP0000688,L000057,2022-12-31,2022-12-31,779.53,779.53,Paid,0.0,False
LP0000689,L000057,2023-01-30,2023-01-30,870.42,870.42,Late,0.0,False
LP0000690,L000057,2023-03-01,2023-03-09,948.01,948.01,Missed,8.0,False
LP0000691,L000057,2023-03-31,2023-03-31,639.79,639.79,Paid,0.0,False
LP0000692,L000058,2023-12-03,2024-01-07,440.37,440.37,Paid,35.0,True
LP0000693,L000058,2024-01-02,2024-01-10,541.42,541.42,Late,8.0,False
LP0000694,L000058,2024-02-01,2024-02-01,412.83,412.83,Partial,0.0,False
LP0000695,L000058,2024-03-02,2024-03-02,247.1,247.1,Missed,0.0,False
LP0000696,L000058,2024-04-01,2024-04-16,409.06,409.06,Paid,15.0,True
LP0000697,L000058,2024-05-01,2024-06-05,496.93,496.93,Partial,35.0,True
LP0000698,L000059,2024-06-20,2024-07-25,459.86,459.86,Late,35.0,True
LP0000699,L000059,2024-07-20,2024-07-20,658.14,329.07,Paid,0.0,False
LP0000700,L000059,2024-08-19,,593.17,0.0,Paid,,True
LP0000701,L000059,2024-09-18,2024-09-26,449.46,449.46,Partial,8.0,False
LP0000702,L000059,2024-10-18,2024-11-02,441.61,441.61,Paid,15.0,True
LP0000703,L000059,2024-11-17,2024-11-25,690.64,690.64,Partial,8.0,False
LP0000704,L000059,2024-12-17,2024-12-25,754.43,754.43,Paid,8.0,False
LP0000705,L000059,2025-01-16,2025-01-24,753.92,753.92,Partial,8.0,False
LP0000706,L000059,2025-02-15,,541.33,595.46,Missed,,True
LP0000707,L000059,2025-03-17,2025-03-17,711.09,355.55,Partial,0.0,False
LP0000708,L000059,2025-04-16,2025-04-16,761.65,380.82,Late,0.0,False
LP0000709,L000059,2025-05-16,2025-05-16,529.45,529.45,Partial,0.0,False
LP0000710,L000059,2025-06-15,2025-06-23,660.17,330.08,Partial,8.0,False
LP0000711,L000059,2025-07-15,,524.56,524.56,Partial,,True
LP0000712,L000059,2025-08-14,2025-08-29,587.36,587.36,Paid,15.0,True
LP0000713,L000059,2025-09-13,2025-09-21,644.93,644.93,Missed,8.0,False
LP0000714,L000059,2025-10-13,2025-10-13,556.96,278.48,Paid,0.0,False
LP0000715,L000059,2025-11-12,2025-11-27,486.74,535.41,Missed,15.0,True
LP0000716,L000059,2025-12-12,2025-12-12,622.03,622.03,Partial,0.0,False
LP0000717,L000060,2024-07-17,2024-07-25,657.94,723.73,Missed,8.0,False
LP0000718,L000060,2024-08-16,,655.51,655.51,Late,,True
LP0000719,L000060,2024-09-15,2024-09-15,872.15,436.07,Paid,0.0,False
LP0000720,L000060,2024-10-15,2024-10-15,903.69,903.69,Late,0.0,False
LP0000721,L000060,2024-11-14,2024-12-19,845.79,930.37,Partial,35.0,True
LP0000722,L000060,2024-12-14,2025-01-18,618.64,680.5,Paid,35.0,True
LP0000723,L000061,2023-06-15,2023-07-20,2270.53,2497.58,Late,35.0,True
LP0000724,L000061,2023-07-15,2023-07-30,2093.58,2093.58,Late,15.0,True
LP0000725,L000061,2023-08-14,2023-08-14,2210.83,1105.41,Partial,0.0,False
LP0000726,L000061,2023-09-13,2023-09-13,2094.9,0.0,Paid,0.0,False
LP0000727,L000061,2023-10-13,2023-10-13,2222.68,2222.68,Partial,0.0,False
LP0000728,L000061,2023-11-12,,2202.69,2202.69,Paid,,True
LP0000729,L000061,2023-12-12,2023-12-20,2236.45,2236.45,Paid,8.0,False
LP0000730,L000061,2024-01-11,2024-01-26,2119.33,2119.33,Partial,15.0,True
LP0000731,L000061,2024-02-10,2024-02-13,2005.49,2206.04,Paid,3.0,False
LP0000732,L000061,2024-03-11,2024-03-11,2074.37,2074.37,Paid,0.0,False
LP0000733,L000061,2024-04-10,2024-05-15,1975.59,1975.59,Paid,35.0,True
LP0000734,L000061,2024-05-10,2024-06-14,2102.01,2102.01,Missed,35.0,True
LP0000735,L000062,2022-04-23,2022-04-23,311.44,311.44,Missed,0.0,False
LP0000736,L000062,2022-05-23,2022-05-23,467.71,233.85,Late,0.0,False
LP0000737,L000062,2022-06-22,2022-06-22,365.31,365.31,Missed,0.0,False
LP0000738,L000062,2022-07-22,2022-08-06,589.14,294.57,Missed,15.0,True
LP0000739,L000062,2022-08-21,2022-09-05,547.9,273.95,Missed,15.0,True
LP0000740,L000062,2022-09-20,2022-10-05,409.33,204.66,Paid,15.0,True
LP0000741,L000062,2022-10-20,2022-10-20,563.41,563.41,Paid,0.0,False
LP0000742,L000062,2022-11-19,,485.94,242.97,Late,,True
LP0000743,L000062,2022-12-19,2022-12-19,478.27,478.27,Paid,0.0,False
LP0000744,L000062,2023-01-18,2023-01-18,333.79,166.9,Missed,0.0,False
LP0000745,L000062,2023-02-17,2023-02-20,573.64,573.64,Missed,3.0,False
LP0000746,L000062,2023-03-19,2023-03-19,500.9,500.9,Paid,0.0,False
LP0000747,L000062,2023-04-18,2023-04-18,341.97,341.97,Paid,0.0,False
LP0000748,L000062,2023-05-18,2023-05-18,314.83,314.83,Partial,0.0,False
LP0000749,L000062,2023-06-17,2023-06-17,333.98,333.98,Paid,0.0,False
LP0000750,L000062,2023-07-17,2023-08-21,500.28,250.14,Late,35.0,True
LP0000751,L000062,2023-08-16,,426.46,469.11,Partial,,True
LP0000752,L000063,2024-10-12,2024-10-12,367.93,404.72,Partial,0.0,False
LP0000753,L000063,2024-11-11,2024-11-19,384.87,384.87,Missed,8.0,False
LP0000754,L000063,2024-12-11,2024-12-26,400.87,200.44,Paid,15.0,True
LP0000755,L000063,2025-01-10,,268.52,268.52,Paid,,True
LP0000756,L000063,2025-02-09,2025-02-12,289.92,318.91,Paid,3.0,False
LP0000757,L000063,2025-03-11,2025-03-11,467.58,467.58,Paid,0.0,False
LP0000758,L000063,2025-04-10,2025-04-18,290.22,319.24,Partial,8.0,False
LP0000759,L000063,2025-05-10,2025-06-14,149.55,149.55,Paid,35.0,True
LP0000760,L000063,2025-06-09,2025-06-12,360.75,396.83,Missed,3.0,False
LP0000761,L000063,2025-07-09,2025-07-24,375.19,187.59,Paid,15.0,True
LP0000762,L000063,2025-08-08,2025-09-12,142.17,0.0,Late,35.0,True
LP0000763,L000064,2025-01-07,2025-01-22,1067.62,1067.62,Paid,15.0,True
LP0000764,L000064,2025-02-06,2025-02-09,858.76,429.38,Late,3.0,False
LP0000765,L000064,2025-03-08,2025-03-08,929.84,464.92,Missed,0.0,False
LP0000766,L000064,2025-04-07,2025-04-07,982.34,982.34,Partial,0.0,False
LP0000767,L000064,2025-05-07,2025-05-10,1188.71,1307.58,Late,3.0,False
LP0000768,L000064,2025-06-06,2025-06-21,1111.15,1222.27,Partial,15.0,True
LP0000769,L000064,2025-07-06,,869.81,869.81,Missed,,True
LP0000770,L000064,2025-08-05,2025-08-05,1164.58,1164.58,Missed,0.0,False
LP0000771,L000064,2025-09-04,2025-09-12,1152.09,1152.09,Late,8.0,False
LP0000772,L000064,2025-10-04,2025-10-04,845.68,845.68,Paid,0.0,False
LP0000773,L000064,2025-11-03,2025-11-03,1134.41,1134.41,Paid,0.0,False
LP0000774,L000064,2025-12-03,2025-12-06,966.58,483.29,Partial,3.0,False
LP0000775,L000065,2022-12-02,2022-12-02,132.41,132.41,Late,0.0,False
LP0000776,L000065,2023-01-01,2023-01-01,231.96,255.16,Late,0.0,False
LP0000777,L000065,2023-01-31,2023-01-31,265.39,265.39,Partial,0.0,False
LP0000778,L000065,2023-03-02,2023-03-17,366.55,366.55,Partial,15.0,True
LP0000779,L000065,2023-04-01,2023-04-01,353.09,353.09,Missed,0.0,False
LP0000780,L000065,2023-05-01,2023-05-01,344.37,344.37,Late,0.0,False
LP0000781,L000065,2023-05-31,2023-05-31,277.43,138.72,Late,0.0,False
LP0000782,L000065,2023-06-30,2023-06-30,297.32,297.32,Late,0.0,False
LP0000783,L000065,2023-07-30,2023-07-30,157.42,0.0,Paid,0.0,False
LP0000784,L000065,2023-08-29,2023-09-06,365.83,365.83,Partial,8.0,False
LP0000785,L000065,2023-09-28,2023-10-13,256.9,128.45,Paid,15.0,True
LP0000786,L000065,2023-10-28,2023-12-02,273.99,301.39,Missed,35.0,True
LP0000787,L000065,2023-11-27,2023-11-27,131.69,131.69,Paid,0.0,False
LP0000788,L000065,2023-12-27,,260.15,130.07,Paid,,True
LP0000789,L000066,2023-03-23,2023-03-23,139.91,139.91,Paid,0.0,False
LP0000790,L000066,2023-04-22,2023-05-27,330.16,363.18,Paid,35.0,True
LP0000791,L000066,2023-05-22,2023-05-22,323.71,323.71,Partial,0.0,False
LP0000792,L000066,2023-06-21,2023-06-29,219.89,219.89,Partial,8.0,False
LP0000793,L000066,2023-07-21,2023-07-29,177.35,177.35,Late,8.0,False
LP0000794,L000066,2023-08-20,2023-08-28,256.64,128.32,Paid,8.0,False
LP0000795,L000066,2023-09-19,2023-09-19,149.72,0.0,Paid,0.0,False
LP0000796,L000066,2023-10-19,2023-10-27,152.22,152.22,Paid,8.0,False
LP0000797,L000066,2023-11-18,,203.42,223.76,Partial,,True
LP0000798,L000066,2023-12-18,2024-01-02,394.06,197.03,Partial,15.0,True
LP0000799,L000066,2024-01-17,2024-02-01,83.27,0.0,Paid,15.0,True
LP0000800,L000066,2024-02-16,2024-02-19,400.11,200.06,Missed,3.0,False
LP0000801,L000066,2024-03-17,2024-03-17,263.6,263.6,Paid,0.0,False
LP0000802,L000066,2024-04-16,2024-05-21,218.21,240.03,Paid,35.0,True
LP0000803,L000066,2024-05-16,2024-05-16,156.29,156.29,Missed,0.0,False
LP0000804,L000066,2024-06-15,2024-07-20,151.66,151.66,Late,35.0,True
LP0000805,L000067,2022-10-31,2022-11-08,276.22,276.22,Late,8.0,False
LP0000806,L000067,2022-11-30,2022-12-15,306.14,306.14,Missed,15.0,True
LP0000807,L000067,2022-12-30,2023-01-02,309.24,340.16,Partial,3.0,False
LP0000808,L000067,2023-01-29,2023-03-05,378.29,378.29,Paid,35.0,True
LP0000809,L000067,2023-02-28,2023-02-28,224.71,112.36,Late,0.0,False
LP0000810,L000067,2023-03-30,2023-04-02,350.42,385.46,Late,3.0,False
LP0000811,L000067,2023-04-29,2023-04-29,386.67,193.34,Partial,0.0,False
LP0000812,L000067,2023-05-29,2023-05-29,243.9,243.9,Paid,0.0,False
LP0000813,L000068,2024-04-03,2024-05-08,1207.78,1207.78,Late,35.0,True
LP0000814,L000068,2024-05-03,2024-05-03,1443.79,1443.79,Late,0.0,False
LP0000815,L000068,2024-06-02,2024-06-02,1493.46,746.73,Paid,0.0,False
LP0000816,L000068,2024-07-02,2024-07-02,1238.68,1362.55,Paid,0.0,False
LP0000817,L000068,2024-08-01,2024-08-01,1455.49,1455.49,Partial,0.0,False
LP0000818,L000068,2024-08-31,2024-09-15,1542.42,1696.66,Paid,15.0,True
LP0000819,L000068,2024-09-30,2024-09-30,1346.94,1346.94,Late,0.0,False
LP0000820,L000068,2024-10-30,2024-10-30,1338.21,1472.03,Partial,0.0,False
LP0000821,L000068,2024-11-29,2024-12-02,1229.76,614.88,Paid,3.0,False
LP0000822,L000068,2024-12-29,2024-12-29,1404.33,0.0,Partial,0.0,False
LP0000823,L000068,2025-01-28,2025-01-28,1414.91,1556.4,Paid,0.0,False
LP0000824,L000068,2025-02-27,2025-02-27,1506.75,0.0,Missed,0.0,False
LP0000825,L000069,2025-08-29,2025-09-06,726.36,799.0,Missed,8.0,False
LP0000826,L000069,2025-09-28,2025-11-02,707.06,707.06,Paid,35.0,True
LP0000827,L000069,2025-10-28,2025-10-28,538.02,269.01,Missed,0.0,False
LP0000828,L000069,2025-11-27,2025-11-30,758.93,758.93,Paid,3.0,False
LP0000829,L000069,2025-12-27,2026-01-31,605.15,605.15,Paid,35.0,True
LP0000830,L000069,2026-01-26,,759.57,759.57,Paid,,True
LP0000831,L000069,2026-02-25,,827.5,827.5,Late,,True
LP0000832,L000069,2026-03-27,2026-04-04,565.52,565.52,Missed,8.0,False
LP0000833,L000069,2026-04-26,,681.81,681.81,Paid,,True
LP0000834,L000069,2026-05-26,2026-06-30,628.18,628.18,Partial,35.0,True
LP0000835,L000070,2025-10-08,2025-10-08,336.01,369.61,Partial,0.0,False
LP0000836,L000070,2025-11-07,2025-11-22,532.43,532.43,Late,15.0,True
LP0000837,L000070,2025-12-07,,587.21,587.21,Partial,,True
LP0000838,L000070,2026-01-06,2026-01-14,327.43,360.17,Missed,8.0,False
LP0000839,L000070,2026-02-05,2026-02-08,394.5,394.5,Paid,3.0,False
LP0000840,L000070,2026-03-07,2026-03-07,606.32,606.32,Missed,0.0,False
LP0000841,L000070,2026-04-06,2026-04-21,364.36,182.18,Paid,15.0,True
LP0000842,L000070,2026-05-06,2026-05-14,293.08,146.54,Paid,8.0,False
LP0000843,L000071,2025-03-19,2025-04-23,407.59,203.79,Paid,35.0,True
LP0000844,L000071,2025-04-18,,464.19,464.19,Late,,True
LP0000845,L000071,2025-05-18,2025-05-18,208.92,0.0,Partial,0.0,False
LP0000846,L000071,2025-06-17,2025-07-02,293.17,293.17,Late,15.0,True
LP0000847,L000071,2025-07-17,,421.15,421.15,Partial,,True
LP0000848,L000071,2025-08-16,2025-08-16,394.14,0.0,Partial,0.0,False
LP0000849,L000071,2025-09-15,2025-09-15,214.92,214.92,Late,0.0,False
LP0000850,L000071,2025-10-15,2025-10-15,415.18,415.18,Late,0.0,False
LP0000851,L000071,2025-11-14,2025-11-14,244.01,244.01,Partial,0.0,False
LP0000852,L000071,2025-12-14,2025-12-14,406.97,203.49,Paid,0.0,False
LP0000853,L000071,2026-01-13,2026-01-13,553.62,553.62,Late,0.0,False
LP0000854,L000071,2026-02-12,2026-02-15,438.39,0.0,Missed,3.0,False
LP0000855,L000071,2026-03-14,,262.32,288.55,Paid,,True
LP0000856,L000072,2025-10-03,2025-10-03,436.95,436.95,Missed,0.0,False
LP0000857,L000072,2025-11-02,,342.57,342.57,Paid,,True
LP0000858,L000072,2025-12-02,2025-12-02,460.23,460.23,Late,0.0,False
LP0000859,L000072,2026-01-01,2026-02-05,210.49,210.49,Paid,35.0,True
LP0000860,L000072,2026-01-31,2026-02-15,310.96,342.06,Paid,15.0,True
LP0000861,L000072,2026-03-02,2026-03-02,261.88,130.94,Paid,0.0,False
LP0000862,L000072,2026-04-01,,288.11,288.11,Paid,,True
LP0000863,L000072,2026-05-01,2026-05-01,313.87,313.87,Late,0.0,False
LP0000864,L000072,2026-05-31,2026-05-31,334.48,367.93,Partial,0.0,False
LP0000865,L000073,2025-09-03,2025-09-06,2238.93,1119.46,Paid,3.0,False
LP0000866,L000073,2025-10-03,2025-10-18,2222.1,2222.1,Missed,15.0,True
LP0000867,L000073,2025-11-02,2025-11-10,2446.54,1223.27,Paid,8.0,False
LP0000868,L000073,2025-12-02,,2356.47,2592.12,Partial,,True
LP0000869,L000073,2026-01-01,2026-01-01,2304.39,2304.39,Paid,0.0,False
LP0000870,L000073,2026-01-31,2026-02-03,2462.97,2462.97,Paid,3.0,False
LP0000871,L000073,2026-03-02,2026-03-02,2518.66,1259.33,Paid,0.0,False
LP0000872,L000073,2026-04-01,2026-04-16,2380.32,2380.32,Missed,15.0,True
LP0000873,L000073,2026-05-01,2026-05-16,2476.45,2476.45,Late,15.0,True
LP0000874,L000073,2026-05-31,2026-06-08,2171.47,0.0,Partial,8.0,False
LP0000875,L000074,2024-07-26,2024-07-26,271.63,271.63,Partial,0.0,False
LP0000876,L000074,2024-08-25,2024-08-25,400.48,400.48,Paid,0.0,False
LP0000877,L000074,2024-09-24,2024-10-02,367.56,367.56,Missed,8.0,False
LP0000878,L000074,2024-10-24,2024-11-01,465.69,465.69,Paid,8.0,False
LP0000879,L000074,2024-11-23,2024-11-23,245.8,270.38,Missed,0.0,False
LP0000880,L000074,2024-12-23,,243.12,243.12,Late,,True
LP0000881,L000074,2025-01-22,,211.41,211.41,Paid,,True
LP0000882,L000074,2025-02-21,,299.18,299.18,Paid,,True
LP0000883,L000074,2025-03-23,,428.71,428.71,Late,,True
LP0000884,L000074,2025-04-22,2025-04-22,343.51,343.51,Paid,0.0,False
LP0000885,L000074,2025-05-22,2025-05-25,246.76,246.76,Late,3.0,False
LP0000886,L000074,2025-06-21,2025-06-29,242.73,242.73,Missed,8.0,False
LP0000887,L000074,2025-07-21,2025-08-05,414.85,414.85,Late,15.0,True
LP0000888,L000074,2025-08-20,2025-09-24,202.05,222.26,Missed,35.0,True
LP0000889,L000074,2025-09-19,2025-10-04,332.91,366.2,Missed,15.0,True
LP0000890,L000074,2025-10-19,2025-10-27,368.06,184.03,Late,8.0,False
LP0000891,L000074,2025-11-18,2025-11-18,380.29,380.29,Missed,0.0,False
LP0000892,L000074,2025-12-18,2025-12-18,489.27,489.27,Paid,0.0,False
LP0000893,L000074,2026-01-17,2026-02-21,437.22,480.94,Missed,35.0,True
LP0000894,L000075,2022-08-09,2022-08-09,453.08,453.08,Partial,0.0,False
LP0000895,L000075,2022-09-08,,377.43,377.43,Paid,,True
LP0000896,L000075,2022-10-08,2022-10-23,212.38,212.38,Paid,15.0,True
LP0000897,L_BAD,2022-11-07,2022-11-07,442.92,442.92,Partial,0.0,False
LP0000898,L000075,2022-12-07,2023-01-11,215.03,236.53,Paid,35.0,True
LP0000899,L000075,2023-01-06,2023-02-10,318.23,318.23,Paid,35.0,True
LP0000900,L000075,2023-02-05,2023-02-13,467.42,514.16,Paid,8.0,False
LP0000901,L000075,2023-03-07,,271.09,271.09,Partial,,True
LP0000902,L000075,2023-04-06,2023-04-06,157.76,157.76,Late,0.0,False
LP0000903,L000075,2023-05-06,2023-06-10,379.69,189.84,Missed,35.0,True
LP0000904,L000076,2025-01-29,2025-02-06,486.02,486.02,Paid,8.0,False
LP0000905,L000076,2025-02-28,2025-03-15,390.41,390.41,Partial,15.0,True
LP0000906,L000076,2025-03-30,2025-03-30,482.36,482.36,Paid,0.0,False
LP0000907,L000076,2025-04-29,2025-04-29,261.16,261.16,Late,0.0,False
LP0000908,L000076,2025-05-29,2025-05-29,553.82,609.2,Paid,0.0,False
LP0000909,L000076,2025-06-28,,240.04,240.04,Missed,,True
LP0000910,L000076,2025-07-28,2025-08-12,514.05,0.0,Paid,15.0,True
LP0000911,L000077,2024-09-17,2024-09-25,626.08,626.08,Late,8.0,False
LP0000912,L000077,2024-10-17,2024-10-17,830.48,0.0,Late,0.0,False
LP0000913,L000077,2024-11-16,2024-11-16,659.94,659.94,Late,0.0,False
LP0000914,L000077,2024-12-16,2024-12-24,621.27,621.27,Late,8.0,False
LP0000915,L000077,2025-01-15,2025-01-15,822.64,411.32,Partial,0.0,False
LP0000916,L000077,2025-02-14,2025-02-14,771.58,771.58,Paid,0.0,False
LP0000917,L000077,2025-03-16,2025-03-24,633.71,633.71,Paid,8.0,False
LP0000918,L000077,2025-04-15,2025-04-15,514.34,514.34,Partial,0.0,False
LP0000919,L000077,2025-05-15,2025-05-15,800.66,800.66,Missed,0.0,False
LP0000920,L000077,2025-06-14,2025-06-17,787.89,787.89,Missed,3.0,False
LP0000921,L000078,2022-07-20,2022-07-28,3003.79,3003.79,Paid,8.0,False
LP0000922,L000078,2022-08-19,2022-09-03,3139.55,0.0,Paid,15.0,True
LP0000923,L000078,2022-09-18,,3058.28,3058.28,Paid,,True
LP0000924,L000078,2022-10-18,2022-11-22,3275.64,3275.64,Paid,35.0,True
LP0000925,L000078,2022-11-17,,3215.58,3215.58,Partial,,True
LP0000926,L000078,2022-12-17,2022-12-25,3273.01,1636.51,Paid,8.0,False
LP0000927,L000078,2023-01-16,2023-01-24,3238.45,3238.45,Late,8.0,False
LP0000928,L000078,2023-02-15,2023-02-23,3093.05,3093.05,Paid,8.0,False
LP0000929,L000078,2023-03-17,2023-04-01,3280.34,0.0,Paid,15.0,True
LP0000930,L000078,2023-04-16,2023-04-16,3121.87,0.0,Paid,0.0,False
LP0000931,L000078,2023-05-16,2023-05-31,3165.17,3165.17,Paid,15.0,True
LP0000932,L000078,2023-06-15,2023-06-15,3045.39,1522.69,Partial,0.0,False
LP0000933,L000078,2023-07-15,2023-07-23,3079.15,3079.15,Partial,8.0,False
LP0000934,L000078,2023-08-14,2023-08-14,3012.13,3012.13,Paid,0.0,False
LP0000935,L000078,2023-09-13,,3090.1,3090.1,Paid,,True
LP0000936,L000078,2023-10-13,2023-10-16,3156.26,3156.26,Paid,3.0,False
LP0000937,L000079,2023-02-04,2023-02-04,4463.93,4910.32,Paid,0.0,False
LP0000938,L000079,2023-03-06,2023-03-09,4792.73,5272.0,Paid,3.0,False
LP0000939,L000079,2023-04-05,2023-04-20,4543.1,4997.41,Late,15.0,True
LP0000940,L000079,2023-05-05,,4540.02,4540.02,Late,,True
LP0000941,L000079,2023-06-04,2023-06-12,4673.58,4673.58,Paid,8.0,False
LP0000942,L000079,2023-07-04,2023-07-12,4663.91,4663.91,Late,8.0,False
LP0000943,L000079,2023-08-03,2023-08-18,4468.2,4468.2,Partial,15.0,True
LP0000944,L000079,2023-09-02,,4539.5,0.0,Missed,,True
LP0000945,L000079,2023-10-02,2023-10-02,4601.73,2300.86,Partial,0.0,False
LP0000946,L000079,2023-11-01,2023-11-01,4666.21,5132.83,Paid,0.0,False
LP0000947,L000079,2023-12-01,2023-12-01,4499.91,2249.95,Paid,0.0,False
LP0000948,L000079,2023-12-31,2023-12-31,4709.43,4709.43,Late,0.0,False
LP0000949,L000079,2024-01-30,2024-01-30,4477.01,4477.01,Partial,0.0,False
LP0000950,L000080,2023-03-14,2023-03-14,665.23,665.23,Missed,0.0,False
LP0000951,L000080,2023-04-13,2023-04-28,782.73,391.37,Paid,15.0,True
LP0000952,L000080,2023-05-13,2023-05-16,592.04,296.02,Late,3.0,False
LP0000953,L000080,2023-06-12,2023-06-12,756.23,0.0,Missed,0.0,False
LP0000954,L000080,2023-07-12,2023-07-15,563.01,563.01,Partial,3.0,False
LP0000955,L000080,2023-08-11,2023-09-15,643.94,643.94,Missed,35.0,True
LP0000956,L_BAD,2023-09-10,2023-09-10,832.38,832.38,Late,0.0,False
LP0000957,L000080,2023-10-10,2023-10-10,680.76,340.38,Late,0.0,False
LP0000958,L000080,2023-11-09,2023-12-14,552.34,607.57,Partial,35.0,True
LP0000959,L000080,2023-12-09,2023-12-17,830.43,415.21,Paid,8.0,False
LP0000960,L000081,2023-10-01,2023-11-05,192.6,192.6,Missed,35.0,True
LP0000961,L000081,2023-10-31,2023-10-31,268.99,268.99,Paid,0.0,False
LP0000962,L000081,2023-11-30,2023-12-08,251.0,251.0,Late,8.0,False
LP0000963,L000081,2023-12-30,,325.9,325.9,Partial,,True
LP0000964,L000081,2024-01-29,2024-01-29,404.67,404.67,Paid,0.0,False
LP0000965,L000081,2024-02-28,,407.67,407.67,Late,,True
LP0000966,L000081,2024-03-29,2024-05-03,168.02,168.02,Missed,35.0,True
LP0000967,L000081,2024-04-28,,380.05,380.05,Missed,,True
LP0000968,L000081,2024-05-28,2024-05-28,347.09,347.09,Late,0.0,False
LP0000969,L000081,2024-06-27,2024-07-12,131.68,131.68,Paid,15.0,True
LP0000970,L000081,2024-07-27,2024-07-27,292.37,292.37,Paid,0.0,False
LP0000971,L000081,2024-08-26,2024-08-26,218.37,218.37,Missed,0.0,False
LP0000972,L000081,2024-09-25,2024-10-03,353.96,176.98,Paid,8.0,False
LP0000973,L000082,2026-01-15,2026-01-23,549.06,549.06,Paid,8.0,False
LP0000974,L000082,2026-02-14,,821.32,821.32,Paid,,True
LP0000975,L000082,2026-03-16,2026-03-24,739.76,739.76,Paid,8.0,False
LP0000976,L000082,2026-04-15,2026-04-23,652.87,652.87,Late,8.0,False
LP0000977,L000082,2026-05-15,2026-05-23,729.35,729.35,Late,8.0,False
LP0000978,L000083,2024-12-21,2024-12-21,93.32,46.66,Paid,0.0,False
LP0000979,L000083,2025-01-20,2025-02-24,274.56,274.56,Paid,35.0,True
LP0000980,L000083,2025-02-19,,358.64,358.64,Missed,,True
LP0000981,L000083,2025-03-21,2025-03-21,183.03,183.03,Late,0.0,False
LP0000982,L000083,2025-04-20,2025-04-20,162.22,162.22,Paid,0.0,False
LP0000983,L000083,2025-05-20,2025-06-04,298.95,298.95,Paid,15.0,True
LP0000984,L000083,2025-06-19,2025-06-19,94.57,94.57,Paid,0.0,False
LP0000985,L000083,2025-07-19,,389.5,428.45,Paid,,True
LP0000986,L000083,2025-08-18,,200.14,200.14,Paid,,True
LP0000987,L000083,2025-09-17,2025-09-25,374.25,187.12,Paid,8.0,False
LP0000988,L000083,2025-10-17,2025-11-01,315.47,315.47,Late,15.0,True
LP0000989,L000083,2025-11-16,2025-12-21,193.86,193.86,Partial,35.0,True
LP0000990,L000084,2025-11-23,2025-12-28,8641.75,8641.75,Paid,35.0,True
LP0000991,L000084,2025-12-23,2025-12-23,8806.85,9687.54,Partial,0.0,False
LP0000992,L000084,2026-01-22,2026-01-22,8773.51,8773.51,Paid,0.0,False
LP0000993,L000084,2026-02-21,2026-02-24,8610.14,9471.15,Paid,3.0,False
LP0000994,L000084,2026-03-23,2026-03-23,8558.07,8558.07,Late,0.0,False
LP0000995,L000084,2026-04-22,2026-05-27,8677.84,8677.84,Partial,35.0,True
LP0000996,L000084,2026-05-22,2026-05-22,8786.88,8786.88,Missed,0.0,False
LP0000997,L000085,2024-03-01,2024-03-16,7305.49,7305.49,Paid,15.0,True
LP0000998,L000085,2024-03-31,2024-05-05,7383.0,7383.0,Missed,35.0,True
LP0000999,L000085,2024-04-30,2024-04-30,7119.34,7119.34,Paid,0.0,False
LP0001000,L000085,2024-05-30,2024-05-30,7148.01,7862.81,Paid,0.0,False
LP0001001,L000085,2024-06-29,2024-07-07,7204.61,7204.61,Partial,8.0,False
LP0001002,L000085,2024-07-29,2024-07-29,7161.77,7161.77,Paid,0.0,False
LP0001003,L000085,2024-08-28,2024-08-31,7136.79,7136.79,Paid,3.0,False
LP0001004,L000085,2024-09-27,,7196.62,3598.31,Paid,,True
LP0001005,L000085,2024-10-27,,7274.6,7274.6,Late,,True
LP0001006,L000085,2024-11-26,2024-11-29,7282.93,7282.93,Paid,3.0,False
LP0001007,L000085,2024-12-26,2024-12-26,7108.28,7819.11,Missed,0.0,False
LP0001008,L000085,2025-01-25,2025-03-01,7201.76,7201.76,Paid,35.0,True
LP0001009,L000085,2025-02-24,2025-02-24,7396.31,3698.16,Paid,0.0,False
LP0001010,L000085,2025-03-26,,7380.06,7380.06,Missed,,True
LP0001011,L000085,2025-04-25,2025-04-28,7248.69,7248.69,Paid,3.0,False
LP0001012,L000085,2025-05-25,2025-05-25,7207.7,7207.7,Paid,0.0,False
LP0001013,L000085,2025-06-24,2025-07-09,7127.23,7839.95,Paid,15.0,True
LP0001014,L000085,2025-07-24,2025-08-28,7271.05,7271.05,Late,35.0,True
LP0001015,L000085,2025-08-23,2025-08-26,7158.79,7158.79,Partial,3.0,False
LP0001016,L000086,2025-11-26,2025-11-26,490.49,490.49,Paid,0.0,False
LP0001017,L000086,2025-12-26,,449.72,449.72,Late,,True
LP0001018,L000086,2026-01-25,,468.27,515.1,Paid,,True
LP0001019,L000086,2026-02-24,2026-02-24,279.39,139.69,Paid,0.0,False
LP0001020,L000086,2026-03-26,2026-03-29,176.04,176.04,Missed,3.0,False
LP0001021,L000086,2026-04-25,2026-04-25,304.07,152.03,Missed,0.0,False
LP0001022,L000086,2026-05-25,2026-06-09,426.23,213.12,Paid,15.0,True
LP0001023,L000087,2024-07-03,2024-07-03,7322.2,7322.2,Late,0.0,False
LP0001024,L000087,2024-08-02,2024-08-05,7341.01,8075.11,Paid,3.0,False
LP0001025,L000087,2024-09-01,2024-09-01,7346.63,8081.29,Paid,0.0,False
LP0001026,L000087,2024-10-01,2024-10-01,7277.0,7277.0,Paid,0.0,False
LP0001027,L000087,2024-10-31,2024-12-05,7306.06,7306.06,Missed,35.0,True
LP0001028,L000087,2024-11-30,2024-12-15,7296.97,7296.97,Partial,15.0,True
LP0001029,L000087,2024-12-30,2025-01-02,7173.86,7891.25,Paid,3.0,False
LP0001030,L000087,2025-01-29,2025-03-05,7243.15,7243.15,Missed,35.0,True
LP0001031,L000087,2025-02-28,2025-04-04,7288.65,8017.52,Missed,35.0,True
LP0001032,L000087,2025-03-30,2025-05-04,7332.66,7332.66,Paid,35.0,True
LP0001033,L000087,2025-04-29,2025-05-14,7377.13,0.0,Paid,15.0,True
LP0001034,L_BAD,2025-05-29,2025-06-13,7208.95,7208.95,Paid,15.0,True
LP0001035,L000087,2025-06-28,2025-06-28,7159.23,7159.23,Late,0.0,False
LP0001036,L000088,2023-01-30,2023-01-30,2695.59,2695.59,Late,0.0,False
LP0001037,L000088,2023-03-01,2023-03-01,2841.99,2841.99,Missed,0.0,False
LP0001038,L000088,2023-03-31,2023-03-31,2636.66,2636.66,Paid,0.0,False
LP0001039,L000088,2023-04-30,2023-04-30,2911.29,2911.29,Paid,0.0,False
LP0001040,L000088,2023-05-30,2023-05-30,2813.85,3095.24,Late,0.0,False
LP0001041,L000088,2023-06-29,2023-07-07,2882.31,1441.15,Paid,8.0,False
LP0001042,L000089,2024-06-05,2024-07-10,1145.22,1145.22,Missed,35.0,True
LP0001043,L000089,2024-07-05,2024-07-05,1305.08,1435.59,Partial,0.0,False
LP0001044,L000089,2024-08-04,2024-08-12,1073.7,536.85,Missed,8.0,False
LP0001045,L000090,2022-09-24,2022-10-02,778.32,778.32,Late,8.0,False
LP0001046,L000090,2022-10-24,2022-10-24,847.1,847.1,Paid,0.0,False
LP0001047,L000090,2022-11-23,2022-11-26,585.12,585.12,Missed,3.0,False
LP0001048,L000090,2022-12-23,,721.89,360.94,Missed,,True
LP0001049,L000091,2024-08-05,2024-08-05,389.17,0.0,Late,0.0,False
LP0001050,L000091,2024-09-04,2024-09-04,206.53,103.27,Missed,0.0,False
LP0001051,L000091,2024-10-04,2024-10-12,146.76,146.76,Paid,8.0,False
LP0001052,L000091,2024-11-03,2024-11-03,409.85,450.84,Partial,0.0,False
LP0001053,L000091,2024-12-03,,340.16,170.08,Late,,True
LP0001054,L000091,2025-01-02,2025-02-06,236.98,236.98,Late,35.0,True
LP0001055,L000091,2025-02-01,2025-02-16,156.57,78.28,Paid,15.0,True
LP0001056,L000091,2025-03-03,2025-03-18,325.38,325.38,Late,15.0,True
LP0001057,L000091,2025-04-02,2025-04-02,393.63,393.63,Paid,0.0,False
LP0001058,L000091,2025-05-02,2025-05-02,129.79,64.89,Missed,0.0,False
LP0001059,L000091,2025-06-01,2025-06-16,277.73,277.73,Missed,15.0,True
LP0001060,L000091,2025-07-01,2025-07-01,266.37,266.37,Missed,0.0,False
LP0001061,L000091,2025-07-31,2025-08-03,383.3,383.3,Paid,3.0,False
LP0001062,L000091,2025-08-30,2025-08-30,302.62,151.31,Late,0.0,False
LP0001063,L000091,2025-09-29,2025-09-29,124.07,124.07,Paid,0.0,False
LP0001064,L000091,2025-10-29,2025-11-06,362.63,362.63,Partial,8.0,False
LP0001065,L000092,2024-12-14,2024-12-14,865.86,865.86,Missed,0.0,False
LP0001066,L000092,2025-01-13,2025-01-21,1035.85,1035.85,Paid,8.0,False
LP0001067,L000092,2025-02-12,2025-02-15,942.67,942.67,Paid,3.0,False
LP0001068,L000092,2025-03-14,2025-03-14,815.41,815.41,Late,0.0,False
LP0001069,L000092,2025-04-13,2025-04-13,913.36,913.36,Paid,0.0,False
LP0001070,L000092,2025-05-13,2025-05-28,921.53,460.76,Paid,15.0,True
LP0001071,L000092,2025-06-12,2025-06-12,954.77,1050.25,Paid,0.0,False
LP0001072,L000092,2025-07-12,2025-07-27,1056.38,528.19,Missed,15.0,True
LP0001073,L000092,2025-08-11,2025-08-11,1017.01,1118.71,Paid,0.0,False
LP0001074,L000092,2025-09-10,2025-09-25,885.7,974.27,Missed,15.0,True
LP0001075,L000092,2025-10-10,2025-10-10,766.1,766.1,Missed,0.0,False
LP0001076,L000092,2025-11-09,2025-11-12,786.01,786.01,Paid,3.0,False
LP0001077,L000092,2025-12-09,2026-01-13,821.1,410.55,Paid,35.0,True
LP0001078,L000093,2025-06-29,2025-07-07,145.87,145.87,Missed,8.0,False
LP0001079,L000093,2025-07-29,2025-08-06,168.14,168.14,Paid,8.0,False
LP0001080,L000093,2025-08-28,2025-09-05,338.72,338.72,Partial,8.0,False
LP0001081,L000093,2025-09-27,2025-09-27,155.16,155.16,Partial,0.0,False
LP0001082,L000093,2025-10-27,2025-10-27,229.93,229.93,Late,0.0,False
LP0001083,L000093,2025-11-26,2025-11-29,321.59,321.59,Missed,3.0,False
LP0001084,L000093,2025-12-26,2025-12-26,401.91,442.1,Missed,0.0,False
LP0001085,L000093,2026-01-25,2026-02-02,264.46,132.23,Partial,8.0,False
LP0001086,L000093,2026-02-24,2026-03-04,433.09,433.09,Missed,8.0,False
LP0001087,L_BAD,2026-03-26,2026-04-10,225.51,225.51,Late,15.0,True
LP0001088,L000093,2026-04-25,2026-04-25,471.28,471.28,Late,0.0,False
LP0001089,L000094,2022-05-06,2022-05-21,917.6,917.6,Partial,15.0,True
LP0001090,L000094,2022-06-05,2022-06-05,1004.69,1004.69,Late,0.0,False
LP0001091,L000094,2022-07-05,2022-08-09,1159.79,1159.79,Missed,35.0,True
LP0001092,L000095,2023-02-07,2023-02-07,1856.16,2041.78,Missed,0.0,False
LP0001093,L000095,2023-03-09,2023-03-09,2037.97,2037.97,Missed,0.0,False
LP0001094,L000095,2023-04-08,2023-04-23,2015.15,2015.15,Late,15.0,True
LP0001095,L000096,2023-05-04,,4377.9,4377.9,Partial,,True
LP0001096,L000096,2023-06-03,2023-07-08,4417.27,4417.27,Paid,35.0,True
LP0001097,L000096,2023-07-03,2023-07-06,4663.3,4663.3,Missed,3.0,False
LP0001098,L000096,2023-08-02,2023-08-17,4601.58,5061.74,Missed,15.0,True
LP0001099,L000096,2023-09-01,2023-09-01,4517.68,4517.68,Missed,0.0,False
LP0001100,L000096,2023-10-01,2023-10-09,4489.93,2244.97,Paid,8.0,False
LP0001101,L000096,2023-10-31,2023-11-03,4400.57,4400.57,Late,3.0,False
LP0001102,L000096,2023-11-30,2023-11-30,4593.37,4593.37,Paid,0.0,False
LP0001103,L000096,2023-12-30,2024-01-14,4509.52,4960.47,Partial,15.0,True
LP0001104,L000096,2024-01-29,2024-01-29,4356.59,2178.3,Missed,0.0,False
LP0001105,L000096,2024-02-28,2024-03-02,4656.26,4656.26,Paid,3.0,False
LP0001106,L000096,2024-03-29,,4658.32,4658.32,Paid,,True
LP0001107,L000097,2025-10-25,2025-10-25,2197.97,2417.77,Paid,0.0,False
LP0001108,L000097,2025-11-24,2025-11-24,2439.24,2439.24,Partial,0.0,False
LP0001109,L000097,2025-12-24,2026-01-08,2202.34,2202.34,Paid,15.0,True
LP0001110,L000097,2026-01-23,,2276.69,2276.69,Paid,,True
LP0001111,L000097,2026-02-22,2026-02-22,2270.24,2270.24,Paid,0.0,False
LP0001112,L000097,2026-03-24,2026-04-01,2534.24,2787.66,Partial,8.0,False
LP0001113,L000097,2026-04-23,2026-04-23,2517.02,2517.02,Paid,0.0,False
LP0001114,L000097,2026-05-23,2026-05-23,2270.26,2497.29,Missed,0.0,False
LP0001115,L000098,2022-05-13,2022-05-13,263.88,131.94,Late,0.0,False
LP0001116,L000098,2022-06-12,2022-06-12,275.76,303.34,Late,0.0,False
LP0001117,L000098,2022-07-12,2022-08-16,390.19,390.19,Partial,35.0,True
LP0001118,L000098,2022-08-11,2022-08-26,319.48,0.0,Missed,15.0,True
LP0001119,L000098,2022-09-10,2022-09-25,254.39,254.39,Partial,15.0,True
LP0001120,L000098,2022-10-10,2022-10-10,470.24,517.26,Partial,0.0,False
LP0001121,L000098,2022-11-09,2022-12-14,225.44,112.72,Paid,35.0,True
LP0001122,L000098,2022-12-09,2022-12-09,343.96,343.96,Paid,0.0,False
LP0001123,L000098,2023-01-08,2023-01-08,227.41,250.15,Paid,0.0,False
LP0001124,L000098,2023-02-07,2023-02-07,502.14,552.35,Missed,0.0,False
LP0001125,L000098,2023-03-09,2023-03-24,393.46,196.73,Late,15.0,True
LP0001126,L000098,2023-04-08,2023-04-08,294.13,294.13,Missed,0.0,False
LP0001127,L000098,2023-05-08,2023-05-23,289.85,289.85,Missed,15.0,True
LP0001128,L000098,2023-06-07,2023-06-07,297.75,0.0,Late,0.0,False
LP0001129,L000098,2023-07-07,2023-07-07,283.93,283.93,Missed,0.0,False
LP0001130,L000099,2023-04-30,2023-04-30,786.8,786.8,Paid,0.0,False
LP0001131,L000099,2023-05-30,2023-05-30,811.07,811.07,Paid,0.0,False
LP0001132,L000099,2023-06-29,2023-06-29,587.06,587.06,Partial,0.0,False
LP0001133,L000099,2023-07-29,2023-08-13,515.81,257.9,Late,15.0,True
LP0001134,L000099,2023-08-28,,709.66,780.63,Paid,,True
LP0001135,L000099,2023-09-27,2023-09-30,643.65,643.65,Paid,3.0,False
LP0001136,L000099,2023-10-27,,820.6,902.66,Late,,True
LP0001137,L000099,2023-11-26,2023-11-29,640.14,640.14,Paid,3.0,False
LP0001138,L000099,2023-12-26,2023-12-26,627.48,313.74,Partial,0.0,False
LP0001139,L000099,2024-01-25,2024-01-25,730.66,730.66,Missed,0.0,False
LP0001140,L000099,2024-02-24,2024-03-10,707.44,707.44,Late,15.0,True
LP0001141,L000099,2024-03-25,2024-03-25,679.41,339.7,Late,0.0,False
LP0001142,L000099,2024-04-24,2024-04-27,713.71,713.71,Partial,3.0,False
LP0001143,L000099,2024-05-24,2024-05-27,502.8,502.8,Late,3.0,False
LP0001144,L000099,2024-06-23,2024-06-23,672.55,672.55,Missed,0.0,False
LP0001145,L000099,2024-07-23,2024-07-23,676.34,676.34,Partial,0.0,False
LP0001146,L000099,2024-08-22,2024-08-22,571.41,571.41,Late,0.0,False
LP0001147,L000099,2024-09-21,2024-09-21,679.52,339.76,Late,0.0,False
LP0001148,L000099,2024-10-21,2024-10-21,817.24,817.24,Paid,0.0,False
LP0001149,L000100,2025-04-25,2025-04-28,688.06,344.03,Paid,3.0,False
LP0001150,L000100,2025-05-25,2025-05-25,765.81,382.9,Paid,0.0,False
LP0001151,L000100,2025-06-24,2025-07-29,619.03,619.03,Late,35.0,True
LP0001152,L000100,2025-07-24,2025-07-24,771.7,385.85,Paid,0.0,False
LP0001153,L000100,2025-08-23,2025-08-23,794.13,794.13,Paid,0.0,False
LP0001154,L000100,2025-09-22,2025-09-22,918.17,918.17,Paid,0.0,False
LP0001155,L000100,2025-10-22,2025-10-30,752.45,376.23,Late,8.0,False
LP0001156,L000100,2025-11-21,2025-12-26,632.68,632.68,Partial,35.0,True
LP0001157,L000101,2022-05-24,2022-05-24,483.25,531.58,Paid,0.0,False
LP0001158,L000101,2022-06-23,2022-07-08,394.62,197.31,Paid,15.0,True
LP0001159,L000101,2022-07-23,2022-07-23,408.87,449.76,Paid,0.0,False
LP0001160,L000101,2022-08-22,2022-08-30,163.96,0.0,Partial,8.0,False
LP0001161,L000101,2022-09-21,2022-09-21,272.62,0.0,Missed,0.0,False
LP0001162,L000101,2022-10-21,2022-10-29,255.98,255.98,Paid,8.0,False
LP0001163,L000101,2022-11-20,2022-11-20,212.91,234.2,Partial,0.0,False
LP0001164,L000101,2022-12-20,2022-12-20,441.57,441.57,Paid,0.0,False
LP0001165,L000101,2023-01-19,2023-01-22,398.23,199.12,Missed,3.0,False
LP0001166,L000101,2023-02-18,2023-03-05,467.86,467.86,Paid,15.0,True
LP0001167,L000101,2023-03-20,2023-03-20,385.65,192.82,Late,0.0,False
LP0001168,L000101,2023-04-19,2023-04-19,370.42,370.42,Paid,0.0,False
LP0001169,L000101,2023-05-19,2023-05-27,480.4,0.0,Late,8.0,False
LP0001170,L000101,2023-06-18,2023-07-03,342.77,342.77,Missed,15.0,True
LP0001171,L000101,2023-07-18,,338.81,338.81,Late,,True
LP0001172,L000102,2025-07-17,2025-07-25,583.24,291.62,Paid,8.0,False
LP0001173,L000102,2025-08-16,2025-08-31,477.73,238.87,Paid,15.0,True
LP0001174,L000102,2025-09-15,2025-09-15,534.62,267.31,Paid,0.0,False
LP0001175,L000102,2025-10-15,2025-10-18,423.26,423.26,Paid,3.0,False
LP0001176,L000102,2025-11-14,2025-11-22,388.95,388.95,Paid,8.0,False
LP0001177,L000102,2025-12-14,2025-12-22,266.01,292.61,Paid,8.0,False
LP0001178,L000102,2026-01-13,2026-01-13,448.54,448.54,Partial,0.0,False
LP0001179,L000102,2026-02-12,,577.05,0.0,Paid,,True
LP0001180,L000103,2024-05-22,2024-05-22,5919.34,5919.34,Paid,0.0,False
LP0001181,L000103,2024-06-21,2024-06-21,5739.15,5739.15,Paid,0.0,False
LP0001182,L000103,2024-07-21,2024-07-21,5962.18,5962.18,Partial,0.0,False
LP0001183,L000104,2024-12-30,2024-12-30,741.87,370.94,Paid,0.0,False
LP0001184,L000104,2025-01-29,2025-01-29,663.33,729.66,Late,0.0,False
LP0001185,L000104,2025-02-28,2025-03-08,527.75,527.75,Late,8.0,False
LP0001186,L000104,2025-03-30,2025-03-30,464.02,510.42,Missed,0.0,False
LP0001187,L000104,2025-04-29,2025-05-14,720.08,720.08,Paid,15.0,True
LP0001188,L000104,2025-05-29,2025-06-01,650.52,650.52,Late,3.0,False
LP0001189,L000104,2025-06-28,,791.12,0.0,Paid,,True
LP0001190,L000104,2025-07-28,2025-07-28,733.39,733.39,Paid,0.0,False
LP0001191,L000104,2025-08-27,2025-09-04,471.29,471.29,Late,8.0,False
LP0001192,L000104,2025-09-26,2025-10-04,691.79,345.89,Paid,8.0,False
LP0001193,L000104,2025-10-26,2025-10-29,615.42,307.71,Late,3.0,False
LP0001194,L000104,2025-11-25,2025-11-25,588.92,0.0,Paid,0.0,False
LP0001195,L000104,2025-12-25,2025-12-28,659.94,659.94,Late,3.0,False
LP0001196,L000105,2023-01-05,2023-01-08,11891.26,11891.26,Late,3.0,False
LP0001197,L000105,2023-02-04,2023-02-04,11656.4,11656.4,Partial,0.0,False
LP0001198,L000105,2023-03-06,2023-03-09,11702.0,11702.0,Partial,3.0,False
LP0001199,L000105,2023-04-05,2023-04-05,11806.53,11806.53,Partial,0.0,False
LP0001200,L000105,2023-05-05,,11819.6,11819.6,Missed,,True
LP0001201,L000105,2023-06-04,2023-06-12,11927.02,11927.02,Paid,8.0,False
LP0001202,L000105,2023-07-04,2023-07-12,11800.55,12980.6,Missed,8.0,False
LP0001203,L000105,2023-08-03,2023-08-03,11750.82,11750.82,Paid,0.0,False
LP0001204,L000105,2023-09-02,2023-09-10,11648.4,0.0,Missed,8.0,False
LP0001205,L000105,2023-10-02,,11937.89,11937.89,Late,,True
LP0001206,L000105,2023-11-01,2023-11-09,11782.57,11782.57,Paid,8.0,False
LP0001207,L000105,2023-12-01,,11651.56,11651.56,Missed,,True
LP0001208,L000106,2025-06-28,2025-07-13,278.22,139.11,Missed,15.0,True
LP0001209,L000106,2025-07-28,2025-07-31,358.42,358.42,Paid,3.0,False
LP0001210,L000106,2025-08-27,2025-08-30,264.08,264.08,Paid,3.0,False
LP0001211,L000106,2025-09-26,2025-09-26,404.67,404.67,Paid,0.0,False
LP0001212,L000106,2025-10-26,2025-10-26,302.51,302.51,Late,0.0,False
LP0001213,L000106,2025-11-25,2025-11-25,281.77,309.95,Paid,0.0,False
LP0001214,L000106,2025-12-25,2025-12-25,171.36,188.5,Paid,0.0,False
LP0001215,L000106,2026-01-24,2026-01-24,382.7,0.0,Late,0.0,False
LP0001216,L000106,2026-02-23,,353.24,353.24,Late,,True
LP0001217,L000106,2026-03-25,2026-03-25,170.57,187.63,Partial,0.0,False
LP0001218,L000107,2025-01-20,2025-02-04,449.48,449.48,Late,15.0,True
LP0001219,L000107,2025-02-19,2025-02-27,482.56,530.82,Missed,8.0,False
LP0001220,L000107,2025-03-21,2025-03-29,524.92,577.41,Late,8.0,False
LP0001221,L000107,2025-04-20,2025-04-28,505.4,252.7,Late,8.0,False
LP0001222,L000107,2025-05-20,2025-05-28,402.29,442.52,Paid,8.0,False
LP0001223,L000107,2025-06-19,2025-06-19,521.12,573.23,Late,0.0,False
LP0001224,L000107,2025-07-19,2025-07-19,293.46,322.81,Paid,0.0,False
LP0001225,L000107,2025-08-18,,508.73,254.37,Missed,,True
LP0001226,L000107,2025-09-17,2025-09-17,440.49,440.49,Paid,0.0,False
LP0001227,L000107,2025-10-17,2025-10-25,303.25,151.62,Late,8.0,False
LP0001228,L000107,2025-11-16,,471.76,471.76,Partial,,True
LP0001229,L000107,2025-12-16,2025-12-24,507.83,507.83,Missed,8.0,False
LP0001230,L000107,2026-01-15,2026-01-23,270.83,270.83,Paid,8.0,False
LP0001231,L000107,2026-02-14,2026-02-14,289.28,318.21,Late,0.0,False
LP0001232,L000107,2026-03-16,2026-04-20,355.54,177.77,Missed,35.0,True
LP0001233,L000107,2026-04-15,2026-04-15,362.68,362.68,Partial,0.0,False
LP0001234,L000107,2026-05-15,2026-05-23,442.65,486.92,Late,8.0,False
LP0001235,L000108,2025-05-01,2025-05-04,1257.96,1257.96,Partial,3.0,False
LP0001236,L000108,2025-05-31,,1007.43,1007.43,Missed,,True
LP0001237,L000108,2025-06-30,2025-08-04,1055.91,527.96,Paid,35.0,True
LP0001238,L000108,2025-07-30,2025-08-14,1144.02,1144.02,Missed,15.0,True
LP0001239,L000108,2025-08-29,2025-08-29,998.55,998.55,Late,0.0,False
LP0001240,L000108,2025-09-28,2025-10-01,1204.34,1204.34,Missed,3.0,False
LP0001241,L000108,2025-10-28,2025-12-02,1035.16,1035.16,Paid,35.0,True
LP0001242,L000108,2025-11-27,2026-01-01,935.38,935.38,Paid,35.0,True
LP0001243,L000108,2025-12-27,2025-12-27,1001.73,1001.73,Missed,0.0,False
LP0001244,L000109,2025-08-24,2025-08-24,884.81,442.4,Paid,0.0,False
LP0001245,L000109,2025-09-23,2025-10-08,903.14,903.14,Missed,15.0,True
LP0001246,L000109,2025-10-23,2025-10-26,1095.9,1095.9,Paid,3.0,False
LP0001247,L000109,2025-11-22,2025-11-25,903.24,903.24,Partial,3.0,False
LP0001248,L000109,2025-12-22,2025-12-25,969.66,484.83,Late,3.0,False
LP0001249,L000109,2026-01-21,2026-02-25,1090.97,1090.97,Paid,35.0,True
LP0001250,L000109,2026-02-20,2026-03-27,928.75,928.75,Paid,35.0,True
LP0001251,L000109,2026-03-22,2026-03-22,1065.3,532.65,Partial,0.0,False
LP0001252,L000109,2026-04-21,,818.44,818.44,Partial,,True
LP0001253,L000110,2023-03-16,2023-03-16,417.2,458.92,Late,0.0,False
LP0001254,L000110,2023-04-15,2023-04-15,634.44,634.44,Paid,0.0,False
LP0001255,L000110,2023-05-15,2023-05-23,451.32,225.66,Paid,8.0,False
LP0001256,L000110,2023-06-14,2023-06-17,431.63,215.81,Partial,3.0,False
LP0001257,L000110,2023-07-14,2023-07-14,411.89,453.08,Late,0.0,False
LP0001258,L000110,2023-08-13,2023-08-13,552.27,0.0,Paid,0.0,False
LP0001259,L000110,2023-09-12,2023-09-12,463.99,463.99,Paid,0.0,False
LP0001260,L000110,2023-10-12,2023-10-20,610.48,610.48,Paid,8.0,False
LP0001261,L000110,2023-11-11,2023-11-26,588.25,588.25,Missed,15.0,True
LP0001262,L000110,2023-12-11,2024-01-15,303.24,303.24,Partial,35.0,True
LP0001263,L000110,2024-01-10,,390.6,390.6,Paid,,True
LP0001264,L000110,2024-02-09,2024-02-17,602.8,301.4,Partial,8.0,False
LP0001265,L000110,2024-03-10,2024-03-18,614.82,307.41,Paid,8.0,False
LP0001266,L000111,2023-02-07,2023-03-14,501.88,250.94,Partial,35.0,True
LP0001267,L000111,2023-03-09,2023-03-24,355.28,390.81,Partial,15.0,True
LP0001268,L000111,2023-04-08,2023-05-13,337.14,370.85,Paid,35.0,True
LP0001269,L000111,2023-05-08,2023-06-12,414.74,456.21,Paid,35.0,True
LP0001270,L000111,2023-06-07,2023-06-22,296.92,296.92,Missed,15.0,True
LP0001271,L000111,2023-07-07,,503.95,503.95,Late,,True
LP0001272,L000111,2023-08-06,2023-08-06,318.96,159.48,Missed,0.0,False
LP0001273,L000111,2023-09-05,2023-09-05,407.86,448.65,Paid,0.0,False
LP0001274,L000111,2023-10-05,2023-10-05,339.39,339.39,Late,0.0,False
LP0001275,L000112,2022-10-23,2022-10-26,679.32,747.25,Late,3.0,False
LP0001276,L000112,2022-11-22,2022-11-22,542.25,542.25,Paid,0.0,False
LP0001277,L000112,2022-12-22,2022-12-22,646.88,711.57,Paid,0.0,False
LP0001278,L000112,2023-01-21,2023-01-21,700.31,700.31,Missed,0.0,False
LP0001279,L000112,2023-02-20,2023-02-20,534.67,534.67,Paid,0.0,False
LP0001280,L000112,2023-03-22,2023-04-06,749.94,749.94,Late,15.0,True
LP0001281,L000112,2023-04-21,2023-04-24,678.22,746.04,Paid,3.0,False
LP0001282,L000112,2023-05-21,2023-05-21,629.36,629.36,Paid,0.0,False
LP0001283,L000112,2023-06-20,2023-06-20,745.74,745.74,Paid,0.0,False
LP0001284,L000112,2023-07-20,2023-08-24,751.12,751.12,Paid,35.0,True
LP0001285,L000112,2023-08-19,2023-09-23,687.51,687.51,Missed,35.0,True
LP0001286,L000112,2023-09-18,2023-09-18,657.86,657.86,Partial,0.0,False
LP0001287,L000112,2023-10-18,2023-11-22,504.2,504.2,Paid,35.0,True
LP0001288,L000112,2023-11-17,2023-11-20,709.03,709.03,Missed,3.0,False
LP0001289,L000112,2023-12-17,2023-12-17,738.45,369.23,Paid,0.0,False
LP0001290,L000112,2024-01-16,2024-01-16,499.73,499.73,Paid,0.0,False
LP0001291,L000112,2024-02-15,2024-03-21,633.04,696.34,Missed,35.0,True
LP0001292,L000113,2022-04-07,2022-04-15,259.55,285.51,Paid,8.0,False
LP0001293,L000113,2022-05-07,2022-05-07,302.57,302.57,Missed,0.0,False
LP0001294,L000113,2022-06-06,2022-06-09,240.77,240.77,Paid,3.0,False
LP0001295,L000113,2022-07-06,2022-07-06,152.29,152.29,Missed,0.0,False
LP0001296,L000114,2022-05-20,2022-05-20,5197.69,5197.69,Late,0.0,False
LP0001297,L000114,2022-06-19,2022-07-04,5339.06,5339.06,Partial,15.0,True
LP0001298,L000114,2022-07-19,2022-08-03,5258.2,5258.2,Paid,15.0,True
LP0001299,L000115,2024-04-30,2024-05-03,6267.87,6894.66,Paid,3.0,False
LP0001300,L000115,2024-05-30,2024-05-30,6160.09,6160.09,Paid,0.0,False
LP0001301,L000115,2024-06-29,2024-06-29,6294.07,6294.07,Paid,0.0,False
LP0001302,L000115,2024-07-29,2024-08-13,6382.53,6382.53,Paid,15.0,True
LP0001303,L000115,2024-08-28,2024-08-31,6054.23,6054.23,Paid,3.0,False
LP0001304,L000115,2024-09-27,,6228.49,6228.49,Paid,,True
LP0001305,L000115,2024-10-27,2024-11-04,6255.02,3127.51,Paid,8.0,False
LP0001306,L000115,2024-11-26,2024-11-26,6156.08,3078.04,Late,0.0,False
LP0001307,L000115,2024-12-26,2024-12-26,6097.58,6097.58,Late,0.0,False
LP0001308,L000115,2025-01-25,2025-01-25,6301.97,6301.97,Paid,0.0,False
LP0001309,L000115,2025-02-24,2025-03-31,6088.11,6088.11,Late,35.0,True
LP0001310,L000115,2025-03-26,2025-03-26,6263.39,6889.73,Paid,0.0,False
LP0001311,L000115,2025-04-25,2025-05-10,6264.39,6890.83,Late,15.0,True
LP0001312,L000115,2025-05-25,2025-06-29,6136.46,6136.46,Paid,35.0,True
LP0001313,L000115,2025-06-24,2025-06-27,6372.43,7009.67,Missed,3.0,False
LP0001314,L000115,2025-07-24,2025-08-01,6201.35,6201.35,Missed,8.0,False
LP0001315,L000115,2025-08-23,2025-08-23,6105.52,6105.52,Missed,0.0,False
LP0001316,L000115,2025-09-22,2025-10-07,6127.67,6127.67,Paid,15.0,True
LP0001317,L000115,2025-10-22,,6189.19,6189.19,Partial,,True
LP0001318,L000115,2025-11-21,2025-11-21,6212.42,6833.66,Late,0.0,False
LP0001319,L000116,2023-06-02,2023-06-02,447.28,223.64,Partial,0.0,False
LP0001320,L000116,2023-07-02,2023-08-06,432.26,216.13,Paid,35.0,True
LP0001321,L000116,2023-08-01,,428.17,214.09,Partial,,True
LP0001322,L000116,2023-08-31,2023-09-08,462.23,462.23,Partial,8.0,False
LP0001323,L000116,2023-09-30,2023-09-30,447.33,447.33,Missed,0.0,False
LP0001324,L000116,2023-10-30,2023-10-30,448.93,448.93,Paid,0.0,False
LP0001325,L000116,2023-11-29,2023-12-07,406.28,203.14,Paid,8.0,False
LP0001326,L000116,2023-12-29,,400.11,440.12,Missed,,True
LP0001327,L000116,2024-01-28,2024-01-28,637.0,637.0,Partial,0.0,False
LP0001328,L000116,2024-02-27,2024-02-27,364.75,182.38,Partial,0.0,False
LP0001329,L000116,2024-03-28,2024-04-05,603.56,603.56,Paid,8.0,False
LP0001330,L000116,2024-04-27,2024-04-27,610.15,610.15,Paid,0.0,False
LP0001331,L000116,2024-05-27,2024-05-27,515.13,566.64,Late,0.0,False
LP0001332,L000116,2024-06-26,2024-07-11,379.84,379.84,Late,15.0,True
LP0001333,L000116,2024-07-26,2024-08-30,391.16,195.58,Missed,35.0,True
LP0001334,L000116,2024-08-25,2024-08-28,329.05,329.05,Paid,3.0,False
LP0001335,L000116,2024-09-24,2024-09-24,488.74,488.74,Paid,0.0,False
LP0001336,L000116,2024-10-24,2024-10-24,503.65,503.65,Paid,0.0,False
LP0001337,L000116,2024-11-23,2024-11-23,366.61,366.61,Missed,0.0,False
LP0001338,L000117,2024-12-16,2025-01-20,388.91,194.46,Partial,35.0,True
LP0001339,L000117,2025-01-15,2025-01-15,183.03,183.03,Late,0.0,False
LP0001340,L000117,2025-02-14,2025-03-01,436.75,436.75,Paid,15.0,True
LP0001341,L000117,2025-03-16,2025-03-16,343.98,343.98,Missed,0.0,False
LP0001342,L000118,2022-09-07,2022-09-07,2452.77,2698.05,Paid,0.0,False
LP0001343,L000118,2022-10-07,2022-10-10,2346.12,2580.73,Paid,3.0,False
LP0001344,L000118,2022-11-06,,2320.9,2320.9,Missed,,True
LP0001345,L000118,2022-12-06,2022-12-06,2289.14,2518.05,Paid,0.0,False
LP0001346,L000118,2023-01-05,2023-01-20,2147.0,2147.0,Paid,15.0,True
LP0001347,L000118,2023-02-04,2023-02-04,2205.69,2426.26,Paid,0.0,False
LP0001348,L000118,2023-03-06,2023-03-21,2329.52,0.0,Partial,15.0,True
LP0001349,L000118,2023-04-05,2023-04-20,2455.15,2455.15,Paid,15.0,True
LP0001350,L000118,2023-05-05,2023-05-05,2339.88,2573.87,Paid,0.0,False
LP0001351,L000118,2023-06-04,2023-06-04,2401.72,2401.72,Late,0.0,False
LP0001352,L000118,2023-07-04,2023-07-04,2332.66,2332.66,Paid,0.0,False
LP0001353,L000118,2023-08-03,2023-09-07,2338.42,2572.26,Late,35.0,True
LP0001354,L000118,2023-09-02,2023-09-02,2386.97,2386.97,Paid,0.0,False
LP0001355,L000118,2023-10-02,2023-10-17,2273.62,2273.62,Partial,15.0,True
LP0001356,L000119,2024-08-25,2024-09-02,2281.25,2281.25,Paid,8.0,False
LP0001357,L000119,2024-09-24,2024-09-24,2235.27,2235.27,Missed,0.0,False
LP0001358,L000119,2024-10-24,2024-10-27,2479.73,2727.7,Paid,3.0,False
LP0001359,L000120,2024-10-14,,507.61,558.37,Partial,,True
LP0001360,L000120,2024-11-13,2024-11-13,391.6,391.6,Partial,0.0,False
LP0001361,L000120,2024-12-13,2024-12-16,673.07,673.07,Paid,3.0,False
LP0001362,L000120,2025-01-12,2025-01-12,644.72,644.72,Paid,0.0,False
