adjustment_id,store_id,product_id,adjustment_ts,adjustment_qty,adjustment_reason,approved_by
ADJ00000001,STR0005,SKU0000349,2026-04-21 14:24:34,5,Damage,mgr_1
ADJ00000002,STR0022,SKU0000418,2026-04-07 08:17:38,2,Found Inventory,mgr_2
ADJ00000003,STR0021,SKU0000321,2026-05-21 04:22:28,20,Cycle Count,mgr_2
ADJ00000004,STR0010,SKU0000071,2026-05-11 12:07:42,-20,Found Inventory,mgr_2
ADJ00000005,STR0013,SKU0000310,2026-05-01 07:49:10,-20,Cycle Count,mgr_1
ADJ00000006,STR0003,SKU0000315,2026-04-15 11:22:24,2,Damage,mgr_2
ADJ00000007,STR0001,SKU0000472,2026-05-20 03:41:56,2,Found Inventory,inventory_lead
ADJ00000008,STR0015,SKU0000186,2026-04-07 18:47:29,1,Damage,
ADJ00000009,STR0006,SKU0000214,2026-05-08 17:47:03,5,Found Inventory,mgr_2
ADJ00000010,STR0020,SKU0000132,2026-04-19 06:19:32,-10,Found Inventory,mgr_1
ADJ00000011,STR0025,SKU0000500,2026-05-07 22:31:06,10,Cycle Count,
ADJ00000012,STR0015,SKU0000498,2026-05-30 07:26:50,-2,System Correction,controller
ADJ00000013,STR0008,SKU0000168,2026-04-26 05:07:11,bad,Shrink,mgr_1
ADJ00000014,STR0011,SKU0000321,2026-05-07 04:22:15,-2,Found Inventory,inventory_lead
ADJ00000015,STR0016,SKU0000349,2026-04-30 22:02:50,5,Shrink,mgr_1
ADJ00000016,STR0001,SKU0000252,2026-05-05 21:07:28,-2,Found Inventory,
ADJ00000017,STR0002,SKU0000172,2026-05-04 02:00:19,1,Found Inventory,
ADJ00000018,STR0016,SKU0000217,2026-05-04 15:31:16,10,Cycle Count,controller
ADJ00000019,STR0001,SKU0000472,2026-04-12 01:20:15,-5,System Correction,mgr_2
ADJ00000020,STR0011,SKU0000136,2026-04-08 10:25:35,bad,Damage,mgr_2
ADJ00000021,STR0007,SKU0000225,2026-05-17 17:17:17,-5,Found Inventory,controller
ADJ00000022,STR0024,SKU0000278,2026-05-25 18:01:12,10,System Correction,inventory_lead
ADJ00000023,STR0015,SKU0000195,2026-05-31 15:43:24,bad,Found Inventory,inventory_lead
ADJ00000024,STR0016,SKU0000494,2026-04-08 15:42:58,-10,Shrink,mgr_2
ADJ00000025,STR0004,SKU0000401,2026-04-27 07:51:52,-2,Shrink,inventory_lead
ADJ00000026,STR0017,SKU0000183,2026-05-27 22:47:02,-20,Damage,mgr_2
ADJ00000027,STR0019,SKU0000351,2026-05-09 19:43:44,20,Cycle Count,inventory_lead
ADJ00000028,STR0012,SKU0000498,2026-04-06 17:51:11,2,Cycle Count,
ADJ00000029,STR0001,SKU0000171,2026-04-11 21:26:12,5,Cycle Count,mgr_1
ADJ00000030,STR0023,SKU0000128,2026-04-02 18:22:35,bad,System Correction,
ADJ00000031,STR0010,SKU0000070,2026-05-18 11:54:14,20,System Correction,inventory_lead
ADJ00000032,STR0011,SKU0000073,2026-04-20 04:50:17,5,System Correction,
ADJ00000033,STR0023,SKU0000505,2026-04-09 10:41:36,-5,Found Inventory,mgr_2
ADJ00000034,STR0001,SKU0000309,2026-05-22 09:58:27,20,Cycle Count,inventory_lead
ADJ00000035,STR0005,SKU0000449,2026-05-03 02:08:03,-2,Found Inventory,
ADJ00000036,STR0015,SKU0000234,2026-04-12 04:27:58,5,Found Inventory,
ADJ00000037,STR0023,SKU0000541,2026-05-15 21:36:02,20,Shrink,
ADJ00000038,STR0019,SKU0000413,2026-04-16 02:01:51,-2,Found Inventory,inventory_lead
ADJ00000039,STR0021,SKU0000509,2026-05-16 23:50:11,bad,Found Inventory,inventory_lead
ADJ00000040,STR0023,SKU0000030,2026-04-27 18:37:18,-5,Damage,mgr_1
ADJ00000041,STR0015,SKU0000554,2026-05-09 13:03:53,-20,Found Inventory,controller
ADJ00000042,STR0005,SKU0000527,2026-04-18 20:34:48,10,Cycle Count,mgr_1
ADJ00000043,STR0004,SKU0000110,2026-05-15 09:55:01,-20,Shrink,inventory_lead
ADJ00000044,STR0017,SKU0000448,2026-05-02 00:50:30,2,Shrink,controller
ADJ00000045,STR0010,SKU0000054,2026-04-13 12:06:44,20,Cycle Count,mgr_2
ADJ00000046,STR0012,SKU0000224,2026-05-21 15:36:55,-5,Found Inventory,mgr_1
ADJ00000047,STR0023,SKU0000576,2026-04-09 13:31:37,-10,Damage,
ADJ00000048,STR0006,SKU0000228,2026-04-25 15:54:25,5,System Correction,
ADJ00000049,STR0007,SKU0000177,2026-04-08 17:23:16,2,System Correction,mgr_2
ADJ00000050,STR0002,SKU0000329,2026-04-10 04:29:36,20,Cycle Count,mgr_1
ADJ00000051,STR0010,SKU0000108,2026-05-03 01:58:35,-5,System Correction,mgr_2
ADJ00000052,STR0016,SKU0000382,2026-05-04 13:40:02,-2,Shrink,controller
ADJ00000053,STR0021,SKU0000353,2026-04-04 09:58:57,bad,Cycle Count,inventory_lead
ADJ00000054,STR0024,SKU0000031,2026-04-28 00:07:52,-5,Found Inventory,controller
ADJ00000055,STR0017,SKU0000336,2026-05-10 15:22:15,-20,Damage,inventory_lead
ADJ00000056,STR0023,SKU0000524,2026-04-03 21:16:46,-5,System Correction,inventory_lead
ADJ00000057,STR0011,SKU0000108,2026-04-24 13:09:01,bad,Damage,mgr_1
ADJ00000058,STR0015,SKU0000041,2026-04-03 20:41:51,10,Shrink,inventory_lead
ADJ00000059,STR0019,SKU0000324,2026-05-19 19:37:44,20,Found Inventory,controller
ADJ00000060,STR0022,SKU0000236,2026-04-28 19:31:08,bad,Found Inventory,mgr_1
ADJ00000061,STR0007,SKU0000075,2026-04-01 21:17:29,10,Shrink,controller
ADJ00000062,STR0010,SKU0000092,2026-04-02 17:51:01,10,System Correction,inventory_lead
ADJ00000063,STR0010,SKU0000224,2026-05-02 07:03:13,20,Found Inventory,controller
ADJ00000064,STR0016,SKU0000569,2026-05-15 15:54:52,1,System Correction,mgr_1
ADJ00000065,STR0016,SKU0000479,2026-05-27 14:29:03,-2,System Correction,mgr_1
ADJ00000066,STR0010,SKU0000266,2026-05-07 19:34:51,-5,Cycle Count,mgr_1
ADJ00000067,STR0008,SKU0000003,2026-05-17 00:13:27,bad,Damage,mgr_1
ADJ00000068,STR0010,SKU0000444,2026-04-30 21:35:28,20,Cycle Count,controller
ADJ00000069,STR0019,SKU0000238,2026-04-22 13:02:34,-5,Damage,
ADJ00000070,STR0020,SKU0000217,2026-05-30 21:48:24,5,System Correction,
ADJ00000071,STR0022,SKU0000559,2026-04-25 12:33:52,-2,Damage,mgr_2
ADJ00000072,STR0005,SKU0000577,2026-05-19 20:35:38,1,Shrink,
ADJ00000073,STR0023,SKU0000424,2026-04-18 12:39:36,-5,Shrink,mgr_1
ADJ00000074,STR0008,SKU0000144,2026-05-01 21:04:48,-10,Damage,mgr_2
ADJ00000075,STR0012,SKU0000116,2026-05-15 20:49:31,20,Damage,mgr_1
ADJ00000076,STR0007,SKU0000149,2026-04-26 10:46:23,-10,Damage,mgr_1
ADJ00000077,STR0023,SKU0000182,2026-04-12 02:05:42,-10,System Correction,
ADJ00000078,STR0001,SKU0000272,2026-05-03 07:12:42,10,Shrink,mgr_1
ADJ00000079,STR0007,SKU0000472,2026-05-07 07:16:58,2,System Correction,mgr_1
ADJ00000080,STR0021,SKU0000436,2026-04-02 02:43:27,10,System Correction,mgr_2
ADJ00000081,STR0003,SKU0000521,2026-05-25 12:19:30,20,System Correction,
ADJ00000082,STR0010,SKU0000375,2026-05-02 11:54:08,-5,Damage,mgr_1
ADJ00000083,STR0017,SKU0000440,2026-04-19 02:44:27,10,System Correction,
ADJ00000084,STR0016,SKU0000232,2026-04-10 01:05:40,2,System Correction,
ADJ00000085,STR0021,SKU0000043,2026-05-08 14:58:08,5,Damage,mgr_2
ADJ00000086,STR0021,SKU0000093,2026-05-08 04:38:54,10,Found Inventory,
ADJ00000087,STR0018,SKU0000458,2026-05-29 11:22:48,-5,Found Inventory,inventory_lead
ADJ00000088,STR0011,SKU0000426,2026-04-14 04:06:50,-5,Damage,inventory_lead
ADJ00000089,STR0024,SKU0000029,2026-05-10 20:41:21,-2,Found Inventory,mgr_2
ADJ00000090,STR0015,SKU0000421,2026-04-15 09:10:59,10,Found Inventory,mgr_1
ADJ00000091,STR0010,SKU0000282,2026-04-19 21:57:45,-10,Cycle Count,
ADJ00000092,STR0024,SKU0000194,2026-05-17 02:09:37,2,Found Inventory,mgr_2
ADJ00000093,STR0007,SKU0000439,2026-05-10 03:38:32,-20,System Correction,inventory_lead
ADJ00000094,STR0024,SKU0000096,2026-05-14 16:13:48,-2,Shrink,mgr_1
ADJ00000095,STR0016,SKU0000156,2026-04-19 08:22:33,-5,Damage,mgr_2
ADJ00000096,STR0021,SKU0000511,2026-05-26 21:55:15,-2,Shrink,
ADJ00000097,STR0017,SKU0000358,2026-05-17 05:24:02,5,Shrink,mgr_1
ADJ00000098,STR0018,SKU0000143,2026-05-29 01:07:37,-2,Found Inventory,mgr_2
ADJ00000099,STR0018,SKU0000453,2026-04-05 05:00:50,5,System Correction,mgr_2
ADJ00000100,STR0016,SKU0000308,2026-05-18 14:13:54,-20,System Correction,mgr_2
ADJ00000101,STR0016,SKU0000447,2026-05-26 18:22:50,bad,Shrink,controller
ADJ00000102,STR0017,SKU0000442,2026-05-06 17:59:55,5,Cycle Count,mgr_2
ADJ00000103,STR0010,SKU0000333,2026-05-12 14:00:08,-20,System Correction,controller
ADJ00000104,STR0002,SKU0000025,2026-04-04 19:20:44,1,Cycle Count,
ADJ00000105,STR0014,SKU0000397,2026-05-21 01:31:07,5,Damage,inventory_lead
ADJ00000106,STR0011,SKU0000100,2026-04-23 06:20:20,20,Cycle Count,inventory_lead
ADJ00000107,STR0004,SKU0000310,2026-04-21 21:47:36,-2,Found Inventory,mgr_2
ADJ00000108,STR0016,SKU0000165,2026-04-13 04:01:50,20,Cycle Count,mgr_2
ADJ00000109,STR0013,SKU0000389,2026-04-01 00:55:08,-5,Found Inventory,controller
ADJ00000110,STR0021,SKU0000299,2026-05-11 17:14:24,bad,System Correction,mgr_2
ADJ00000111,STR0002,SKU0000262,2026-05-02 20:15:36,1,System Correction,inventory_lead
ADJ00000112,STR0022,SKU0000525,2026-05-11 22:17:47,1,Damage,mgr_1
ADJ00000113,STR0010,SKU0000103,2026-05-25 06:36:39,10,Shrink,inventory_lead
ADJ00000114,STR0023,SKU0000145,2026-04-05 01:40:56,-5,Found Inventory,mgr_2
ADJ00000115,STR0003,SKU0000547,2026-04-27 03:02:50,2,System Correction,mgr_1
ADJ00000116,STR0014,SKU0000359,2026-05-26 22:47:02,bad,Found Inventory,mgr_1
ADJ00000117,STR0010,SKU0000197,2026-04-29 07:32:24,20,Damage,mgr_1
ADJ00000118,STR0014,SKU0000528,2026-04-14 20:24:04,10,Found Inventory,inventory_lead
ADJ00000119,STR0007,SKU0000191,2026-04-23 14:01:27,-5,Damage,controller
ADJ00000120,STR0003,SKU0000401,2026-05-31 03:28:29,-10,Damage,controller
ADJ00000121,STR0015,SKU0000317,2026-04-02 06:00:34,-2,Damage,mgr_1
ADJ00000122,STR0004,SKU0000470,2026-04-10 21:13:12,-2,Cycle Count,controller
ADJ00000123,STR0020,SKU0000250,2026-05-01 12:30:49,bad,Found Inventory,inventory_lead
ADJ00000124,STR0014,SKU0000076,2026-05-10 20:00:29,-10,Cycle Count,mgr_2
ADJ00000125,STR0010,SKU0000418,2026-04-24 03:32:03,bad,System Correction,
ADJ00000126,STR0014,SKU0000051,2026-05-09 16:40:49,10,System Correction,inventory_lead
ADJ00000127,STR0022,SKU0000150,2026-05-08 02:10:49,1,Cycle Count,mgr_2
ADJ00000128,STR0014,SKU0000106,2026-04-15 23:10:07,2,System Correction,inventory_lead
ADJ00000129,STR0017,SKU0000349,2026-05-04 16:55:53,bad,Shrink,inventory_lead
ADJ00000130,STR0007,SKU0000523,2026-04-09 00:34:04,-5,Cycle Count,mgr_2
ADJ00000131,STR0014,SKU0000399,2026-05-26 07:53:31,bad,System Correction,mgr_1
ADJ00000132,STR0010,SKU0000323,2026-04-07 02:41:36,-5,Cycle Count,inventory_lead
ADJ00000133,STR0023,SKU0000565,2026-04-26 20:44:53,1,System Correction,mgr_1
ADJ00000134,STR0022,SKU0000365,2026-05-28 15:16:45,20,System Correction,controller
ADJ00000135,STR0018,SKU0000530,2026-05-28 05:00:44,5,Damage,
ADJ00000136,STR0014,SKU0000333,2026-05-31 08:36:20,-2,System Correction,inventory_lead
ADJ00000137,STR0012,SKU0000277,2026-04-19 23:21:38,-5,Found Inventory,mgr_1
ADJ00000138,STR0017,SKU0000067,2026-05-26 22:40:29,-20,Shrink,mgr_2
ADJ00000139,STR0017,SKU0000483,2026-04-02 05:26:28,20,System Correction,
ADJ00000140,STR0016,SKU0000081,2026-05-14 23:46:41,5,System Correction,
ADJ00000141,STR0002,SKU0000271,2026-05-26 16:40:48,20,Cycle Count,mgr_2
ADJ00000142,STR0006,SKU0000424,2026-05-03 21:15:13,5,Cycle Count,controller
ADJ00000143,STR0001,SKU0000125,2026-05-06 08:42:17,20,Cycle Count,controller
ADJ00000144,STR0019,SKU0000439,2026-04-19 08:34:26,5,Found Inventory,controller
ADJ00000145,STR0013,SKU0000022,2026-04-29 13:47:37,2,Cycle Count,mgr_1
ADJ00000146,STR0018,SKU0000283,2026-04-15 03:50:47,-5,Found Inventory,inventory_lead
ADJ00000147,STR0023,SKU0000056,2026-05-18 21:38:31,-20,System Correction,mgr_1
ADJ00000148,STR0010,SKU0000161,2026-04-06 21:26:01,10,Cycle Count,mgr_1
ADJ00000149,STR0014,SKU0000304,2026-04-07 21:03:55,-20,System Correction,
ADJ00000150,STR0001,SKU0000052,2026-05-31 12:20:41,-20,Found Inventory,controller
ADJ00000151,STR0010,SKU0000022,2026-04-17 21:23:51,2,Cycle Count,mgr_1
ADJ00000152,STR0005,SKU0000142,2026-04-07 00:11:09,2,Found Inventory,
ADJ00000153,STR0024,SKU0000112,2026-05-22 19:12:26,-20,Damage,mgr_2
ADJ00000154,STR0021,SKU0000256,2026-04-12 19:51:24,bad,Damage,controller
ADJ00000155,STR0008,SKU0000136,2026-05-16 11:59:18,10,System Correction,inventory_lead
ADJ00000156,STR0015,SKU0000203,2026-05-20 12:03:42,1,Cycle Count,mgr_1
ADJ00000157,STR0005,SKU0000506,2026-05-29 14:58:00,-20,Shrink,controller
ADJ00000158,STR0022,SKU0000112,2026-04-27 09:21:18,-20,Cycle Count,
ADJ00000159,STR0003,SKU0000558,2026-05-31 22:29:03,5,Found Inventory,mgr_2
ADJ00000160,STR0023,SKU0000493,2026-05-09 14:56:22,-2,Cycle Count,
ADJ00000161,STR0005,SKU0000405,2026-04-20 14:13:53,20,Cycle Count,mgr_1
ADJ00000162,STR0017,SKU0000192,2026-05-04 05:48:10,bad,Damage,
ADJ00000163,STR0001,SKU0000093,2026-05-13 12:29:34,2,Shrink,mgr_1
ADJ00000164,STR0007,SKU0000461,2026-04-07 06:56:24,-2,Cycle Count,mgr_2
ADJ00000165,STR0012,SKU0000407,2026-04-13 14:49:37,1,System Correction,mgr_1
ADJ00000166,STR0008,SKU0000127,2026-04-15 03:58:02,-20,Cycle Count,mgr_1
ADJ00000167,STR0012,SKU0000211,2026-04-04 13:02:28,5,Found Inventory,
ADJ00000168,STR0004,SKU0000558,2026-05-10 17:36:42,-20,Shrink,mgr_1
ADJ00000169,STR0018,SKU0000051,2026-04-29 14:48:07,1,Found Inventory,mgr_1
ADJ00000170,STR0016,SKU0000146,2026-04-14 09:36:12,10,Damage,mgr_2
ADJ00000171,STR0003,SKU0000107,2026-05-24 18:15:51,-10,Found Inventory,mgr_1
ADJ00000172,STR0015,SKU0000542,2026-04-23 05:42:34,-5,Shrink,
ADJ00000173,STR0012,SKU0000359,2026-05-04 07:04:56,5,Cycle Count,mgr_2
ADJ00000174,STR0003,SKU0000049,2026-05-28 12:34:16,20,Shrink,mgr_1
ADJ00000175,STR0009,SKU0000428,2026-05-25 22:36:56,1,Damage,mgr_1
ADJ00000176,STR0021,SKU0000315,2026-05-20 20:12:03,10,Cycle Count,mgr_2
ADJ00000177,STR0009,SKU0000296,2026-04-29 00:19:23,-10,Cycle Count,inventory_lead
ADJ00000178,STR0011,SKU0000034,2026-05-14 12:17:04,1,System Correction,controller
ADJ00000179,STR0007,SKU0000311,2026-05-04 04:07:22,-20,Shrink,mgr_1
ADJ00000180,STR0009,SKU0000536,2026-04-28 12:23:35,10,Damage,controller
ADJ00000181,STR0014,SKU0000200,2026-04-13 20:47:37,2,Found Inventory,mgr_2
ADJ00000182,STR0007,SKU0000386,2026-05-07 13:59:26,bad,System Correction,mgr_2
ADJ00000183,STR0009,SKU0000317,2026-04-10 08:30:14,bad,Shrink,mgr_2
ADJ00000184,STR0021,SKU0000572,2026-04-08 03:53:08,5,Cycle Count,mgr_1
ADJ00000185,STR0025,SKU0000375,2026-04-21 03:18:42,10,Cycle Count,mgr_1
ADJ00000186,STR0025,SKU0000269,2026-05-04 15:07:08,bad,Found Inventory,inventory_lead
ADJ00000187,STR0018,SKU0000059,2026-05-18 01:47:02,-2,Cycle Count,inventory_lead
ADJ00000188,STR0014,SKU0000573,2026-05-03 22:19:21,5,Shrink,mgr_1
ADJ00000189,STR0005,SKU0000290,2026-04-06 00:25:05,-2,Shrink,
ADJ00000190,STR0021,SKU0000493,2026-04-13 04:57:04,5,Found Inventory,mgr_2
ADJ00000191,STR0002,SKU0000076,2026-05-08 03:17:15,5,System Correction,mgr_1
ADJ00000192,STR0023,SKU0000489,2026-04-25 03:07:28,1,Cycle Count,mgr_2
ADJ00000193,STR0017,SKU0000222,2026-05-24 10:49:10,1,Shrink,mgr_2
ADJ00000194,STR0008,SKU0000112,2026-04-24 13:34:31,2,System Correction,
ADJ00000195,STR0006,SKU0000049,2026-04-25 18:46:20,-10,Found Inventory,mgr_1
ADJ00000196,STR0023,SKU0000403,2026-04-12 16:26:06,10,Damage,controller
ADJ00000197,STR0016,SKU0000126,2026-05-09 08:38:05,2,Found Inventory,controller
ADJ00000198,STR0008,SKU0000297,2026-05-14 17:27:44,1,Damage,mgr_2
ADJ00000199,STR0015,SKU0000472,2026-05-08 21:20:48,2,Cycle Count,mgr_2
ADJ00000200,STR0003,SKU0000184,2026-05-25 00:19:13,10,Found Inventory,inventory_lead
ADJ00000201,STR0024,SKU0000419,2026-05-03 01:44:48,-2,Found Inventory,mgr_1
ADJ00000202,STR0004,SKU0000462,2026-04-06 04:28:22,20,Cycle Count,mgr_2
ADJ00000203,STR0008,SKU0000362,2026-05-21 18:05:30,20,Shrink,controller
ADJ00000204,STR0013,SKU0000130,2026-05-29 12:06:03,5,Damage,controller
ADJ00000205,STR0006,SKU0000574,2026-05-14 08:35:51,-20,System Correction,
ADJ00000206,STR0008,SKU0000207,2026-04-05 23:25:35,-10,Shrink,inventory_lead
ADJ00000207,STR0014,SKU0000078,2026-05-27 11:02:52,1,Shrink,
ADJ00000208,STR0015,SKU0000359,2026-05-20 10:48:21,1,Found Inventory,mgr_2
ADJ00000209,STR0025,SKU0000350,2026-04-02 23:36:29,-2,Found Inventory,inventory_lead
ADJ00000210,STR0015,SKU0000114,2026-04-20 08:38:42,5,Cycle Count,mgr_2
ADJ00000211,STR0019,SKU0000193,2026-04-19 18:45:02,2,Damage,mgr_1
ADJ00000212,STR0010,SKU0000035,2026-05-09 18:29:12,10,Cycle Count,
ADJ00000213,STR0006,SKU0000201,2026-04-16 04:54:25,10,Shrink,mgr_1
ADJ00000214,STR0010,SKU0000071,2026-05-27 08:06:41,-5,Found Inventory,controller
ADJ00000215,STR0002,SKU0000562,2026-04-22 09:23:11,1,Shrink,mgr_2
ADJ00000216,STR0003,SKU0000224,2026-04-24 07:35:51,1,Damage,mgr_2
ADJ00000217,STR0024,SKU0000059,2026-04-20 04:19:08,1,Damage,
ADJ00000218,STR0020,SKU0000160,2026-04-06 19:43:02,20,System Correction,controller
ADJ00000219,STR0003,SKU0000418,2026-04-05 23:22:48,-10,Damage,inventory_lead
ADJ00000220,STR0013,SKU0000273,2026-04-11 04:28:06,5,Cycle Count,mgr_1
ADJ00000221,STR0017,SKU0000119,2026-04-20 16:12:48,10,Found Inventory,mgr_2
ADJ00000222,STR0004,SKU0000254,2026-05-20 09:23:13,-20,System Correction,mgr_2
ADJ00000223,STR0018,SKU0000031,2026-04-27 22:21:23,-10,System Correction,controller
ADJ00000224,STR0016,SKU0000412,2026-05-23 20:38:46,-5,Found Inventory,mgr_1
ADJ00000225,STR0013,SKU0000057,2026-05-07 17:45:06,-5,Found Inventory,controller
ADJ00000226,STR0002,SKU0000300,2026-04-29 21:41:28,20,Shrink,mgr_1
ADJ00000227,STR0001,SKU_BAD,2026-04-17 00:54:19,10,Cycle Count,
ADJ00000228,STR0010,SKU0000504,2026-05-26 11:40:50,-5,System Correction,controller
ADJ00000229,STR0018,SKU0000066,2026-05-01 16:53:03,bad,Found Inventory,
ADJ00000230,STR0008,SKU0000464,2026-05-31 23:39:57,-10,System Correction,controller
ADJ00000231,STR0018,SKU0000391,2026-05-19 00:54:10,bad,System Correction,
ADJ00000232,STR0015,SKU0000054,2026-04-12 19:41:44,2,Shrink,
ADJ00000233,STR0024,SKU0000560,2026-04-18 11:05:57,bad,Found Inventory,
ADJ00000234,STR0008,SKU0000195,2026-05-03 20:29:23,10,Cycle Count,
ADJ00000235,STR0011,SKU0000068,2026-04-11 22:03:25,2,Damage,
ADJ00000236,STR0005,SKU0000020,2026-05-05 02:11:02,-10,Shrink,mgr_1
ADJ00000237,STR0012,SKU0000108,2026-04-14 08:06:43,10,System Correction,
ADJ00000238,STR0023,SKU0000191,2026-05-03 14:32:39,10,Shrink,inventory_lead
ADJ00000239,STR0016,SKU0000076,2026-05-22 07:54:30,-20,Shrink,inventory_lead
ADJ00000240,STR0020,SKU0000308,2026-05-17 07:08:51,5,Shrink,
ADJ00000241,STR0005,SKU0000042,2026-04-28 16:38:17,5,Cycle Count,mgr_1
ADJ00000242,STR0015,SKU0000056,2026-04-10 06:06:14,bad,Shrink,
ADJ00000243,STR0024,SKU0000408,2026-05-28 22:44:10,-2,Found Inventory,
ADJ00000244,STR0014,SKU0000351,2026-04-24 13:56:04,5,Damage,mgr_1
ADJ00000245,STR0007,SKU0000129,2026-04-27 14:07:36,bad,Cycle Count,mgr_2
ADJ00000246,STR0023,SKU0000575,2026-05-17 09:09:17,-20,System Correction,controller
ADJ00000247,STR0008,SKU0000413,2026-04-22 10:00:04,-20,Damage,
ADJ00000248,STR0022,SKU0000055,2026-04-09 07:46:25,2,System Correction,mgr_1
ADJ00000249,STR0011,SKU0000520,2026-05-02 08:52:16,10,Found Inventory,mgr_1
ADJ00000250,STR0003,SKU0000456,2026-05-18 08:51:09,20,Found Inventory,
ADJ00000251,STR0006,SKU0000054,2026-05-20 02:36:48,-2,Shrink,inventory_lead
ADJ00000252,STR0008,SKU0000343,2026-04-13 10:53:12,bad,Damage,inventory_lead
ADJ00000253,STR0011,SKU0000128,2026-04-03 07:31:12,-10,System Correction,inventory_lead
ADJ00000254,STR0014,SKU0000446,2026-05-25 16:01:54,bad,Cycle Count,mgr_1
ADJ00000255,STR0013,SKU0000452,2026-04-29 04:24:37,10,Cycle Count,mgr_2
ADJ00000256,STR0007,SKU0000455,2026-04-22 03:16:10,10,System Correction,mgr_1
ADJ00000257,STR0023,SKU0000339,2026-05-04 03:33:04,-5,Found Inventory,mgr_1
ADJ00000258,STR0014,SKU0000542,2026-05-25 12:02:58,20,System Correction,
ADJ00000259,STR0014,SKU0000568,2026-04-24 08:55:42,bad,Damage,
ADJ00000260,STR0012,SKU0000011,2026-05-05 04:23:16,10,Found Inventory,mgr_2
ADJ00000261,STR0009,SKU0000429,2026-04-05 20:58:27,-2,Cycle Count,
ADJ00000262,STR0009,SKU0000444,2026-05-18 01:09:58,10,Cycle Count,
ADJ00000263,STR0022,SKU0000172,2026-05-17 14:19:48,5,Found Inventory,inventory_lead
ADJ00000264,STR0025,SKU0000049,2026-04-21 15:53:23,-20,Damage,mgr_1
ADJ00000265,STR0016,SKU0000079,2026-04-22 07:15:39,10,Found Inventory,mgr_2
ADJ00000266,STR0023,SKU0000091,2026-05-15 09:51:07,-5,Shrink,mgr_2
ADJ00000267,STR0009,SKU0000440,2026-04-13 03:47:49,1,System Correction,inventory_lead
ADJ00000268,STR0009,SKU0000132,2026-05-27 09:35:38,-5,System Correction,mgr_2
ADJ00000269,STR0021,SKU0000447,2026-04-06 05:04:46,-10,Damage,inventory_lead
ADJ00000270,STR0012,SKU0000373,2026-04-03 22:42:40,10,Shrink,controller
ADJ00000271,STR0012,SKU0000331,2026-04-30 02:22:44,-2,Shrink,controller
ADJ00000272,STR0006,SKU0000040,2026-05-22 14:28:10,-10,Damage,
ADJ00000273,STR0007,SKU0000028,2026-04-14 11:28:26,5,Shrink,mgr_2
ADJ00000274,STR0011,SKU0000243,2026-05-22 15:58:14,-2,System Correction,inventory_lead
ADJ00000275,STR0015,SKU0000104,2026-05-10 13:19:46,-5,Shrink,controller
ADJ00000276,STR0018,SKU0000572,2026-05-21 07:27:01,-2,Damage,mgr_2
ADJ00000277,STR0008,SKU0000034,2026-05-08 02:45:41,20,Shrink,controller
ADJ00000278,STR0010,SKU0000429,2026-04-29 06:25:13,10,Shrink,mgr_2
ADJ00000279,STR0009,SKU0000122,2026-05-29 17:11:28,-2,Cycle Count,inventory_lead
ADJ00000280,STR0014,SKU0000098,2026-05-04 19:14:20,5,Damage,controller
ADJ00000281,STR0008,SKU0000409,2026-05-27 16:33:11,1,Found Inventory,inventory_lead
ADJ00000282,STR0024,SKU0000420,2026-04-06 02:57:48,bad,Cycle Count,mgr_1
ADJ00000283,STR0023,SKU0000376,2026-05-31 23:11:18,1,Shrink,mgr_1
ADJ00000284,STR0009,SKU0000290,2026-05-12 15:35:56,1,System Correction,mgr_2
ADJ00000285,STR0016,SKU0000559,2026-05-16 22:11:42,1,Damage,
ADJ00000286,STR0013,SKU0000493,2026-04-16 05:16:30,5,Cycle Count,inventory_lead
ADJ00000287,STR0001,SKU0000167,2026-04-04 02:49:58,10,Cycle Count,
ADJ00000288,STR0022,SKU0000401,2026-04-14 02:00:47,5,Shrink,inventory_lead
ADJ00000289,STR0024,SKU0000014,2026-04-03 19:52:01,2,Found Inventory,mgr_1
ADJ00000290,STR0007,SKU0000390,2026-04-27 08:38:20,-2,Cycle Count,mgr_1
ADJ00000291,STR0016,SKU0000392,2026-05-30 06:34:44,-10,Cycle Count,controller
ADJ00000292,STR0002,SKU0000419,2026-04-22 06:24:41,-2,System Correction,controller
ADJ00000293,STR0023,SKU0000137,2026-05-17 23:42:07,5,System Correction,mgr_1
ADJ00000294,STR0015,SKU0000027,2026-04-22 14:41:17,2,Shrink,mgr_2
ADJ00000295,STR0006,SKU0000076,2026-04-22 21:44:24,bad,Found Inventory,
ADJ00000296,STR0017,SKU0000030,2026-04-25 22:24:35,1,Shrink,inventory_lead
ADJ00000297,STR0018,SKU0000150,2026-05-01 23:35:51,-2,Found Inventory,
ADJ00000298,STR0022,SKU0000323,2026-05-03 00:49:45,-5,System Correction,
ADJ00000299,STR0001,SKU0000484,2026-05-23 19:42:13,1,System Correction,
ADJ00000300,STR0003,SKU0000566,2026-05-29 06:49:43,1,Shrink,controller
ADJ00000301,STR0009,SKU0000185,2026-05-03 23:05:47,5,Damage,controller
ADJ00000302,STR0022,SKU0000112,2026-04-30 09:41:28,5,Damage,mgr_1
ADJ00000303,STR0001,SKU0000176,2026-05-19 16:07:30,20,Shrink,inventory_lead
ADJ00000304,STR0008,SKU0000382,2026-04-27 07:26:39,2,Found Inventory,
ADJ00000305,STR0024,SKU0000083,2026-04-02 03:57:41,1,Found Inventory,controller
ADJ00000306,STR0015,SKU0000221,2026-04-12 00:28:26,bad,Damage,mgr_2
ADJ00000307,STR0005,SKU0000133,2026-04-04 16:19:54,-10,Found Inventory,mgr_2
ADJ00000308,STR0013,SKU0000300,2026-05-07 01:39:05,bad,System Correction,controller
ADJ00000309,STR0011,SKU0000455,2026-05-28 19:04:20,5,Cycle Count,controller
ADJ00000310,STR0017,SKU0000439,2026-05-29 04:31:50,-2,Damage,
ADJ00000311,STR0002,SKU0000491,2026-04-04 13:21:11,1,Found Inventory,mgr_1
ADJ00000312,STR0008,SKU0000478,2026-05-07 07:21:11,-20,Damage,mgr_2
ADJ00000313,STR0004,SKU0000501,2026-05-24 11:51:44,20,Shrink,controller
ADJ00000314,STR0004,SKU0000219,2026-05-02 23:33:23,1,Damage,controller
ADJ00000315,STR0020,SKU0000216,2026-05-26 07:50:02,20,Shrink,mgr_1
ADJ00000316,STR0004,SKU0000539,2026-04-23 15:58:30,-2,Cycle Count,inventory_lead
ADJ00000317,STR0006,SKU0000300,2026-04-29 05:38:41,5,Damage,controller
ADJ00000318,STR0007,SKU0000113,2026-04-08 15:09:25,5,System Correction,mgr_2
ADJ00000319,STR0008,SKU0000442,2026-04-09 22:04:47,20,Cycle Count,mgr_2
ADJ00000320,STR0016,SKU0000395,2026-04-07 23:47:27,bad,Cycle Count,mgr_1
ADJ00000321,STR0016,SKU0000224,2026-05-15 14:32:18,-10,Shrink,mgr_2
ADJ00000322,STR0010,SKU0000025,2026-04-07 02:50:51,10,Found Inventory,controller
ADJ00000323,STR0012,SKU0000058,2026-04-10 17:59:25,-10,Damage,mgr_1
ADJ00000324,STR0012,SKU0000079,2026-05-31 02:56:06,bad,Found Inventory,mgr_1
ADJ00000325,STR0021,SKU0000154,2026-04-09 22:28:59,-20,Found Inventory,inventory_lead
ADJ00000326,STR0016,SKU0000123,2026-05-07 01:10:36,-5,Cycle Count,mgr_1
ADJ00000327,STR0011,SKU0000432,2026-04-24 04:36:44,5,Found Inventory,mgr_1
ADJ00000328,STR0023,SKU0000145,2026-05-18 23:52:32,2,Cycle Count,
ADJ00000329,STR0023,SKU0000075,2026-04-17 12:38:45,1,Found Inventory,mgr_1
ADJ00000330,STR0017,SKU0000281,2026-04-08 07:35:53,10,Shrink,inventory_lead
ADJ00000331,STR0020,SKU0000471,2026-05-04 13:51:07,1,Shrink,controller
ADJ00000332,STR0007,SKU0000222,2026-04-17 14:57:24,-5,System Correction,inventory_lead
ADJ00000333,STR0008,SKU0000530,2026-05-09 16:38:12,-10,System Correction,mgr_2
ADJ00000334,STR0016,SKU0000273,2026-05-01 20:09:56,-5,Shrink,controller
ADJ00000335,STR0017,SKU0000508,2026-05-02 21:05:13,-2,Cycle Count,mgr_1
ADJ00000336,STR0022,SKU0000041,2026-04-09 00:11:37,10,System Correction,
ADJ00000337,STR0004,SKU0000183,2026-05-13 21:12:21,-2,Shrink,controller
ADJ00000338,STR0019,SKU0000497,2026-04-22 15:56:01,20,Cycle Count,mgr_1
ADJ00000339,STR0025,SKU0000171,2026-05-08 04:12:07,-5,Found Inventory,
ADJ00000340,STR0025,SKU0000561,2026-04-05 02:32:41,20,Shrink,inventory_lead
ADJ00000341,STR0020,SKU0000518,2026-04-23 15:30:39,-20,Damage,mgr_1
ADJ00000342,STR0006,SKU0000428,2026-05-25 11:48:18,-2,Cycle Count,
ADJ00000343,STR0012,SKU0000255,2026-05-08 04:59:48,-2,Damage,inventory_lead
ADJ00000344,STR0017,SKU0000538,2026-05-12 18:07:56,-20,Damage,
ADJ00000345,STR0017,SKU0000313,2026-05-21 09:43:32,-10,System Correction,controller
ADJ00000346,STR0021,SKU0000206,2026-05-20 02:30:56,-2,Found Inventory,mgr_1
ADJ00000347,STR0023,SKU0000492,2026-04-16 17:59:14,1,Shrink,inventory_lead
ADJ00000348,STR0012,SKU0000190,2026-04-17 16:15:10,10,Shrink,mgr_1
ADJ00000349,STR0010,SKU0000036,2026-04-12 11:49:38,bad,Damage,controller
ADJ00000350,STR0011,SKU0000299,2026-05-10 17:37:03,-5,Found Inventory,
ADJ00000351,STR0021,SKU0000436,2026-05-16 05:49:16,10,Shrink,mgr_1
ADJ00000352,STR0009,SKU0000024,2026-04-26 07:37:31,20,Found Inventory,mgr_2
ADJ00000353,STR0023,SKU0000445,2026-05-13 02:33:04,-2,Damage,mgr_1
ADJ00000354,STR0002,SKU0000194,2026-04-24 19:02:50,-10,Cycle Count,
ADJ00000355,STR0021,SKU0000576,2026-04-02 11:07:39,20,Found Inventory,inventory_lead
ADJ00000356,STR0016,SKU0000083,2026-04-03 02:33:59,20,Damage,
ADJ00000357,STR0019,SKU0000168,2026-04-06 21:25:31,1,Damage,inventory_lead
ADJ00000358,STR0019,SKU0000416,2026-04-06 09:18:17,5,Cycle Count,mgr_1
ADJ00000359,STR0025,SKU0000523,2026-05-12 08:29:32,bad,Cycle Count,controller
ADJ00000360,STR0025,SKU0000119,2026-04-03 19:31:28,5,Cycle Count,mgr_2
ADJ00000361,STR0017,SKU0000574,2026-05-25 10:24:27,bad,Cycle Count,controller
ADJ00000362,STR0004,SKU0000078,2026-04-01 21:17:08,-10,Found Inventory,inventory_lead
ADJ00000363,STR0025,SKU0000495,2026-05-28 17:31:58,10,Found Inventory,controller
ADJ00000364,STR0003,SKU0000245,2026-05-11 18:11:10,2,Cycle Count,inventory_lead
ADJ00000365,STR0011,SKU0000415,2026-05-29 16:06:36,-10,Damage,mgr_1
ADJ00000366,STR0009,SKU0000426,2026-05-03 07:53:36,1,Found Inventory,mgr_1
ADJ00000367,STR0009,SKU0000533,2026-05-23 05:55:56,1,System Correction,controller
ADJ00000368,STR0025,SKU0000240,2026-05-17 12:54:14,-5,Damage,controller
ADJ00000369,STR0019,SKU0000033,2026-04-05 06:40:46,-10,Damage,inventory_lead
ADJ00000370,STR0012,SKU0000290,2026-04-11 07:36:11,2,Shrink,mgr_2
ADJ00000371,STR0017,SKU0000302,2026-05-04 16:47:54,5,System Correction,mgr_1
ADJ00000372,STR0005,SKU0000393,2026-04-27 07:38:33,1,System Correction,mgr_1
ADJ00000373,STR0018,SKU0000098,2026-05-01 02:07:01,2,Damage,
ADJ00000374,STR0025,SKU0000437,2026-04-12 07:52:34,bad,System Correction,controller
ADJ00000375,STR0017,SKU0000210,2026-05-11 06:36:42,bad,Damage,
ADJ00000376,STR0009,SKU0000507,2026-04-28 22:24:24,20,System Correction,mgr_2
ADJ00000377,STR0025,SKU0000035,2026-05-15 05:49:00,2,Damage,
ADJ00000378,STR0005,SKU0000087,2026-05-20 21:38:12,-5,Found Inventory,mgr_1
ADJ00000379,STR0004,SKU0000343,2026-05-06 21:28:07,-10,Shrink,
ADJ00000380,STR0003,SKU0000443,2026-04-09 20:50:27,-5,Shrink,
ADJ00000381,STR0011,SKU0000461,2026-04-19 18:23:17,10,Damage,controller
ADJ00000382,STR0013,SKU0000526,2026-04-22 09:32:37,-20,Shrink,inventory_lead
ADJ00000383,STR0013,SKU0000551,2026-05-04 22:52:22,20,Found Inventory,inventory_lead
ADJ00000384,STR0023,SKU0000046,2026-04-02 05:01:45,-10,System Correction,mgr_2
ADJ00000385,STR0004,SKU0000277,2026-05-19 13:37:10,2,Shrink,mgr_2
ADJ00000386,STR0001,SKU0000193,2026-05-20 11:06:20,bad,System Correction,controller
ADJ00000387,STR0020,SKU0000273,2026-04-23 20:34:55,20,System Correction,inventory_lead
ADJ00000388,STR0007,SKU0000534,2026-05-22 16:53:30,-5,Shrink,mgr_2
ADJ00000389,STR0003,SKU0000180,2026-04-21 04:47:10,2,Shrink,inventory_lead
ADJ00000390,STR0010,SKU0000275,2026-05-16 22:40:52,-5,Found Inventory,
ADJ00000391,STR0005,SKU0000444,2026-04-28 01:24:51,5,System Correction,inventory_lead
ADJ00000392,STR0010,SKU0000337,2026-04-16 04:02:46,20,Cycle Count,controller
ADJ00000393,STR0018,SKU0000189,2026-04-29 13:44:56,5,Cycle Count,mgr_2
ADJ00000394,STR0006,SKU0000239,2026-04-16 15:59:16,-20,Shrink,inventory_lead
ADJ00000395,STR0002,SKU0000465,2026-05-12 12:57:32,5,Found Inventory,mgr_1
ADJ00000396,STR0019,SKU0000071,2026-05-01 11:11:41,1,Shrink,
ADJ00000397,STR0023,SKU0000438,2026-05-16 14:46:10,bad,Cycle Count,mgr_2
ADJ00000398,STR0003,SKU0000514,2026-05-21 02:46:59,1,Cycle Count,mgr_1
ADJ00000399,STR0001,SKU0000160,2026-04-27 13:11:46,2,Shrink,mgr_2
ADJ00000400,STR0003,SKU0000220,2026-04-27 01:31:47,-10,Damage,
ADJ00000401,STR0001,SKU0000402,2026-04-07 10:09:34,-20,Damage,
ADJ00000402,STR0021,SKU0000434,2026-05-02 01:50:05,-5,Found Inventory,mgr_2
ADJ00000403,STR0010,SKU0000081,2026-05-31 16:54:23,-10,Shrink,mgr_1
ADJ00000404,STR0019,SKU0000216,2026-04-03 12:33:59,bad,Found Inventory,controller
ADJ00000405,STR0017,SKU0000361,2026-04-15 11:09:51,bad,Damage,
ADJ00000406,STR0007,SKU0000498,2026-04-04 03:31:58,2,Damage,
ADJ00000407,STR0003,SKU0000153,2026-04-17 08:58:59,1,Shrink,mgr_1
ADJ00000408,STR0013,SKU0000053,2026-04-27 04:16:09,bad,System Correction,mgr_2
ADJ00000409,STR0012,SKU0000562,2026-04-19 13:14:58,2,Found Inventory,controller
ADJ00000410,STR0012,SKU0000513,2026-05-02 15:33:44,2,Cycle Count,mgr_2
ADJ00000411,STR0006,SKU0000388,2026-05-31 06:53:21,-20,Damage,
ADJ00000412,STR0004,SKU0000128,2026-05-17 11:33:54,bad,Shrink,mgr_2
ADJ00000413,STR0012,SKU0000217,2026-05-24 20:11:47,-10,Cycle Count,
ADJ00000414,STR0019,SKU0000456,2026-04-06 03:41:42,-5,Cycle Count,
ADJ00000415,STR0005,SKU0000075,2026-05-24 07:58:40,10,Found Inventory,
ADJ00000416,STR0013,SKU0000127,2026-04-21 15:59:40,-10,Found Inventory,mgr_2
ADJ00000417,STR0017,SKU0000286,2026-04-04 11:51:19,10,System Correction,
ADJ00000418,STR0013,SKU0000047,2026-04-05 08:19:15,-5,Damage,controller
ADJ00000419,STR0010,SKU0000063,2026-04-10 16:47:03,2,Found Inventory,controller
ADJ00000420,STR0016,SKU0000232,2026-05-14 23:39:55,20,Damage,controller
ADJ00000421,STR0022,SKU0000453,2026-04-30 11:27:09,20,Cycle Count,
ADJ00000422,STR0002,SKU0000391,2026-04-01 17:44:44,2,Damage,controller
ADJ00000423,STR0005,SKU0000507,2026-04-10 01:28:45,10,Found Inventory,
ADJ00000424,STR0018,SKU0000220,2026-04-19 06:22:44,-20,Cycle Count,mgr_1
ADJ00000425,STR0011,SKU0000096,2026-04-25 02:22:40,-2,Found Inventory,mgr_2
ADJ00000426,STR0008,SKU0000213,2026-04-23 18:59:36,-10,Shrink,
ADJ00000427,STR0010,SKU0000272,2026-04-30 21:34:21,1,Shrink,controller
ADJ00000428,STR0021,SKU0000501,2026-04-03 03:56:59,20,Cycle Count,
ADJ00000429,STR0009,SKU0000224,2026-04-13 10:37:20,-5,System Correction,inventory_lead
ADJ00000430,STR0010,SKU0000447,2026-04-05 21:55:41,2,Cycle Count,inventory_lead
ADJ00000431,STR0011,SKU0000157,2026-04-10 22:55:36,-5,Cycle Count,mgr_1
ADJ00000432,STR0013,SKU0000239,2026-05-25 14:38:39,-5,System Correction,mgr_1
ADJ00000433,STR0016,SKU0000135,2026-04-08 16:05:12,-5,Cycle Count,controller
ADJ00000434,STR0002,SKU0000459,2026-04-22 04:54:03,-10,Found Inventory,
ADJ00000435,STR0014,SKU0000106,2026-05-24 21:45:25,-2,Cycle Count,mgr_2
ADJ00000436,STR0016,SKU0000019,2026-04-20 21:07:38,5,Found Inventory,mgr_1
ADJ00000437,STR0010,SKU0000436,2026-05-25 21:51:55,-2,Cycle Count,inventory_lead
ADJ00000438,STR0015,SKU0000261,2026-04-18 09:45:44,-20,System Correction,inventory_lead
ADJ00000439,STR0019,SKU0000351,2026-05-08 11:11:28,-20,Shrink,controller
ADJ00000440,STR0025,SKU0000483,2026-04-20 13:29:18,20,Cycle Count,inventory_lead
ADJ00000441,STR0018,SKU0000508,2026-05-10 05:37:19,10,Cycle Count,inventory_lead
ADJ00000442,STR0018,SKU0000233,2026-05-06 23:39:40,-5,Damage,controller
ADJ00000443,STR0008,SKU0000440,2026-04-23 00:25:03,-2,Damage,controller
ADJ00000444,STR0012,SKU0000561,2026-05-04 02:37:51,bad,Found Inventory,mgr_1
ADJ00000445,STR0009,SKU0000393,2026-05-16 21:39:27,10,Shrink,
ADJ00000446,STR0012,SKU0000319,2026-05-06 07:02:10,bad,System Correction,mgr_2
ADJ00000447,STR0005,SKU0000356,2026-04-03 01:52:31,-5,System Correction,mgr_1
ADJ00000448,STR0017,SKU0000275,2026-05-02 20:17:16,10,System Correction,mgr_1
ADJ00000449,STR0014,SKU0000094,2026-04-01 06:09:42,2,Damage,inventory_lead
ADJ00000450,STR0023,SKU0000423,2026-05-14 16:03:25,-20,Shrink,mgr_1
ADJ00000451,STR0013,SKU0000513,2026-05-22 13:45:42,-5,Found Inventory,controller
ADJ00000452,STR0019,SKU0000140,2026-05-01 13:40:56,2,System Correction,
ADJ00000453,STR_BAD,SKU0000022,2026-04-27 06:43:40,-20,Found Inventory,inventory_lead
ADJ00000454,STR0005,SKU0000144,2026-05-15 20:08:41,20,System Correction,mgr_2
ADJ00000455,STR0017,SKU0000308,2026-05-17 03:44:22,-10,Cycle Count,controller
ADJ00000456,STR0008,SKU0000377,2026-05-22 08:39:43,-20,System Correction,inventory_lead
ADJ00000457,STR0012,SKU0000461,2026-05-21 03:51:06,-20,System Correction,controller
ADJ00000458,STR0023,SKU0000569,2026-04-06 11:09:59,-2,Damage,controller
ADJ00000459,STR0001,SKU0000056,2026-05-03 21:14:36,-10,Shrink,controller
ADJ00000460,STR0003,SKU0000284,2026-05-24 12:43:42,1,Damage,mgr_1
ADJ00000461,STR0004,SKU0000142,2026-05-13 19:33:33,5,Damage,mgr_2
ADJ00000462,STR0021,SKU0000114,2026-05-21 14:01:25,20,Shrink,controller
ADJ00000463,STR0023,SKU0000377,2026-04-25 14:00:30,bad,System Correction,
ADJ00000464,STR0008,SKU0000579,2026-05-02 16:54:38,20,Damage,mgr_1
ADJ00000465,STR0021,SKU0000484,2026-05-12 19:19:07,-5,Found Inventory,
ADJ00000466,STR0008,SKU0000395,2026-05-24 11:39:55,-5,Damage,controller
ADJ00000467,STR0012,SKU0000191,2026-05-25 20:05:43,5,Found Inventory,inventory_lead
ADJ00000468,STR0019,SKU0000357,2026-05-16 06:46:00,-10,Cycle Count,inventory_lead
ADJ00000469,STR0001,SKU0000279,2026-05-24 11:38:19,2,Cycle Count,controller
ADJ00000470,STR0009,SKU0000011,2026-04-05 09:38:54,-2,Shrink,controller
ADJ00000471,STR0016,SKU0000542,2026-04-09 10:50:43,20,Cycle Count,mgr_1
ADJ00000472,STR0018,SKU0000521,2026-05-20 02:31:56,5,Found Inventory,
ADJ00000473,STR0023,SKU0000311,2026-04-26 02:58:24,5,Shrink,
ADJ00000474,STR0012,SKU0000121,2026-04-20 03:39:38,10,Damage,
ADJ00000475,STR0006,SKU0000109,2026-05-03 06:53:23,20,Damage,mgr_1
ADJ00000476,STR0002,SKU0000432,2026-04-14 08:56:38,10,System Correction,mgr_1
ADJ00000477,STR0015,SKU0000488,2026-04-26 20:49:09,1,Shrink,mgr_2
ADJ00000478,STR0022,SKU0000459,2026-04-09 18:38:38,-2,Cycle Count,inventory_lead
ADJ00000479,STR0021,SKU0000412,2026-04-29 11:32:16,bad,Damage,controller
ADJ00000480,STR0010,SKU0000564,2026-04-12 04:28:44,-10,Shrink,mgr_2
ADJ00000481,STR0012,SKU0000198,2026-05-22 00:36:23,10,System Correction,controller
ADJ00000482,STR0013,SKU0000209,2026-04-06 10:55:09,-10,Found Inventory,inventory_lead
ADJ00000483,STR0008,SKU0000274,2026-04-11 09:38:17,5,Damage,mgr_1
ADJ00000484,STR0002,SKU0000197,2026-04-22 17:55:19,2,System Correction,mgr_1
ADJ00000485,STR0023,SKU0000020,2026-05-20 20:32:39,-2,Damage,mgr_1
ADJ00000486,STR0021,SKU0000138,2026-04-02 12:35:51,10,Found Inventory,controller
ADJ00000487,STR0010,SKU0000390,2026-05-10 04:56:38,-10,Cycle Count,inventory_lead
ADJ00000488,STR0015,SKU0000391,2026-04-13 04:43:35,-2,System Correction,
ADJ00000489,STR0014,SKU0000107,2026-05-08 09:38:37,1,System Correction,inventory_lead
ADJ00000490,STR0007,SKU0000121,2026-04-07 23:28:30,1,System Correction,mgr_2
ADJ00000491,STR0001,SKU0000487,2026-04-17 22:48:17,20,Shrink,controller
ADJ00000492,STR0010,SKU0000274,2026-05-22 10:19:10,-5,Found Inventory,inventory_lead
ADJ00000493,STR0009,SKU0000469,2026-04-21 19:34:10,bad,Shrink,
ADJ00000494,STR0024,SKU0000320,2026-04-19 02:12:34,-10,System Correction,
ADJ00000495,STR0010,SKU0000146,2026-05-18 23:06:50,-2,Damage,mgr_1
ADJ00000496,STR0004,SKU0000540,2026-05-02 05:35:17,-2,Found Inventory,inventory_lead
ADJ00000497,STR0025,SKU0000054,2026-04-19 21:53:55,20,Shrink,inventory_lead
ADJ00000498,STR0009,SKU0000237,2026-05-29 06:28:54,-2,Shrink,mgr_1
ADJ00000499,STR0023,SKU0000124,2026-04-28 17:29:15,20,Found Inventory,
ADJ00000500,STR0007,SKU0000485,2026-05-20 13:27:10,-20,System Correction,mgr_1
ADJ00000501,STR0011,SKU0000431,2026-05-02 15:37:33,-2,Found Inventory,
ADJ00000502,STR0002,SKU0000403,2026-04-01 07:28:28,bad,Cycle Count,controller
ADJ00000503,STR0024,SKU0000199,2026-04-11 17:31:19,-20,Damage,
ADJ00000504,STR0012,SKU0000195,2026-04-28 17:26:12,-5,Shrink,mgr_1
ADJ00000505,STR0014,SKU0000181,2026-04-21 17:43:47,-5,Found Inventory,inventory_lead
ADJ00000506,STR0025,SKU0000181,2026-05-17 21:25:34,-2,Found Inventory,controller
ADJ00000507,STR0024,SKU0000129,2026-04-19 15:00:22,10,Found Inventory,mgr_2
ADJ00000508,STR0020,SKU0000134,2026-04-03 17:44:45,-20,Shrink,inventory_lead
ADJ00000509,STR0014,SKU0000145,2026-05-05 12:23:40,-10,Cycle Count,controller
ADJ00000510,STR0013,SKU0000522,2026-04-05 12:03:38,-5,Damage,mgr_1
ADJ00000511,STR0025,SKU0000194,2026-04-25 18:16:58,bad,Shrink,mgr_2
ADJ00000512,STR0014,SKU0000306,2026-04-04 00:20:07,2,Shrink,controller
ADJ00000513,STR0019,SKU0000506,2026-05-01 17:20:31,-2,Cycle Count,
ADJ00000514,STR0002,SKU0000058,2026-04-08 08:12:13,5,Cycle Count,mgr_1
ADJ00000515,STR0002,SKU0000415,2026-04-24 12:55:30,-20,Found Inventory,mgr_2
ADJ00000516,STR0012,SKU0000291,2026-05-03 21:05:14,bad,Shrink,inventory_lead
ADJ00000517,STR0009,SKU0000240,2026-05-29 03:52:33,5,System Correction,controller
ADJ00000518,STR0023,SKU0000058,2026-04-16 02:07:03,-10,Found Inventory,inventory_lead
ADJ00000519,STR0019,SKU0000036,2026-05-12 13:14:58,1,Found Inventory,
ADJ00000520,STR0022,SKU0000081,2026-05-11 18:06:01,2,Damage,inventory_lead
ADJ00000521,STR0014,SKU0000327,2026-05-03 22:12:02,-10,Shrink,controller
ADJ00000522,STR0022,SKU0000572,2026-05-23 00:46:44,2,Found Inventory,controller
ADJ00000523,STR0008,SKU0000461,2026-05-21 02:18:50,10,Cycle Count,controller
ADJ00000524,STR0024,SKU0000279,2026-05-07 12:39:38,5,Cycle Count,mgr_1
ADJ00000525,STR0020,SKU0000275,2026-04-26 02:44:39,-10,Shrink,inventory_lead
ADJ00000526,STR0021,SKU0000101,2026-04-20 13:25:03,20,System Correction,mgr_2
ADJ00000527,STR0016,SKU0000376,2026-05-27 23:00:01,10,Found Inventory,
ADJ00000528,STR0011,SKU0000492,2026-04-14 23:39:30,1,Cycle Count,controller
ADJ00000529,STR0003,SKU0000131,2026-04-15 14:13:10,-20,Cycle Count,
ADJ00000530,STR0022,SKU0000548,2026-05-30 15:41:36,20,Found Inventory,controller
ADJ00000531,STR0022,SKU0000342,2026-04-05 17:10:19,-10,Shrink,mgr_2
ADJ00000532,STR0007,SKU0000514,2026-04-07 09:44:12,bad,System Correction,
ADJ00000533,STR0021,SKU0000094,2026-04-26 23:50:38,1,System Correction,mgr_1
ADJ00000534,STR0020,SKU0000019,2026-05-17 23:22:15,bad,Cycle Count,controller
ADJ00000535,STR0007,SKU0000154,2026-05-31 08:47:47,-5,Damage,mgr_2
ADJ00000536,STR0019,SKU0000146,2026-05-31 20:37:30,-2,Cycle Count,inventory_lead
ADJ00000537,STR0016,SKU0000001,2026-04-05 13:04:32,5,Damage,
ADJ00000538,STR0015,SKU0000119,2026-04-09 06:50:15,2,Cycle Count,mgr_1
ADJ00000539,STR0006,SKU0000504,2026-04-26 06:37:10,-20,Cycle Count,mgr_2
ADJ00000540,STR0011,SKU0000307,2026-05-03 00:26:49,-10,Shrink,
ADJ00000541,STR0007,SKU0000550,2026-05-22 23:16:25,-10,Found Inventory,inventory_lead
ADJ00000542,STR0008,SKU0000366,2026-05-24 21:38:40,-2,System Correction,controller
ADJ00000543,STR0017,SKU0000050,2026-04-20 02:37:11,2,System Correction,mgr_1
ADJ00000544,STR0024,SKU0000202,2026-05-23 20:29:20,-5,Damage,controller
ADJ00000545,STR0002,SKU0000254,2026-05-17 03:41:38,5,Found Inventory,controller
ADJ00000546,STR0024,SKU0000522,2026-05-25 16:55:44,-10,Found Inventory,controller
ADJ00000547,STR0017,SKU0000250,2026-05-17 06:22:36,bad,Shrink,
ADJ00000548,STR0019,SKU0000313,2026-05-08 08:11:39,-20,Found Inventory,inventory_lead
ADJ00000549,STR0009,SKU0000404,2026-05-11 03:56:50,2,System Correction,
ADJ00000550,STR0020,SKU0000217,2026-04-01 03:09:00,-10,Cycle Count,mgr_2
ADJ00000551,STR0009,SKU0000407,2026-05-09 13:35:12,-20,Shrink,mgr_2
ADJ00000552,STR0006,SKU0000249,2026-04-28 12:02:10,10,Found Inventory,controller
ADJ00000553,STR0010,SKU0000158,2026-05-25 09:32:21,-10,Shrink,mgr_2
ADJ00000554,STR0025,SKU0000198,2026-04-13 02:12:56,5,System Correction,mgr_1
ADJ00000555,STR0009,SKU0000469,2026-04-18 04:09:25,10,Found Inventory,mgr_1
ADJ00000556,STR0025,SKU0000405,2026-04-21 17:09:04,2,Shrink,inventory_lead
ADJ00000557,STR0020,SKU0000143,2026-05-31 14:24:42,bad,Damage,
ADJ00000558,STR0013,SKU0000181,2026-05-05 19:25:52,20,Found Inventory,mgr_1
ADJ00000559,STR0014,SKU0000236,2026-04-06 17:40:17,10,Shrink,inventory_lead
ADJ00000560,STR0018,SKU0000516,2026-05-26 12:13:52,1,System Correction,mgr_1
ADJ00000561,STR0022,SKU0000151,2026-05-05 14:37:41,5,Damage,mgr_1
ADJ00000562,STR0008,SKU0000205,2026-04-11 04:23:09,bad,System Correction,mgr_2
ADJ00000563,STR0011,SKU0000243,2026-04-05 17:26:41,20,Found Inventory,
ADJ00000564,STR0019,SKU0000273,2026-04-02 18:44:55,-5,System Correction,inventory_lead
ADJ00000565,STR0014,SKU0000546,2026-04-02 04:55:11,20,Shrink,inventory_lead
ADJ00000566,STR0002,SKU0000262,2026-04-26 17:39:16,10,Shrink,inventory_lead
ADJ00000567,STR0015,SKU0000202,2026-05-20 10:12:29,-10,Found Inventory,mgr_2
ADJ00000568,STR0005,SKU0000541,2026-05-10 09:43:35,5,Cycle Count,mgr_2
ADJ00000569,STR0021,SKU0000411,2026-05-20 16:48:32,2,Found Inventory,mgr_1
ADJ00000570,STR0025,SKU0000002,2026-04-26 02:53:04,2,Found Inventory,controller
ADJ00000571,STR0008,SKU0000147,2026-05-21 22:53:41,2,Shrink,
ADJ00000572,STR0007,SKU0000134,2026-04-25 21:04:40,20,Shrink,
ADJ00000573,STR0013,SKU0000225,2026-05-16 03:27:24,2,System Correction,mgr_2
ADJ00000574,STR0004,SKU0000130,2026-05-29 19:42:46,1,Cycle Count,controller
ADJ00000575,STR0007,SKU0000478,2026-04-08 03:10:05,-2,Found Inventory,controller
ADJ00000576,STR0010,SKU0000305,2026-04-29 16:54:11,10,Damage,
ADJ00000577,STR0013,SKU0000235,2026-05-04 10:58:19,-5,Shrink,mgr_2
ADJ00000578,STR0004,SKU0000154,2026-05-06 14:43:44,2,Cycle Count,inventory_lead
ADJ00000579,STR0016,SKU0000104,2026-04-28 15:09:04,5,Cycle Count,mgr_1
ADJ00000580,STR0023,SKU0000326,2026-04-20 17:39:50,2,Cycle Count,inventory_lead
ADJ00000581,STR0013,SKU0000355,2026-04-25 16:03:24,-10,Cycle Count,
ADJ00000582,STR0011,SKU0000526,2026-04-01 09:59:30,bad,Found Inventory,controller
ADJ00000583,STR0009,SKU0000344,2026-05-17 03:31:38,1,Cycle Count,mgr_2
ADJ00000584,STR0004,SKU0000577,2026-04-09 20:56:18,bad,System Correction,mgr_1
ADJ00000585,STR0010,SKU0000240,2026-05-31 20:22:00,-5,Cycle Count,mgr_1
ADJ00000586,STR0024,SKU0000326,2026-04-03 04:56:17,-2,Shrink,inventory_lead
ADJ00000587,STR0011,SKU0000445,2026-05-13 03:57:51,20,Damage,mgr_1
ADJ00000588,STR0001,SKU0000253,2026-05-07 01:59:46,-10,Shrink,inventory_lead
ADJ00000589,STR0007,SKU0000396,2026-04-24 11:29:30,2,Cycle Count,mgr_2
ADJ00000590,STR0005,SKU0000212,2026-04-09 14:34:29,2,Cycle Count,controller
ADJ00000591,STR0009,SKU0000425,2026-05-14 21:08:11,-10,Shrink,mgr_2
ADJ00000592,STR0006,SKU0000231,2026-04-19 04:29:15,-2,System Correction,mgr_1
ADJ00000593,STR0006,SKU0000428,2026-05-03 08:54:00,20,Shrink,controller
ADJ00000594,STR0019,SKU0000046,2026-05-09 14:44:54,-20,Cycle Count,
ADJ00000595,STR0010,SKU0000215,2026-04-30 21:57:16,10,Damage,controller
ADJ00000596,STR0022,SKU0000131,2026-05-05 13:08:14,-10,Cycle Count,mgr_2
ADJ00000597,STR0004,SKU0000281,2026-05-31 07:19:57,2,Damage,mgr_1
ADJ00000598,STR0004,SKU0000533,2026-05-01 09:14:06,10,Found Inventory,mgr_2
ADJ00000599,STR0013,SKU0000225,2026-05-17 07:37:49,-5,Cycle Count,controller
ADJ00000600,STR0010,SKU0000110,2026-05-15 19:29:29,-20,Found Inventory,inventory_lead
ADJ00000601,STR0025,SKU0000291,2026-05-13 07:49:37,-10,System Correction,mgr_2
ADJ00000602,STR0025,SKU0000533,2026-04-09 00:02:41,-5,Found Inventory,
ADJ00000603,STR0019,SKU0000351,2026-05-12 14:17:31,bad,Shrink,controller
ADJ00000604,STR0018,SKU0000571,2026-05-12 04:32:54,10,Cycle Count,mgr_1
ADJ00000605,STR0004,SKU0000532,2026-04-20 04:52:58,5,Damage,controller
ADJ00000606,STR0024,SKU0000356,2026-04-28 23:20:21,-2,System Correction,mgr_1
ADJ00000607,STR0024,SKU0000529,2026-04-29 10:24:18,1,Shrink,mgr_2
ADJ00000608,STR0003,SKU0000379,2026-05-26 14:04:43,-5,Damage,mgr_2
ADJ00000609,STR0014,SKU0000216,2026-04-19 02:15:38,-10,Damage,controller
ADJ00000610,STR0003,SKU0000224,2026-04-24 21:14:08,-20,Shrink,controller
ADJ00000611,STR0004,SKU0000494,2026-05-02 08:33:50,-2,Cycle Count,
ADJ00000612,STR0008,SKU0000044,2026-04-20 09:35:45,10,Cycle Count,mgr_2
ADJ00000613,STR0017,SKU0000069,2026-05-12 21:10:05,-5,Damage,mgr_2
ADJ00000614,STR0014,SKU0000106,2026-05-30 17:05:33,5,Found Inventory,mgr_2
ADJ00000615,STR0018,SKU0000335,2026-05-01 20:27:32,2,Cycle Count,mgr_1
ADJ00000616,STR0002,SKU0000511,2026-04-08 05:59:08,-20,Shrink,inventory_lead
ADJ00000617,STR0008,SKU0000166,2026-05-19 21:15:53,-5,Found Inventory,
ADJ00000618,STR0021,SKU0000362,2026-04-12 09:55:56,-2,Shrink,mgr_1
ADJ00000619,STR0006,SKU0000042,2026-05-20 20:51:56,-10,System Correction,controller
ADJ00000620,STR0013,SKU0000040,2026-05-01 09:22:08,-5,Shrink,controller
ADJ00000621,STR0004,SKU0000563,2026-05-21 12:06:16,-2,Shrink,controller
ADJ00000622,STR0006,SKU0000078,2026-04-16 14:48:54,2,Shrink,controller
ADJ00000623,STR0018,SKU0000378,2026-04-23 06:35:28,10,Shrink,mgr_2
ADJ00000624,STR0021,SKU0000467,2026-04-01 15:46:27,bad,Cycle Count,controller
ADJ00000625,STR0020,SKU0000549,2026-05-30 12:56:10,1,Shrink,mgr_1
ADJ00000626,STR0005,SKU0000089,2026-04-22 01:09:09,5,Cycle Count,
ADJ00000627,STR0011,SKU0000293,2026-05-22 18:00:18,20,Shrink,mgr_1
ADJ00000628,STR0005,SKU0000185,2026-05-17 21:24:56,bad,Cycle Count,mgr_1
ADJ00000629,STR0007,SKU0000421,2026-04-05 08:24:51,-20,System Correction,mgr_2
ADJ00000630,STR0011,SKU0000042,2026-04-24 19:29:02,-20,System Correction,controller
ADJ00000631,STR0009,SKU0000439,2026-05-15 18:27:31,-5,System Correction,inventory_lead
ADJ00000632,STR0024,SKU0000210,2026-04-24 17:22:03,20,Shrink,controller
ADJ00000633,STR0011,SKU0000554,2026-04-04 05:05:57,-2,System Correction,mgr_2
ADJ00000634,STR0019,SKU0000569,2026-04-17 11:28:16,20,Found Inventory,inventory_lead
ADJ00000635,STR0003,SKU0000014,2026-04-16 14:13:21,-10,System Correction,controller
ADJ00000636,STR0012,SKU0000150,2026-05-25 08:35:56,bad,Cycle Count,controller
ADJ00000637,STR0024,SKU0000088,2026-05-06 03:54:25,-20,Cycle Count,inventory_lead
ADJ00000638,STR0012,SKU0000376,2026-04-27 18:09:40,10,System Correction,mgr_2
ADJ00000639,STR0023,SKU0000191,2026-05-09 02:15:40,20,Cycle Count,inventory_lead
ADJ00000640,STR0011,SKU0000328,2026-05-17 07:11:54,10,Shrink,mgr_2
ADJ00000641,STR0014,SKU0000302,2026-04-29 12:58:13,10,Shrink,inventory_lead
ADJ00000642,STR0004,SKU0000184,2026-05-29 18:20:17,2,Damage,inventory_lead
ADJ00000643,STR0021,SKU0000263,2026-04-04 03:54:38,-2,System Correction,
ADJ00000644,STR0025,SKU0000404,2026-05-12 01:17:35,2,System Correction,mgr_2
ADJ00000645,STR0016,SKU0000003,2026-05-21 04:28:20,2,Cycle Count,controller
ADJ00000646,STR0008,SKU0000094,2026-04-22 04:13:37,10,Cycle Count,
ADJ00000647,STR0007,SKU0000194,2026-04-17 00:47:02,10,Cycle Count,inventory_lead
ADJ00000648,STR0010,SKU0000115,2026-05-21 08:24:39,-10,Found Inventory,
ADJ00000649,STR0004,SKU0000235,2026-05-29 04:13:04,-2,Shrink,mgr_1
ADJ00000650,STR0023,SKU0000182,2026-05-15 05:56:30,20,Damage,mgr_2
ADJ00000651,STR0023,SKU0000013,2026-04-25 06:32:53,-20,Cycle Count,inventory_lead
ADJ00000652,STR0018,SKU0000561,2026-04-05 15:37:34,20,System Correction,mgr_2
ADJ00000653,STR0018,SKU0000341,2026-05-25 19:21:48,-2,System Correction,mgr_2
ADJ00000654,STR0008,SKU0000084,2026-05-09 20:33:37,-5,Damage,controller
ADJ00000655,STR0002,SKU0000120,2026-05-26 07:49:43,10,Damage,mgr_2
ADJ00000656,STR0015,SKU0000196,2026-04-15 21:02:14,bad,Damage,mgr_2
ADJ00000657,STR0009,SKU_BAD,2026-04-03 19:34:58,-10,System Correction,controller
ADJ00000658,STR0015,SKU0000062,2026-04-10 18:00:01,1,Damage,controller
ADJ00000659,STR0019,SKU0000170,2026-05-07 17:06:45,20,Damage,controller
ADJ00000660,STR0024,SKU0000046,2026-04-14 02:08:46,-5,Shrink,mgr_2
ADJ00000661,STR0003,SKU0000304,2026-05-25 11:37:34,-2,System Correction,mgr_2
ADJ00000662,STR0023,SKU0000359,2026-05-23 07:52:18,-10,System Correction,
ADJ00000663,STR0008,SKU0000117,2026-04-23 21:25:53,-2,Found Inventory,inventory_lead
ADJ00000664,STR0013,SKU0000560,2026-04-16 01:59:07,2,Damage,
ADJ00000665,STR0002,SKU0000194,2026-05-19 12:51:44,2,Shrink,mgr_2
ADJ00000666,STR0008,SKU0000013,2026-04-14 11:28:24,-5,System Correction,mgr_2
ADJ00000667,STR0012,SKU0000453,2026-05-18 09:54:51,-2,Found Inventory,mgr_2
ADJ00000668,STR0005,SKU0000021,2026-04-26 11:22:44,-5,Damage,inventory_lead
ADJ00000669,STR0019,SKU0000447,2026-04-02 14:58:33,-5,Shrink,mgr_2
ADJ00000670,STR0021,SKU0000336,2026-04-13 20:30:26,5,Damage,mgr_2
ADJ00000671,STR0021,SKU0000433,2026-04-29 09:25:59,10,Cycle Count,mgr_2
ADJ00000672,STR0006,SKU0000240,2026-05-26 05:41:36,bad,Shrink,controller
ADJ00000673,STR0017,SKU0000405,2026-05-17 18:53:57,1,Found Inventory,mgr_1
ADJ00000674,STR0019,SKU0000169,2026-04-30 17:53:36,5,Damage,inventory_lead
ADJ00000675,STR0019,SKU0000521,2026-05-04 05:40:24,-10,Shrink,mgr_1
ADJ00000676,STR0005,SKU0000169,2026-05-10 01:20:44,-2,Found Inventory,mgr_1
ADJ00000677,STR0023,SKU0000567,2026-05-23 18:56:48,-5,Shrink,
ADJ00000678,STR0023,SKU0000016,2026-05-13 02:11:10,10,Cycle Count,controller
ADJ00000679,STR0017,SKU0000349,2026-05-17 19:17:21,-20,Damage,
ADJ00000680,STR0017,SKU0000301,2026-05-24 07:54:07,-5,Damage,mgr_1
ADJ00000681,STR0021,SKU0000361,2026-04-27 02:38:08,5,Damage,
ADJ00000682,STR0024,SKU0000299,2026-05-24 20:06:43,5,Shrink,inventory_lead
ADJ00000683,STR0017,SKU0000225,2026-04-22 08:45:52,10,Damage,mgr_2
ADJ00000684,STR0005,SKU0000522,2026-04-26 10:29:17,-20,Damage,
ADJ00000685,STR0006,SKU0000036,2026-05-04 00:10:05,-2,Cycle Count,mgr_1
ADJ00000686,STR0008,SKU0000483,2026-04-06 07:35:26,10,Shrink,
ADJ00000687,STR0018,SKU0000166,2026-04-22 22:29:23,-2,Found Inventory,mgr_2
ADJ00000688,STR0019,SKU0000119,2026-05-07 14:44:47,20,Found Inventory,
ADJ00000689,STR0009,SKU0000039,2026-05-17 08:26:39,bad,Damage,
ADJ00000690,STR0005,SKU0000004,2026-05-24 16:18:22,10,Shrink,mgr_2
ADJ00000691,STR0017,SKU0000532,2026-04-15 06:54:08,-2,Cycle Count,mgr_2
ADJ00000692,STR0015,SKU0000028,2026-04-11 07:35:31,-2,Cycle Count,mgr_2
ADJ00000693,STR0015,SKU0000451,2026-04-02 05:20:38,5,System Correction,mgr_2
ADJ00000694,STR0015,SKU0000416,2026-05-24 06:08:15,1,Shrink,
ADJ00000695,STR0010,SKU0000492,2026-04-21 23:47:25,bad,Cycle Count,mgr_1
ADJ00000696,STR0012,SKU0000077,2026-05-10 23:39:55,1,Shrink,inventory_lead
ADJ00000697,STR0010,SKU0000110,2026-04-08 14:04:53,1,Shrink,mgr_1
ADJ00000698,STR0021,SKU0000209,2026-05-04 20:02:17,1,System Correction,mgr_1
ADJ00000699,STR0015,SKU0000249,2026-04-07 16:34:20,-2,Found Inventory,
ADJ00000700,STR0005,SKU0000213,2026-05-03 18:43:47,20,Cycle Count,mgr_1
ADJ00000701,STR0017,SKU0000152,2026-05-04 16:54:30,bad,Shrink,mgr_2
ADJ00000702,STR0014,SKU0000178,2026-04-17 11:41:29,2,Found Inventory,mgr_2
ADJ00000703,STR0002,SKU0000371,2026-05-17 09:50:44,5,Found Inventory,
ADJ00000704,STR0025,SKU0000208,2026-05-18 20:51:00,2,Cycle Count,inventory_lead
ADJ00000705,STR0010,SKU0000450,2026-04-02 14:39:26,10,Damage,mgr_2
ADJ00000706,STR0021,SKU0000404,2026-05-23 04:24:52,20,Damage,mgr_2
ADJ00000707,STR0001,SKU0000134,2026-05-24 17:58:20,2,Found Inventory,mgr_1
ADJ00000708,STR0014,SKU0000359,2026-04-29 11:51:36,2,System Correction,inventory_lead
ADJ00000709,STR0007,SKU0000144,2026-04-21 11:43:58,-2,Shrink,controller
ADJ00000710,STR0018,SKU0000126,2026-04-02 00:43:09,2,Cycle Count,
ADJ00000711,STR0019,SKU0000161,2026-05-31 03:40:20,-10,Shrink,controller
ADJ00000712,STR0025,SKU0000472,2026-05-01 17:56:59,-5,Found Inventory,controller
ADJ00000713,STR0019,SKU0000332,2026-05-22 11:21:25,-5,System Correction,controller
ADJ00000714,STR0008,SKU0000356,2026-05-02 03:49:07,2,Cycle Count,controller
ADJ00000715,STR0012,SKU0000215,2026-05-17 08:19:46,-5,Damage,controller
ADJ00000716,STR0001,SKU0000177,2026-05-16 07:18:31,-2,System Correction,inventory_lead
ADJ00000717,STR0005,SKU0000258,2026-04-19 21:03:12,-20,System Correction,
ADJ00000718,STR0020,SKU0000414,2026-05-26 04:36:01,20,System Correction,inventory_lead
ADJ00000719,STR0006,SKU0000279,2026-04-16 22:03:33,10,Found Inventory,
ADJ00000720,STR0010,SKU0000314,2026-05-24 02:39:14,20,Damage,
ADJ00000721,STR0025,SKU0000309,2026-04-20 03:45:48,1,Cycle Count,
ADJ00000722,STR0021,SKU0000370,2026-05-03 10:50:57,-2,Found Inventory,inventory_lead
ADJ00000723,STR0011,SKU0000310,2026-04-03 04:33:34,2,Damage,mgr_1
ADJ00000724,STR0012,SKU0000570,2026-05-02 03:07:41,20,Found Inventory,inventory_lead
ADJ00000725,STR0022,SKU0000134,2026-05-31 19:47:13,bad,Cycle Count,
ADJ00000726,STR0022,SKU0000318,2026-04-14 04:55:27,-2,Cycle Count,mgr_2
ADJ00000727,STR0001,SKU0000330,2026-05-28 21:46:54,5,Found Inventory,
ADJ00000728,STR0022,SKU0000042,2026-05-02 01:53:16,1,Shrink,mgr_1
ADJ00000729,STR0009,SKU0000297,2026-04-13 14:06:50,-10,Found Inventory,
ADJ00000730,STR0007,SKU0000251,2026-04-06 20:24:53,20,Cycle Count,mgr_2
ADJ00000731,STR0025,SKU0000519,2026-05-17 14:33:10,-20,Found Inventory,inventory_lead
ADJ00000732,STR0011,SKU0000145,2026-05-28 20:27:59,20,System Correction,controller
ADJ00000733,STR0022,SKU0000374,2026-05-11 20:20:14,1,Cycle Count,
ADJ00000734,STR0024,SKU0000186,2026-05-24 22:53:17,10,Damage,
ADJ00000735,STR0002,SKU0000236,2026-05-11 16:57:59,bad,Cycle Count,
ADJ00000736,STR0002,SKU0000383,2026-04-10 23:17:26,-20,Shrink,inventory_lead
ADJ00000737,STR0009,SKU0000367,2026-04-07 11:10:25,20,Shrink,mgr_1
ADJ00000738,STR0020,SKU0000176,2026-04-30 22:29:24,bad,Shrink,controller
ADJ00000739,STR0016,SKU0000232,2026-04-12 13:58:32,-2,Found Inventory,mgr_2
ADJ00000740,STR0019,SKU0000377,2026-05-14 04:22:56,5,Cycle Count,mgr_2
ADJ00000741,STR0021,SKU0000390,2026-05-13 08:48:48,-2,System Correction,mgr_1
ADJ00000742,STR0011,SKU0000081,2026-04-17 11:32:09,1,Found Inventory,
ADJ00000743,STR0016,SKU0000507,2026-04-21 01:58:45,10,Found Inventory,
ADJ00000744,STR0005,SKU0000269,2026-04-26 11:45:25,1,Found Inventory,mgr_1
ADJ00000745,STR0023,SKU0000131,2026-05-07 22:25:25,-2,Cycle Count,mgr_1
ADJ00000746,STR0021,SKU0000164,2026-04-24 05:05:08,bad,System Correction,inventory_lead
ADJ00000747,STR0004,SKU0000011,2026-05-24 16:10:52,5,Found Inventory,controller
ADJ00000748,STR0018,SKU0000080,2026-04-14 17:29:05,20,Damage,
ADJ00000749,STR0011,SKU0000439,2026-05-11 03:52:19,1,Shrink,mgr_1
ADJ00000750,STR0021,SKU0000004,2026-04-07 18:02:08,-2,Damage,
ADJ00000751,STR0024,SKU0000193,2026-04-18 02:02:04,bad,Found Inventory,mgr_1
ADJ00000752,STR0011,SKU0000340,2026-04-09 10:44:39,-20,System Correction,
ADJ00000753,STR0018,SKU0000246,2026-04-29 13:22:23,-10,Shrink,mgr_1
ADJ00000754,STR0022,SKU0000222,2026-05-09 18:28:49,1,Damage,controller
ADJ00000755,STR0003,SKU0000188,2026-05-17 07:33:41,-20,Cycle Count,inventory_lead
ADJ00000756,STR0007,SKU0000092,2026-05-18 19:49:17,-20,Cycle Count,mgr_2
ADJ00000757,STR0023,SKU0000194,2026-05-14 16:15:51,-10,Found Inventory,
ADJ00000758,STR0020,SKU0000495,2026-04-13 18:40:02,20,Damage,inventory_lead
ADJ00000759,STR0014,SKU0000525,2026-04-21 03:36:35,10,Damage,mgr_1
ADJ00000760,STR0022,SKU0000086,2026-04-27 18:24:48,2,Damage,controller
ADJ00000761,STR0013,SKU0000306,2026-05-27 00:08:19,-5,Found Inventory,
ADJ00000762,STR0022,SKU0000118,2026-04-28 08:54:55,bad,System Correction,mgr_2
ADJ00000763,STR0003,SKU0000108,2026-05-13 09:10:13,10,Shrink,inventory_lead
ADJ00000764,STR0002,SKU0000038,2026-05-19 21:15:19,20,Cycle Count,controller
ADJ00000765,STR0005,SKU0000318,2026-04-16 17:16:49,bad,Shrink,mgr_1
ADJ00000766,STR0014,SKU0000067,2026-04-01 05:08:26,10,Found Inventory,controller
ADJ00000767,STR0019,SKU0000016,2026-05-14 20:40:25,-5,Damage,inventory_lead
ADJ00000768,STR0010,SKU0000455,2026-05-19 02:06:41,bad,Damage,controller
ADJ00000769,STR0014,SKU0000350,2026-05-14 14:04:54,1,Cycle Count,inventory_lead
ADJ00000770,STR0017,SKU0000054,2026-04-23 10:08:21,1,Found Inventory,
ADJ00000771,STR0003,SKU0000267,2026-05-25 22:16:56,-10,Damage,mgr_2
ADJ00000772,STR0005,SKU0000228,2026-04-27 10:17:41,bad,Damage,
ADJ00000773,STR0021,SKU0000251,2026-04-24 06:13:23,1,System Correction,mgr_1
ADJ00000774,STR0013,SKU0000521,2026-05-23 20:27:45,-2,Found Inventory,
ADJ00000775,STR0018,SKU0000567,2026-05-10 21:21:41,-20,Found Inventory,mgr_1
ADJ00000776,STR0024,SKU0000223,2026-05-10 10:41:22,-5,Shrink,mgr_2
ADJ00000777,STR0013,SKU0000152,2026-05-24 23:43:03,-10,Damage,controller
ADJ00000778,STR0010,SKU0000079,2026-05-22 07:44:40,5,System Correction,controller
ADJ00000779,STR0011,SKU0000357,2026-05-31 13:32:50,-2,Cycle Count,controller
ADJ00000780,STR0024,SKU0000210,2026-04-15 23:53:39,-20,Shrink,mgr_1
ADJ00000781,STR0011,SKU0000297,2026-04-21 09:55:25,2,System Correction,inventory_lead
ADJ00000782,STR0006,SKU0000339,2026-04-21 06:57:29,-10,Shrink,mgr_1
ADJ00000783,STR0009,SKU0000281,2026-05-24 04:14:31,bad,Found Inventory,mgr_2
ADJ00000784,STR0014,SKU0000360,2026-05-26 15:23:17,-20,Cycle Count,
ADJ00000785,STR0011,SKU0000515,2026-04-04 18:44:29,2,Damage,controller
ADJ00000786,STR0020,SKU0000090,2026-05-21 14:06:37,-10,Damage,mgr_2
ADJ00000787,STR0018,SKU0000056,2026-04-23 05:07:43,-5,Damage,
ADJ00000788,STR0011,SKU0000018,2026-05-04 07:35:41,bad,Cycle Count,mgr_2
ADJ00000789,STR0010,SKU0000232,2026-05-19 17:38:39,5,Found Inventory,inventory_lead
ADJ00000790,STR0005,SKU0000536,2026-04-06 01:42:26,2,Shrink,controller
ADJ00000791,STR0014,SKU0000555,2026-05-24 20:12:23,bad,Found Inventory,
ADJ00000792,STR0002,SKU0000475,2026-05-09 13:50:42,-20,Found Inventory,mgr_2
ADJ00000793,STR0015,SKU0000515,2026-04-19 06:22:54,-20,Shrink,controller
ADJ00000794,STR0022,SKU0000345,2026-05-22 13:38:21,10,Cycle Count,mgr_1
ADJ00000795,STR0015,SKU0000192,2026-05-11 12:10:00,10,Damage,mgr_1
ADJ00000796,STR0020,SKU0000474,2026-04-17 17:39:51,-2,Shrink,inventory_lead
ADJ00000797,STR0014,SKU0000521,2026-05-24 07:24:17,bad,Damage,controller
ADJ00000798,STR0015,SKU0000026,2026-04-09 07:26:56,1,System Correction,inventory_lead
ADJ00000799,STR0002,SKU0000486,2026-04-29 16:02:57,5,Damage,controller
ADJ00000800,STR0014,SKU0000093,2026-05-28 05:27:23,bad,System Correction,inventory_lead
