work_order_id,asset_id,site_id,created_date,scheduled_date,completed_date,maintenance_type,priority,status,labor_hours,parts_cost,completion_days
WO00000001,AST000089,SITE0011,2026-03-31,2026-04-01,,Inspection,Medium,Completed,29.26,5974.95,
WO00000002,AST000233,SITE0028,2026-03-14,2026-03-16,2026-03-16,Preventive,High,In Progress,59.95,27995.62,2.0
WO00000003,AST000231,SITE0027,2026-05-26,2026-06-05,2026-05-31,Preventive,Medium,Open,73.61,21359.77,5.0
WO00000004,AST000001,SITE0001,2026-05-14,2026-05-23,2026-06-03,Preventive,High,Cancelled,25.03,44271.95,20.0
WO00000005,AST000021,SITE0003,2026-05-22,2026-06-01,,Preventive,Low,Open,29.6,40478.67,
WO00000006,AST000154,SITE0018,2026-05-12,2026-05-18,2026-06-21,Inspection,Critical,Completed,45.22,23962.89,40.0
WO00000007,AST000133,SITE0016,2026-03-08,2026-03-17,2026-03-10,Preventive,Critical,In Progress,61.17,13942.29,2.0
WO00000008,AST000137,SITE0017,2026-03-02,2026-03-04,2026-04-11,Preventive,Medium,Open,13.98,29875.1,40.0
WO00000009,AST000072,SITE0009,2026-04-30,2026-05-06,2026-05-10,Corrective,Medium,Completed,63.01,23466.7,10.0
WO00000010,AST000005,SITE0001,2026-03-14,2026-03-18,2026-03-19,Preventive,Critical,Open,74.43,5186.03,5.0
WO00000011,AST000080,SITE0010,2026-02-21,2026-02-21,,Inspection,Critical,Completed,51.89,8819.26,
WO00000012,AST000249,SITE0030,2026-03-21,2026-03-26,,Inspection,High,Open,32.78,36182.29,
WO00000013,AST000087,SITE0011,2026-04-14,2026-04-19,2026-04-16,Emergency,Low,Open,25.19,39825.62,2.0
WO00000014,AST000022,SITE0003,2026-04-27,2026-05-07,2026-05-17,Corrective,Medium,Open,19.32,10324.71,20.0
WO00000015,AST000163,SITE0020,2026-05-30,2026-06-08,2026-05-31,Preventive,Medium,Completed,32.01,20991.54,1.0
WO00000016,AST000157,SITE0019,2026-02-21,2026-03-03,2026-02-22,Preventive,High,Completed,49.98,17598.65,1.0
WO00000017,AST000030,SITE0004,2026-03-04,2026-03-10,2026-03-14,Inspection,Medium,Open,79.5,8265.62,10.0
WO00000018,AST000206,SITE0025,2026-01-14,2026-01-19,2026-01-24,Corrective,Medium,Open,38.9,35616.32,10.0
WO00000019,AST000204,SITE0024,2026-02-12,2026-02-12,,Preventive,Low,Cancelled,79.63,10609.59,
WO00000020,AST000198,SITE0024,2026-01-31,2026-02-10,2026-02-01,Preventive,Low,Open,29.57,35272.07,1.0
WO00000021,AST000090,SITE0011,2026-04-05,2026-04-07,2026-05-15,Inspection,Low,In Progress,23.98,8769.27,40.0
WO00000022,AST000248,SITE0029,2026-01-20,2026-01-30,2026-02-09,Preventive,Medium,Cancelled,6.38,11824.6,20.0
WO00000023,AST000036,SITE0005,2026-04-03,2026-04-11,2026-04-13,Corrective,Low,Open,43.91,9561.75,10.0
WO00000024,AST000061,SITE0008,2026-05-28,2026-06-06,2026-06-07,Preventive,Critical,Open,35.76,37402.31,10.0
WO00000025,AST000012,SITE0002,2026-03-19,2026-03-24,2026-04-28,Emergency,Medium,Open,33.24,39916.76,40.0
WO00000026,AST000047,SITE0006,2026-04-19,2026-04-20,2026-04-29,Inspection,Low,Cancelled,69.74,34336.48,10.0
WO00000027,AST000006,SITE0001,2026-03-26,2026-03-26,2026-05-05,Preventive,Medium,Open,77.74,10653.91,40.0
WO00000028,AST000190,SITE0022,2026-04-14,2026-04-14,2026-05-04,Preventive,Critical,Completed,60.23,346.2,20.0
WO00000029,AST000051,SITE0007,2026-02-18,2026-02-28,2026-02-28,Inspection,Medium,In Progress,72.75,814.17,10.0
WO00000030,AST000027,SITE0004,2026-01-28,2026-02-04,2026-02-17,Inspection,Medium,Open,31.69,12230.35,20.0
WO00000031,AST000227,SITE0027,2026-03-22,2026-03-24,2026-05-01,Emergency,High,Completed,16.24,22789.82,40.0
WO00000032,AST000199,SITE0024,2026-04-30,2026-05-04,2026-05-01,Inspection,Medium,In Progress,14.27,42358.68,1.0
WO00000033,AST000128,SITE0016,2026-01-31,2026-02-07,2026-02-10,Inspection,Medium,Open,18.69,37828.13,10.0
WO00000034,AST000245,SITE0029,2026-04-28,2026-05-04,2026-06-07,Corrective,Medium,Completed,42.59,39952.52,40.0
WO00000035,AST000202,SITE0024,2026-03-04,2026-03-07,,Corrective,High,Open,50.88,27427.41,
WO00000036,AST000216,SITE0026,2026-04-28,2026-05-03,2026-04-29,Corrective,Critical,Cancelled,63.56,21429.0,1.0
WO00000037,AST000136,SITE0016,2026-05-08,2026-05-13,2026-05-09,Preventive,Medium,Open,75.1,30913.15,1.0
WO00000038,AST000021,SITE0003,2026-03-24,2026-03-29,2026-03-26,Corrective,Medium,Open,44.23,30439.06,2.0
WO00000039,AST000179,SITE0021,2026-04-12,2026-04-13,2026-04-14,Preventive,High,Completed,59.19,37114.44,2.0
WO00000040,AST000139,SITE0017,2026-04-05,2026-04-10,2026-04-10,Corrective,High,Open,35.57,18070.99,5.0
WO00000041,AST000163,SITE0020,2026-02-10,2026-02-11,2026-02-20,Preventive,Low,Cancelled,39.16,39642.46,10.0
WO00000042,AST000074,SITE0009,2026-03-09,2026-03-10,,Preventive,Medium,In Progress,59.3,93.78,
WO00000043,AST000044,SITE0006,2026-02-16,2026-02-24,,Preventive,Low,In Progress,28.34,42668.98,
WO00000044,AST000225,SITE0027,2026-05-14,2026-05-22,2026-06-23,Emergency,Critical,Cancelled,1.96,32743.32,40.0
WO00000045,AST000007,SITE0001,2026-02-23,2026-02-24,2026-02-28,Preventive,Low,Open,74.53,4981.84,5.0
WO00000046,AST000074,SITE0009,2026-03-05,2026-03-06,2026-03-15,Emergency,Low,Cancelled,71.39,10460.62,10.0
WO00000047,AST000097,SITE0012,2026-02-14,2026-02-15,2026-02-16,Preventive,Critical,In Progress,69.47,19233.64,2.0
WO00000048,AST000206,SITE0025,2026-05-15,2026-05-19,2026-05-16,Preventive,High,In Progress,22.15,19127.53,1.0
WO00000049,AST000046,SITE0006,2026-02-16,2026-02-21,2026-02-17,Inspection,High,Completed,49.96,28655.99,1.0
WO00000050,AST000244,SITE0029,2026-03-01,2026-03-11,2026-03-11,Inspection,Low,Open,42.56,32320.36,10.0
WO00000051,AST000178,SITE0021,2026-02-24,2026-02-26,2026-02-26,Emergency,High,Cancelled,44.62,44199.77,2.0
WO00000052,AST000207,SITE0025,2026-04-28,2026-04-28,,Preventive,Medium,Open,30.72,10486.07,
WO00000053,AST000191,SITE0023,2026-02-24,2026-02-26,2026-02-26,Corrective,Low,Cancelled,58.43,36642.4,2.0
WO00000054,AST000126,SITE0015,2026-01-25,2026-02-01,,Preventive,Medium,In Progress,11.83,19846.28,
WO00000055,AST000071,SITE0009,2026-02-09,2026-02-18,2026-02-19,Emergency,Critical,Open,9.69,21064.5,10.0
WO00000056,AST000151,SITE0018,2026-01-12,2026-01-14,2026-01-14,Preventive,Low,In Progress,49.09,39891.48,2.0
WO00000057,AST000109,SITE0013,2026-01-11,2026-01-11,2026-01-16,Preventive,High,Open,60.31,12754.57,5.0
WO00000058,AST000045,SITE0006,2026-03-26,2026-03-27,2026-03-28,Corrective,Medium,Completed,23.19,40563.23,2.0
WO00000059,AST000208,SITE0025,2026-05-27,2026-06-01,2026-06-16,Inspection,Critical,In Progress,7.42,39280.57,20.0
WO00000060,AST000210,SITE0025,2026-01-24,2026-01-24,2026-02-13,Preventive,Low,Open,35.81,5362.22,20.0
WO00000061,AST000163,SITE0020,2026-03-12,2026-03-19,2026-03-17,Emergency,Low,Open,65.08,28893.99,5.0
WO00000062,AST000085,SITE0011,2026-04-06,2026-04-15,2026-04-11,Preventive,Critical,Open,47.85,22356.71,5.0
WO00000063,AST000093,SITE0012,2026-01-01,2026-01-10,2026-02-10,Preventive,Medium,Cancelled,71.07,31694.26,40.0
WO00000064,AST000016,SITE0003,2026-04-26,2026-04-26,2026-06-05,Preventive,Medium,Open,16.21,33255.58,40.0
WO00000065,AST000062,SITE0008,2026-05-09,2026-05-09,2026-05-29,Corrective,High,Cancelled,77.66,24969.94,20.0
WO00000066,AST000085,SITE0011,2026-03-18,2026-03-24,2026-04-27,Emergency,Low,Open,76.73,38454.62,40.0
WO00000067,AST000153,SITE0018,2026-03-02,2026-03-04,2026-03-12,Preventive,Low,Open,79.53,18255.54,10.0
WO00000068,AST000093,SITE0012,2026-04-22,2026-04-24,,Preventive,High,Open,32.56,33791.82,
WO00000069,AST000089,SITE0011,2026-05-10,2026-05-10,2026-05-11,Emergency,Medium,In Progress,58.89,18664.46,1.0
WO00000070,AST000244,SITE0029,2026-04-18,2026-04-22,2026-05-28,Emergency,Low,Cancelled,44.47,24445.76,40.0
WO00000071,AST000084,SITE0010,2026-05-22,2026-06-01,2026-06-11,Preventive,High,In Progress,10.67,34679.93,20.0
WO00000072,AST000174,SITE0021,2026-01-25,2026-01-26,2026-02-04,Corrective,High,Open,47.68,14822.04,10.0
WO00000073,AST000018,SITE0003,2026-03-24,2026-03-27,2026-03-29,Preventive,Medium,Open,79.0,28672.23,5.0
WO00000074,AST000248,SITE0029,2026-05-08,2026-05-18,2026-05-13,Corrective,Low,Completed,71.25,19462.08,5.0
WO00000075,AST000168,SITE0020,2026-02-15,2026-02-21,2026-03-27,Preventive,Low,Open,68.75,29436.57,40.0
WO00000076,AST000202,SITE0024,2026-03-04,2026-03-11,2026-03-14,Corrective,Critical,Open,17.38,14933.82,10.0
WO00000077,AST000241,SITE0029,2026-04-16,2026-04-23,2026-05-06,Preventive,High,Open,33.8,40163.51,20.0
WO00000078,AST000130,SITE0016,2026-01-16,2026-01-23,2026-01-21,Preventive,Medium,Open,52.49,17606.55,5.0
WO00000079,AST000219,SITE0026,2026-05-17,2026-05-22,2026-05-22,Preventive,Low,In Progress,75.31,32971.83,5.0
WO00000080,AST000065,SITE0008,2026-05-06,2026-05-10,2026-05-08,Preventive,Medium,Cancelled,50.43,24301.79,2.0
WO00000081,AST000117,SITE0014,2026-03-03,2026-03-11,2026-03-08,Inspection,Low,Cancelled,72.68,44057.8,5.0
WO00000082,AST000135,SITE0016,2026-04-25,2026-05-03,2026-05-05,Preventive,Low,In Progress,3.14,43508.69,10.0
WO00000083,AST000177,SITE0021,2026-01-07,2026-01-16,2026-01-17,Preventive,Low,Cancelled,54.11,3118.26,10.0
WO00000084,AST000105,SITE0013,2026-05-10,2026-05-13,2026-05-20,Emergency,Medium,Open,57.38,26000.21,10.0
WO00000085,AST000058,SITE0008,2026-02-17,2026-02-24,2026-03-29,Corrective,Critical,Completed,56.84,27270.65,40.0
WO00000086,AST000208,SITE0025,2026-05-14,2026-05-23,2026-06-03,Inspection,Low,Open,40.28,3061.5,20.0
WO00000087,AST000208,SITE0025,2026-04-23,2026-04-24,2026-04-28,Corrective,Medium,Completed,45.75,38385.68,5.0
WO00000088,AST000153,SITE0018,2026-02-19,2026-02-25,2026-02-21,Preventive,High,Completed,37.29,10069.47,2.0
WO00000089,AST000218,SITE0026,2026-01-08,2026-01-14,2026-01-28,Preventive,Medium,In Progress,16.83,21224.21,20.0
WO00000090,AST000128,SITE0016,2026-03-05,2026-03-07,2026-03-15,Emergency,Medium,Open,65.11,35000.01,10.0
WO00000091,AST000094,SITE0012,2026-01-09,2026-01-13,2026-02-18,Corrective,Critical,Open,56.35,43491.35,40.0
WO00000092,AST000064,SITE0008,2026-04-23,2026-04-24,2026-04-25,Inspection,High,Open,77.65,27776.85,2.0
WO00000093,AST000179,SITE0021,2026-01-19,2026-01-24,2026-01-20,Corrective,Medium,Completed,17.78,32308.77,1.0
WO00000094,AST000226,SITE0027,2026-01-12,2026-01-19,2026-01-17,Corrective,Low,In Progress,48.61,14495.44,5.0
WO00000095,AST000177,SITE0021,2026-02-23,2026-03-05,2026-02-25,Preventive,High,Completed,68.7,39747.97,2.0
WO00000096,AST000007,SITE0001,2026-01-06,2026-01-16,2026-01-08,Inspection,High,Completed,43.88,38936.04,2.0
WO00000097,AST000009,SITE0002,2026-05-20,2026-05-23,,Preventive,Critical,Completed,19.71,22056.49,
WO00000098,AST000201,SITE0024,2026-02-16,2026-02-16,2026-03-08,Preventive,High,Cancelled,19.41,33533.08,20.0
WO00000099,AST000246,SITE_BAD,2026-05-06,2026-05-06,2026-05-26,Preventive,Medium,Cancelled,5.4,18108.98,20.0
WO00000100,AST000119,SITE0015,2026-04-21,2026-04-27,2026-05-11,Emergency,Medium,Open,52.24,38076.68,20.0
WO00000101,AST000147,SITE0018,2026-05-08,2026-05-10,2026-05-10,Preventive,Critical,Completed,53.63,39664.79,2.0
WO00000102,AST000145,SITE0018,2026-04-28,2026-05-01,2026-04-30,Preventive,Low,Open,24.92,22561.91,2.0
WO00000103,AST000001,SITE0001,2026-01-15,2026-01-24,,Corrective,Low,Open,27.67,15928.49,
WO00000104,AST000106,SITE0013,2026-04-20,2026-04-30,2026-04-30,Preventive,Low,In Progress,32.41,36031.88,10.0
WO00000105,AST000199,SITE0024,2026-05-10,2026-05-20,2026-06-19,Preventive,High,Cancelled,36.07,1950.24,40.0
WO00000106,AST000216,SITE0026,2026-05-07,2026-05-08,2026-05-12,Emergency,Medium,Completed,47.33,16494.33,5.0
WO00000107,AST000021,SITE0003,2026-04-13,2026-04-19,2026-04-18,Emergency,High,In Progress,56.92,33683.12,5.0
WO00000108,AST000164,SITE0020,2026-04-27,2026-05-02,2026-05-07,Corrective,Medium,Completed,21.58,26584.34,10.0
WO00000109,AST000047,SITE0006,2026-05-15,2026-05-21,2026-05-16,Emergency,Low,Cancelled,24.47,12813.05,1.0
WO00000110,AST000029,SITE0004,2026-02-02,2026-02-05,2026-02-03,Preventive,Medium,Open,56.44,26476.39,1.0
WO00000111,AST000089,SITE0011,2026-03-11,2026-03-12,2026-03-13,Preventive,Critical,Open,66.34,43054.85,2.0
WO00000112,AST000091,SITE0011,2026-03-29,2026-04-05,2026-04-03,Preventive,Medium,Completed,51.49,14512.75,5.0
WO00000113,AST000213,SITE0026,2026-02-21,2026-02-27,,Corrective,Medium,Cancelled,71.81,24613.98,
WO00000114,AST000186,SITE0022,2026-04-23,2026-04-25,2026-04-25,Preventive,High,Open,23.52,29651.02,2.0
WO00000115,AST000162,SITE0019,2026-05-20,2026-05-22,2026-05-22,Inspection,Medium,In Progress,60.64,38038.98,2.0
WO00000116,AST000247,SITE0029,2026-02-17,2026-02-24,2026-02-18,Emergency,Low,In Progress,74.54,34558.14,1.0
WO00000117,AST000121,SITE0015,2026-02-01,2026-02-09,2026-02-21,Inspection,Critical,Completed,74.15,19418.88,20.0
WO00000118,AST000082,SITE0010,2026-01-02,2026-01-10,2026-01-12,Inspection,Low,Completed,32.55,15113.17,10.0
WO00000119,AST000175,SITE0021,2026-01-13,2026-01-18,,Emergency,Low,Cancelled,23.37,15813.57,
WO00000120,AST000207,SITE0025,2026-05-27,2026-05-27,2026-06-16,Emergency,Medium,Open,58.48,13913.68,20.0
WO00000121,AST000030,SITE0004,2026-03-14,2026-03-15,2026-03-19,Preventive,High,Open,39.6,1635.9,5.0
WO00000122,AST000207,SITE0025,2026-03-04,2026-03-14,2026-03-06,Inspection,Medium,Open,12.88,31734.54,2.0
WO00000123,AST000111,SITE0014,2026-02-11,2026-02-15,,Inspection,Critical,Completed,25.71,31600.02,
WO00000124,AST000082,SITE0010,2026-02-04,2026-02-12,2026-02-09,Corrective,Medium,Open,77.0,5902.68,5.0
WO00000125,AST000031,SITE0004,2026-03-18,2026-03-28,2026-03-19,Preventive,Medium,Open,12.19,221.57,1.0
WO00000126,AST000030,SITE0004,2026-01-01,2026-01-06,2026-02-10,Inspection,Critical,Open,72.85,38679.56,40.0
WO00000127,AST000018,SITE0003,2026-05-21,2026-05-31,2026-06-30,Preventive,Critical,Cancelled,24.61,1157.37,40.0
WO00000128,AST000144,SITE0017,2026-05-16,2026-05-21,2026-06-25,Inspection,Low,Completed,60.4,17768.37,40.0
WO00000129,AST000198,SITE0024,2026-05-14,2026-05-14,2026-06-23,Emergency,High,Cancelled,,38996.87,40.0
WO00000130,AST000181,SITE0021,2026-01-04,2026-01-11,2026-01-09,Corrective,Medium,In Progress,42.65,18834.56,5.0
WO00000131,AST000165,SITE0020,2026-05-27,2026-05-29,2026-06-06,Preventive,High,Open,63.31,37471.37,10.0
WO00000132,AST000046,SITE0006,2026-05-14,2026-05-20,2026-05-15,Corrective,Critical,Completed,64.04,19434.39,1.0
WO00000133,AST000158,SITE0019,2026-04-13,2026-04-15,2026-05-23,Corrective,Critical,In Progress,70.0,22328.75,40.0
WO00000134,AST000151,SITE0018,2026-01-10,2026-01-16,2026-01-30,Preventive,Medium,Completed,15.3,33483.69,20.0
WO00000135,AST000083,SITE0010,2026-04-12,2026-04-14,,Preventive,Medium,Open,0.62,15745.9,
WO00000136,AST000115,SITE0014,2026-03-07,2026-03-14,2026-04-16,Preventive,Medium,Open,0.66,18299.98,40.0
WO00000137,AST000018,SITE0003,2026-01-11,2026-01-16,2026-02-20,Inspection,Critical,Open,13.77,33959.73,40.0
WO00000138,AST000127,SITE0016,2026-01-31,2026-02-07,2026-02-01,Emergency,Medium,Completed,22.05,3234.59,1.0
WO00000139,AST000222,SITE0026,2026-03-05,2026-03-13,2026-03-15,Inspection,High,In Progress,35.02,3553.15,10.0
WO00000140,AST000120,SITE0015,2026-02-22,2026-02-22,2026-02-23,Corrective,Medium,Open,69.78,17407.36,1.0
WO00000141,AST000039,SITE0005,2026-03-09,2026-03-10,2026-03-29,Preventive,High,Open,13.17,16722.15,20.0
WO00000142,AST000011,SITE0002,2026-02-02,2026-02-04,2026-02-04,Corrective,Low,Completed,35.13,4401.07,2.0
WO00000143,AST000143,SITE0017,2026-05-12,2026-05-18,,Preventive,High,Completed,75.25,23275.5,
WO00000144,AST000034,SITE0005,2026-05-10,2026-05-15,,Preventive,Critical,In Progress,3.65,1873.69,
WO00000145,AST000165,SITE0020,2026-01-12,2026-01-12,2026-02-01,Emergency,Low,Open,19.67,40020.12,20.0
WO00000146,AST000017,SITE0003,2026-03-03,2026-03-06,2026-03-23,Emergency,Medium,Cancelled,44.27,18716.3,20.0
WO00000147,AST000044,SITE0006,2026-01-16,2026-01-22,2026-01-18,Emergency,Critical,In Progress,71.1,35831.86,2.0
WO00000148,AST000133,SITE0016,2026-05-16,2026-05-24,2026-06-25,Emergency,Low,Completed,1.61,35281.63,40.0
WO00000149,AST000162,SITE0019,2026-01-01,2026-01-03,2026-01-03,Emergency,Low,In Progress,28.46,14054.17,2.0
WO00000150,AST000034,SITE0005,2026-03-04,2026-03-11,2026-03-06,Corrective,Medium,Cancelled,45.32,40829.59,2.0
WO00000151,AST000096,SITE0012,2026-01-04,2026-01-11,2026-01-06,Preventive,Medium,Open,50.41,34686.8,2.0
WO00000152,AST000100,SITE0012,2026-02-04,2026-02-07,,Preventive,Medium,Completed,11.85,25420.64,
WO00000153,AST000131,SITE0016,2026-02-28,2026-03-01,2026-03-01,Corrective,Critical,Open,3.28,31383.6,1.0
WO00000154,AST000124,SITE0015,2026-02-09,2026-02-12,2026-03-01,Inspection,Critical,In Progress,10.51,6955.17,20.0
WO00000155,AST000203,SITE0024,2026-03-31,2026-04-10,2026-04-20,Inspection,Low,Completed,76.4,28237.03,20.0
WO00000156,AST000030,SITE0004,2026-02-22,2026-02-22,2026-02-23,Preventive,Medium,Open,61.77,26181.52,1.0
WO00000157,AST000187,SITE0022,2026-02-17,2026-02-18,,Preventive,Medium,Cancelled,1.94,44268.99,
WO00000158,AST000014,SITE0002,2026-01-20,2026-01-22,,Emergency,Low,Open,24.83,33338.73,
WO00000159,AST000042,SITE0006,2026-03-28,2026-03-28,,Corrective,Medium,Completed,45.48,38424.86,
WO00000160,AST000214,SITE0026,2026-01-14,2026-01-17,2026-01-16,Preventive,Low,Cancelled,45.74,20293.19,2.0
WO00000161,AST000179,SITE0021,2026-04-24,2026-04-24,2026-04-25,Inspection,Medium,Completed,6.88,9700.3,1.0
WO00000162,AST000199,SITE0024,2026-02-08,2026-02-17,2026-02-28,Emergency,Low,Open,69.6,27206.88,20.0
WO00000163,AST000011,SITE0002,2026-04-13,2026-04-13,2026-04-18,Corrective,Medium,Completed,77.16,40137.76,5.0
WO00000164,AST000105,SITE0013,2026-05-23,2026-05-23,2026-05-25,Emergency,Medium,In Progress,67.71,41930.69,2.0
WO00000165,AST000121,SITE0015,2026-03-29,2026-04-06,,Emergency,Medium,Completed,35.15,32921.06,
WO00000166,AST000244,SITE0029,2026-02-25,2026-03-01,2026-04-06,Preventive,Critical,Open,67.71,34020.23,40.0
WO00000167,AST000082,SITE0010,2026-05-04,2026-05-07,2026-05-14,Corrective,Low,Open,78.02,30985.42,10.0
WO00000168,AST000025,SITE0004,2026-04-01,2026-04-01,2026-04-06,Emergency,Medium,Cancelled,57.5,27289.24,5.0
WO00000169,AST000074,SITE0009,2026-01-12,2026-01-14,2026-01-22,Corrective,High,Completed,23.68,20047.25,10.0
WO00000170,AST000200,SITE0024,2026-02-22,2026-02-23,2026-03-04,Preventive,Medium,Completed,5.78,37966.16,10.0
WO00000171,AST000152,SITE0018,2026-05-07,2026-05-10,2026-05-08,Inspection,Critical,Completed,,2820.94,1.0
WO00000172,AST000194,SITE0023,2026-03-22,2026-04-01,2026-05-01,Corrective,Medium,Completed,16.94,34679.28,40.0
WO00000173,AST000059,SITE0008,2026-04-30,2026-05-08,2026-05-10,Emergency,Critical,Completed,28.0,21676.15,10.0
WO00000174,AST000037,SITE0005,2026-03-09,2026-03-11,2026-03-29,Preventive,Low,Completed,57.71,40294.87,20.0
WO00000175,AST000176,SITE0021,2026-01-22,2026-01-28,2026-01-24,Preventive,Low,Open,34.38,28121.71,2.0
WO00000176,AST000125,SITE0015,2026-03-02,2026-03-04,2026-03-12,Preventive,Low,Cancelled,27.19,22773.1,10.0
WO00000177,AST000205,SITE0024,2026-03-14,2026-03-24,2026-04-23,Emergency,High,Cancelled,42.31,26686.72,40.0
WO00000178,AST000023,SITE0003,2026-03-18,2026-03-27,2026-03-28,Inspection,Low,Open,48.85,18326.93,10.0
WO00000179,AST000104,SITE0013,2026-03-26,2026-04-01,2026-04-15,Preventive,Critical,Open,67.83,6661.93,20.0
WO00000180,AST000187,SITE0022,2026-03-26,2026-04-03,2026-04-15,Emergency,Low,Cancelled,27.95,43601.6,20.0
WO00000181,AST000190,SITE0022,2026-01-18,2026-01-26,2026-01-28,Preventive,Critical,Open,34.74,14000.35,10.0
WO00000182,AST000063,SITE0008,2026-05-02,2026-05-09,2026-05-04,Preventive,Medium,In Progress,40.71,16267.25,2.0
WO00000183,AST000101,SITE0013,2026-05-22,2026-06-01,,Preventive,Medium,Completed,72.73,18250.1,
WO00000184,AST000085,SITE0011,2026-02-17,2026-02-20,2026-02-19,Preventive,Low,Open,72.13,36071.29,2.0
WO00000185,AST000045,SITE0006,2026-03-27,2026-03-31,2026-04-16,Emergency,Critical,Cancelled,6.54,31965.09,20.0
WO00000186,AST000132,SITE0016,2026-03-23,2026-04-02,2026-05-02,Corrective,Low,Open,48.98,42419.27,40.0
WO00000187,AST000046,SITE0006,2026-05-19,2026-05-23,2026-06-28,Preventive,Medium,Open,68.29,25438.97,40.0
WO00000188,AST000191,SITE0023,2026-01-11,2026-01-11,,Corrective,Low,Cancelled,71.92,18658.93,
WO00000189,AST000042,SITE0006,2026-03-17,2026-03-23,2026-04-06,Preventive,Critical,Completed,63.9,31047.83,20.0
WO00000190,AST000032,SITE0005,2026-03-01,2026-03-03,2026-03-21,Preventive,High,Cancelled,36.07,26019.04,20.0
WO00000191,AST000128,SITE0016,2026-03-20,2026-03-23,,Emergency,Low,Completed,70.88,11597.24,
WO00000192,AST000160,SITE0019,2026-01-15,2026-01-23,2026-01-17,Preventive,Medium,Completed,35.16,33672.77,2.0
WO00000193,AST000249,SITE0030,2026-04-15,2026-04-17,2026-04-16,Inspection,Critical,Open,12.64,6977.81,1.0
WO00000194,AST000186,SITE0022,2026-01-05,2026-01-13,2026-01-25,Corrective,Medium,Completed,9.45,44536.38,20.0
WO00000195,AST000186,SITE0022,2026-01-31,2026-01-31,2026-03-12,Preventive,Low,In Progress,14.55,1384.44,40.0
WO00000196,AST000161,SITE0019,2026-05-12,2026-05-16,2026-06-01,Corrective,Medium,In Progress,12.65,14570.42,20.0
WO00000197,AST000141,SITE0017,2026-02-13,2026-02-18,2026-02-15,Preventive,Medium,Completed,48.53,9263.41,2.0
WO00000198,AST000109,SITE0013,2026-03-30,2026-03-30,2026-04-19,Corrective,High,Cancelled,23.86,6430.89,20.0
WO00000199,AST000211,SITE0025,2026-02-14,2026-02-16,2026-03-06,Preventive,Medium,Open,1.78,18034.98,20.0
WO00000200,AST000189,SITE0022,2026-04-22,2026-04-23,2026-06-01,Preventive,Medium,Cancelled,79.26,2397.1,40.0
WO00000201,AST000188,SITE0022,2026-01-12,2026-01-22,2026-01-13,Preventive,Medium,Completed,12.27,23997.34,1.0
WO00000202,AST000035,SITE0005,2026-02-23,2026-03-02,2026-02-25,Emergency,Critical,In Progress,65.41,8837.18,2.0
WO00000203,AST000052,SITE0007,2026-03-07,2026-03-17,2026-04-16,Corrective,Low,In Progress,63.07,41507.54,40.0
WO00000204,AST000129,SITE0016,2026-05-20,2026-05-21,2026-05-25,Inspection,Medium,Completed,12.07,27969.59,5.0
WO00000205,AST000116,SITE0014,2026-01-05,2026-01-12,2026-01-07,Preventive,Low,Cancelled,32.43,11714.51,2.0
WO00000206,AST000036,SITE0005,2026-02-28,2026-03-07,2026-03-02,Preventive,High,Completed,50.56,35204.88,2.0
WO00000207,AST000076,SITE0010,2026-04-22,2026-04-26,2026-06-01,Corrective,Critical,Open,16.62,30486.2,40.0
WO00000208,AST000133,SITE0016,2026-01-28,2026-02-03,2026-02-02,Inspection,High,Cancelled,53.42,25762.5,5.0
WO00000209,AST000071,SITE0009,2026-05-10,2026-05-14,2026-06-19,Corrective,Medium,Completed,25.13,27478.41,40.0
WO00000210,AST000193,SITE0023,2026-02-15,2026-02-19,2026-02-16,Preventive,Low,Cancelled,33.68,28419.83,1.0
WO00000211,AST000108,SITE0013,2026-03-12,2026-03-15,,Corrective,Medium,Open,17.53,9286.52,
WO00000212,AST000187,SITE0022,2026-01-21,2026-01-27,2026-01-26,Preventive,High,In Progress,57.81,9120.99,5.0
WO00000213,AST000242,SITE0029,2026-04-24,2026-04-30,2026-05-14,Emergency,Medium,Open,10.4,5389.44,20.0
WO00000214,AST000124,SITE0015,2026-01-29,2026-02-04,2026-03-10,Preventive,Medium,Open,23.0,7411.6,40.0
WO00000215,AST000106,SITE0013,2026-03-04,2026-03-13,2026-03-05,Inspection,Medium,In Progress,17.01,3284.93,1.0
WO00000216,AST000081,SITE0010,2026-04-17,2026-04-23,2026-05-27,Emergency,Medium,In Progress,68.04,39498.15,40.0
WO00000217,AST000002,SITE0001,2026-04-07,2026-04-16,2026-04-12,Preventive,Medium,Open,59.96,26770.84,5.0
WO00000218,AST000172,SITE0020,2026-02-11,2026-02-19,2026-03-23,Corrective,Medium,Open,5.75,5451.14,40.0
WO00000219,AST000145,SITE0018,2026-05-27,2026-06-03,2026-06-16,Emergency,Critical,Open,4.18,13305.31,20.0
WO00000220,AST000082,SITE0010,2026-04-18,2026-04-27,2026-04-28,Corrective,Low,Completed,24.54,40449.87,10.0
WO00000221,AST000096,SITE0012,2026-01-27,2026-02-01,2026-02-01,Preventive,Low,Cancelled,39.77,26495.83,5.0
WO00000222,AST000113,SITE0014,2026-01-11,2026-01-13,2026-01-31,Preventive,Medium,Completed,33.34,7083.28,20.0
WO00000223,AST000106,SITE0013,2026-03-24,2026-03-28,2026-03-25,Preventive,High,Completed,72.6,8626.88,1.0
WO00000224,AST000079,SITE0010,2026-05-07,2026-05-16,2026-05-12,Inspection,High,Open,49.3,5646.6,5.0
WO00000225,AST000252,SITE0030,2026-02-18,2026-02-23,2026-02-28,Preventive,High,Completed,43.97,27879.83,10.0
WO00000226,AST000077,SITE0010,2026-04-26,2026-05-03,,Preventive,Medium,Open,11.56,10582.47,
WO00000227,AST000127,SITE0016,2026-01-04,2026-01-07,2026-02-13,Preventive,Low,In Progress,12.36,27918.3,40.0
WO00000228,AST000102,SITE0013,2026-02-20,2026-03-01,2026-02-22,Corrective,Critical,Open,1.35,3836.71,2.0
WO00000229,AST000071,SITE0009,2026-03-22,2026-03-31,,Preventive,Medium,Cancelled,22.51,39220.25,
WO00000230,AST000075,SITE0010,2026-02-09,2026-02-10,,Preventive,Low,Open,32.91,4642.03,
WO00000231,AST000195,SITE0023,2026-01-28,2026-02-07,2026-03-09,Preventive,High,Open,63.69,2224.55,40.0
WO00000232,AST000119,SITE0015,2026-03-01,2026-03-05,2026-03-11,Preventive,High,Cancelled,77.59,41087.45,10.0
WO00000233,AST000187,SITE0022,2026-02-11,2026-02-17,,Inspection,High,Open,3.64,16797.07,
WO00000234,AST000051,SITE0007,2026-04-16,2026-04-16,2026-04-21,Inspection,High,Cancelled,27.69,44131.99,5.0
WO00000235,AST000255,SITE0030,2026-05-05,2026-05-09,2026-05-15,Emergency,Critical,In Progress,24.44,36258.49,10.0
WO00000236,AST000123,SITE0015,2026-02-23,2026-03-04,2026-02-25,Inspection,High,Open,4.68,478.14,2.0
WO00000237,AST000102,SITE0013,2026-01-19,2026-01-22,2026-02-08,Emergency,Critical,Cancelled,20.18,8708.69,20.0
WO00000238,AST000133,SITE0016,2026-01-23,2026-01-31,2026-01-28,Preventive,Medium,Cancelled,29.36,27625.96,5.0
WO00000239,AST000055,SITE0007,2026-02-17,2026-02-23,2026-02-19,Corrective,Medium,Completed,59.03,12991.96,2.0
WO00000240,AST000083,SITE0010,2026-04-04,2026-04-10,2026-04-14,Emergency,Medium,In Progress,49.05,15669.05,10.0
WO00000241,AST000179,SITE0021,2026-04-20,2026-04-22,2026-04-21,Preventive,Low,Cancelled,9.53,23109.29,1.0
WO00000242,AST000097,SITE0012,2026-03-21,2026-03-29,2026-03-23,Inspection,Medium,In Progress,39.57,2444.84,2.0
WO00000243,AST000146,SITE0018,2026-05-13,2026-05-19,2026-05-14,Inspection,Critical,Completed,44.15,27682.19,1.0
WO00000244,AST000072,SITE0009,2026-03-14,2026-03-15,2026-03-24,Inspection,Medium,Open,9.54,27345.11,10.0
WO00000245,AST000130,SITE0016,2026-03-16,2026-03-19,,Preventive,Medium,Completed,5.28,22939.51,
WO00000246,AST000038,SITE0005,2026-04-12,2026-04-14,2026-04-22,Inspection,Medium,Cancelled,77.42,14805.88,10.0
WO00000247,AST000069,SITE0009,2026-01-25,2026-01-30,2026-02-04,Preventive,Medium,Open,71.83,4916.92,10.0
WO00000248,AST000197,SITE0023,2026-03-22,2026-03-30,2026-05-01,Preventive,Medium,Completed,74.06,43344.36,40.0
WO00000249,AST000178,SITE0021,2026-02-12,2026-02-20,2026-02-22,Corrective,Medium,In Progress,26.58,26496.7,10.0
WO00000250,AST000049,SITE0006,2026-03-03,2026-03-03,2026-03-05,Emergency,Medium,In Progress,63.99,34265.09,2.0
WO00000251,AST000087,SITE0011,2026-01-03,2026-01-12,2026-02-12,Preventive,Medium,Open,51.53,2839.62,40.0
WO00000252,AST000038,SITE0005,2026-03-21,2026-03-29,2026-04-10,Preventive,Low,In Progress,6.15,8849.97,20.0
WO00000253,AST000056,SITE0007,2026-04-05,2026-04-14,2026-04-07,Preventive,Medium,Open,52.75,9896.25,2.0
WO00000254,AST000179,SITE0021,2026-04-25,2026-04-25,2026-06-04,Corrective,Low,Completed,48.87,4845.56,40.0
WO00000255,AST000123,SITE0015,2026-02-27,2026-03-07,2026-03-09,Corrective,Medium,Completed,44.45,10225.17,10.0
WO00000256,AST000205,SITE0024,2026-01-31,2026-02-02,2026-02-05,Corrective,Medium,Open,26.78,25486.19,5.0
WO00000257,AST000119,SITE0015,2026-01-21,2026-01-29,2026-01-31,Emergency,Critical,In Progress,12.93,32910.71,10.0
WO00000258,AST000220,SITE0026,2026-02-04,2026-02-07,2026-02-06,Inspection,High,In Progress,56.82,24186.29,2.0
WO00000259,AST000228,SITE0027,2026-04-12,2026-04-22,2026-04-13,Emergency,High,Completed,28.27,26001.0,1.0
WO00000260,AST000185,SITE0022,2026-02-10,2026-02-11,2026-03-02,Inspection,Critical,Open,47.67,36157.71,20.0
WO00000261,AST000055,SITE0007,2026-05-03,2026-05-12,2026-06-12,Preventive,Low,Completed,17.08,18835.35,40.0
WO00000262,AST000195,SITE0023,2026-02-21,2026-03-01,2026-02-22,Preventive,Medium,Open,18.51,19061.63,1.0
WO00000263,AST000067,SITE0008,2026-03-09,2026-03-18,2026-04-18,Emergency,Medium,Cancelled,79.07,29192.51,40.0
WO00000264,AST000236,SITE0028,2026-03-30,2026-04-07,2026-04-04,Inspection,High,Completed,50.15,19485.83,5.0
WO00000265,AST000199,SITE0024,2026-04-02,2026-04-03,2026-04-04,Corrective,Critical,Cancelled,52.28,37593.33,2.0
WO00000266,AST000138,SITE0017,2026-02-22,2026-03-03,2026-04-03,Preventive,Critical,Open,37.02,21706.45,40.0
WO00000267,AST000113,SITE0014,2026-03-17,2026-03-18,2026-03-27,Preventive,Low,In Progress,74.79,7387.33,10.0
WO00000268,AST000178,SITE0021,2026-05-21,2026-05-28,2026-05-26,Corrective,Medium,Open,35.27,38095.17,5.0
WO00000269,AST000231,SITE0027,2026-02-16,2026-02-17,2026-02-26,Preventive,Medium,Completed,59.26,1178.4,10.0
WO00000270,AST000040,SITE0005,2026-05-01,2026-05-01,2026-05-21,Preventive,Low,In Progress,23.32,9987.16,20.0
WO00000271,AST000214,SITE0026,2026-05-06,2026-05-13,2026-05-16,Preventive,Medium,In Progress,46.63,1498.18,10.0
WO00000272,AST000168,SITE0020,2026-02-10,2026-02-19,2026-02-12,Preventive,High,In Progress,77.15,42883.27,2.0
WO00000273,AST000164,SITE0020,2026-05-31,2026-05-31,2026-07-10,Inspection,Low,In Progress,12.44,2897.4,40.0
WO00000274,AST000133,SITE0016,2026-01-05,2026-01-10,2026-01-25,Emergency,Medium,Cancelled,34.65,24245.3,20.0
WO00000275,AST000064,SITE0008,2026-03-05,2026-03-05,2026-03-06,Preventive,Low,Open,2.3,22285.96,1.0
WO00000276,AST000044,SITE0006,2026-02-10,2026-02-19,2026-02-15,Preventive,Critical,Open,54.74,24530.17,5.0
WO00000277,AST000025,SITE0004,2026-04-15,2026-04-17,2026-05-25,Preventive,High,Completed,60.57,8593.48,40.0
WO00000278,AST000256,SITE0030,2026-03-18,2026-03-19,2026-03-20,Emergency,Low,Completed,21.32,15463.73,2.0
WO00000279,AST000154,SITE0018,2026-01-24,2026-02-03,,Preventive,Medium,Cancelled,41.5,4569.25,
WO00000280,AST000256,SITE0030,2026-01-31,2026-02-01,,Corrective,High,Open,3.41,18734.21,
WO00000281,AST000040,SITE0005,2026-01-13,2026-01-23,2026-02-22,Preventive,Medium,Open,8.47,36157.17,40.0
WO00000282,AST000150,SITE0018,2026-04-03,2026-04-06,2026-04-23,Emergency,High,Completed,71.26,38537.73,20.0
WO00000283,AST000232,SITE0027,2026-03-20,2026-03-22,2026-03-21,Corrective,High,Completed,64.4,44643.98,1.0
WO00000284,AST000118,SITE0014,2026-03-02,2026-03-11,2026-03-03,Preventive,Critical,Open,14.11,42758.36,1.0
WO00000285,AST000196,SITE0023,2026-03-19,2026-03-29,2026-04-08,Preventive,Critical,Open,47.64,4191.24,20.0
WO00000286,AST000128,SITE0016,2026-01-03,2026-01-05,2026-01-23,Corrective,Medium,Completed,79.26,43000.65,20.0
WO00000287,AST000057,SITE0007,2026-04-17,2026-04-19,2026-04-22,Preventive,Critical,Open,21.73,37531.13,5.0
WO00000288,AST000216,SITE0026,2026-01-26,2026-01-28,2026-01-27,Corrective,High,Open,28.39,7680.4,1.0
WO00000289,AST000177,SITE0021,2026-01-01,2026-01-02,2026-01-11,Inspection,Critical,In Progress,5.06,11925.69,10.0
WO00000290,AST000236,SITE0028,2026-03-21,2026-03-22,2026-03-22,Emergency,Medium,Open,68.33,30246.89,1.0
WO00000291,AST000008,SITE0001,2026-03-14,2026-03-23,2026-03-15,Emergency,High,Open,9.72,6184.34,1.0
WO00000292,AST000154,SITE0018,2026-04-23,2026-04-30,2026-04-25,Inspection,Low,Completed,28.4,7298.54,2.0
WO00000293,AST000113,SITE0014,2026-03-06,2026-03-06,2026-03-11,Corrective,High,Completed,27.19,43057.72,5.0
WO00000294,AST000136,SITE0016,2026-02-05,2026-02-15,2026-03-17,Inspection,High,Open,73.66,36158.34,40.0
WO00000295,AST000103,SITE0013,2026-01-16,2026-01-22,2026-01-26,Inspection,Medium,Cancelled,3.12,8642.69,10.0
WO00000296,AST000205,SITE0024,2026-02-26,2026-03-07,2026-02-28,Inspection,Low,Cancelled,9.29,23015.75,2.0
WO00000297,AST000185,SITE0022,2026-04-22,2026-04-25,2026-04-23,Inspection,Low,Cancelled,49.26,44014.93,1.0
WO00000298,AST000236,SITE0028,2026-05-26,2026-05-30,2026-06-05,Corrective,Medium,Open,78.81,35668.21,10.0
WO00000299,AST000117,SITE0014,2026-02-07,2026-02-14,2026-02-27,Inspection,Medium,In Progress,79.31,33686.17,20.0
WO00000300,AST000020,SITE0003,2026-04-16,2026-04-24,2026-05-26,Corrective,Medium,Cancelled,38.11,30667.88,40.0
WO00000301,AST000116,SITE0014,2026-01-28,2026-01-30,,Corrective,Critical,Open,37.58,36335.3,
WO00000302,AST000124,SITE0015,2026-02-17,2026-02-27,2026-02-22,Preventive,High,Completed,77.43,8724.1,5.0
WO00000303,AST000169,SITE0020,2026-02-03,2026-02-03,2026-02-05,Preventive,Critical,Cancelled,38.47,34518.12,2.0
WO00000304,AST000090,SITE0011,2026-03-02,2026-03-05,2026-03-03,Preventive,Medium,Completed,73.4,28687.55,1.0
WO00000305,AST000165,SITE0020,2026-05-29,2026-06-01,2026-05-30,Preventive,Critical,Open,33.54,13138.13,1.0
WO00000306,AST000084,SITE0010,2026-01-09,2026-01-10,2026-01-29,Preventive,High,Open,14.27,1248.95,20.0
WO00000307,AST000141,SITE0017,2026-03-20,2026-03-29,2026-03-30,Corrective,High,In Progress,9.3,39709.08,10.0
WO00000308,AST000147,SITE0018,2026-01-30,2026-01-31,2026-02-19,Corrective,Medium,Open,73.39,5449.85,20.0
WO00000309,AST000248,SITE0029,2026-01-29,2026-02-07,2026-02-08,Preventive,Medium,Open,52.69,9565.36,10.0
WO00000310,AST000020,SITE0003,2026-01-29,2026-02-03,2026-03-10,Preventive,High,Cancelled,17.55,44183.08,40.0
WO00000311,AST000081,SITE0010,2026-01-15,2026-01-21,2026-02-04,Inspection,Critical,Completed,57.3,33962.94,20.0
WO00000312,AST000212,SITE0025,2026-02-25,2026-02-26,2026-03-07,Preventive,Low,Open,51.52,30226.16,10.0
WO00000313,AST000193,SITE0023,2026-02-15,2026-02-16,2026-02-25,Corrective,Medium,Completed,73.17,37089.15,10.0
WO00000314,AST000194,SITE0023,2026-03-09,2026-03-18,2026-03-14,Emergency,Low,Cancelled,40.01,20085.92,5.0
WO00000315,AST000165,SITE0020,2026-04-26,2026-05-05,2026-06-05,Corrective,Low,Completed,3.5,2644.57,40.0
WO00000316,AST000100,SITE0012,2026-04-08,2026-04-11,2026-04-09,Preventive,Medium,Open,28.43,21670.51,1.0
WO00000317,AST000163,SITE0020,2026-04-30,2026-05-08,2026-05-10,Emergency,Medium,In Progress,49.4,26012.27,10.0
WO00000318,AST000216,SITE0026,2026-01-12,2026-01-13,2026-01-14,Corrective,Medium,Open,59.94,35801.34,2.0
WO00000319,AST000072,SITE0009,2026-01-06,2026-01-14,2026-01-08,Preventive,Critical,In Progress,47.59,35363.21,2.0
WO00000320,AST000043,SITE0006,2026-03-13,2026-03-22,2026-03-23,Emergency,Medium,Open,21.99,12952.23,10.0
WO00000321,AST000052,SITE0007,2026-05-04,2026-05-10,2026-05-14,Preventive,Critical,In Progress,78.17,41721.15,10.0
WO00000322,AST000098,SITE0012,2026-01-21,2026-01-29,2026-01-31,Preventive,Critical,Cancelled,3.24,27836.32,10.0
WO00000323,AST000177,SITE0021,2026-04-26,2026-05-01,2026-05-01,Preventive,Low,In Progress,76.89,506.54,5.0
WO00000324,AST000230,SITE0027,2026-05-19,2026-05-22,2026-06-28,Preventive,High,Open,72.2,29962.31,40.0
WO00000325,AST000164,SITE0020,2026-01-10,2026-01-15,2026-01-12,Inspection,Critical,Completed,58.38,28762.81,2.0
WO00000326,AST000232,SITE0027,2026-02-01,2026-02-06,2026-02-03,Corrective,High,Cancelled,53.99,36257.76,2.0
WO00000327,AST000181,SITE0021,2026-04-19,2026-04-26,2026-04-20,Corrective,Low,Open,14.22,33934.52,1.0
WO00000328,AST000082,SITE0010,2026-02-11,2026-02-21,2026-02-21,Preventive,Medium,Open,52.0,26876.72,10.0
WO00000329,AST000012,SITE0002,2026-02-22,2026-02-23,2026-03-14,Corrective,High,Open,24.46,33755.85,20.0
WO00000330,AST000210,SITE0025,2026-02-03,2026-02-12,2026-02-13,Preventive,Medium,Completed,58.89,1715.9,10.0
WO00000331,AST000046,SITE0006,2026-03-10,2026-03-19,2026-03-15,Emergency,Medium,Completed,63.6,32787.54,5.0
WO00000332,AST000024,SITE0004,2026-03-06,2026-03-16,2026-03-08,Corrective,Critical,Cancelled,61.82,32491.97,2.0
WO00000333,AST000249,SITE0030,2026-05-28,2026-05-31,2026-06-02,Corrective,Medium,Open,32.0,39604.26,5.0
WO00000334,AST000241,SITE0029,2026-04-20,2026-04-24,2026-04-22,Preventive,Critical,Open,12.79,36494.41,2.0
WO00000335,AST000227,SITE0027,2026-01-01,2026-01-10,,Preventive,Medium,Completed,59.53,10236.44,
WO00000336,AST000001,SITE0001,2026-01-07,2026-01-07,2026-01-09,Corrective,High,Cancelled,24.95,19619.23,2.0
WO00000337,AST000245,SITE0029,2026-05-23,2026-05-27,2026-07-02,Corrective,Low,Completed,6.65,41100.74,40.0
WO00000338,AST000086,SITE0011,2026-02-10,2026-02-19,2026-03-02,Inspection,High,Cancelled,33.86,32166.11,20.0
WO00000339,AST000127,SITE0016,2026-05-03,2026-05-05,2026-06-12,Inspection,Medium,Cancelled,51.99,33673.69,40.0
WO00000340,AST000169,SITE0020,2026-01-08,2026-01-14,2026-01-09,Inspection,Medium,In Progress,49.24,17124.16,1.0
WO00000341,AST000115,SITE0014,2026-05-23,2026-05-25,2026-05-28,Preventive,High,In Progress,67.71,1460.92,5.0
WO00000342,AST000239,SITE0028,2026-05-27,2026-06-05,2026-06-01,Preventive,Low,Cancelled,2.87,15733.9,5.0
WO00000343,AST000131,SITE0016,2026-04-13,2026-04-23,2026-04-23,Emergency,Low,In Progress,13.84,24736.33,10.0
WO00000344,AST000035,SITE0005,2026-01-24,2026-02-01,2026-02-13,Inspection,Low,Open,67.08,33613.03,20.0
WO00000345,AST000100,SITE0012,2026-02-19,2026-03-01,2026-02-20,Preventive,Critical,In Progress,29.81,33664.65,1.0
WO00000346,AST000143,SITE0017,2026-02-21,2026-03-02,2026-02-23,Preventive,Critical,Cancelled,38.51,38877.5,2.0
WO00000347,AST000074,SITE0009,2026-01-24,2026-02-03,2026-01-29,Preventive,Low,Open,9.53,11324.6,5.0
WO00000348,AST000110,SITE0013,2026-05-28,2026-05-31,,Corrective,High,Cancelled,2.49,14414.53,
WO00000349,AST000093,SITE0012,2026-04-04,2026-04-07,2026-04-24,Preventive,Medium,Completed,50.1,37886.44,20.0
WO00000350,AST000085,SITE0011,2026-05-28,2026-05-31,,Corrective,High,Open,49.4,13183.8,
WO00000351,AST000076,SITE0010,2026-01-28,2026-02-07,2026-02-17,Inspection,Low,Open,57.59,33478.74,20.0
WO00000352,AST000238,SITE0028,2026-04-13,2026-04-18,2026-04-18,Preventive,Low,Completed,34.16,1581.53,5.0
WO00000353,AST000042,SITE0006,2026-04-16,2026-04-19,2026-04-26,Preventive,High,In Progress,54.91,12153.85,10.0
WO00000354,AST000045,SITE0006,2026-05-12,2026-05-13,2026-05-17,Preventive,High,Cancelled,64.88,34955.85,5.0
WO00000355,AST000030,SITE0004,2026-04-23,2026-04-23,2026-05-03,Corrective,Medium,Open,71.94,29714.96,10.0
WO00000356,AST000246,SITE_BAD,2026-04-11,2026-04-20,2026-04-12,Preventive,High,Completed,16.45,28859.93,1.0
WO00000357,AST000010,SITE0002,2026-02-17,2026-02-27,2026-02-22,Preventive,Critical,Open,20.17,41110.55,5.0
WO00000358,AST000075,SITE0010,2026-03-19,2026-03-23,2026-03-24,Emergency,Medium,Open,10.27,22175.55,5.0
WO00000359,AST000060,SITE0008,2026-04-11,2026-04-19,2026-05-21,Emergency,Medium,Open,64.65,35752.59,40.0
WO00000360,AST000117,SITE0014,2026-04-18,2026-04-21,2026-04-20,Emergency,Medium,Open,1.17,35950.21,2.0
WO00000361,AST000205,SITE0024,2026-03-22,2026-03-22,2026-04-01,Preventive,Low,In Progress,57.33,38983.95,10.0
WO00000362,AST000225,SITE0027,2026-01-28,2026-02-02,2026-01-30,Preventive,Low,Open,10.44,4082.1,2.0
WO00000363,AST000092,SITE0011,2026-05-30,2026-06-01,2026-05-31,Inspection,Critical,Open,79.14,14275.37,1.0
WO00000364,AST000195,SITE0023,2026-02-18,2026-02-24,2026-03-30,Corrective,Medium,Open,37.52,12688.14,40.0
WO00000365,AST000180,SITE0021,2026-03-29,2026-03-31,2026-03-30,Inspection,Low,Open,34.01,38717.6,1.0
WO00000366,AST000226,SITE0027,2026-04-01,2026-04-06,2026-04-11,Inspection,Critical,Completed,5.23,19253.82,10.0
WO00000367,AST000007,SITE0001,2026-01-02,2026-01-02,2026-01-04,Emergency,High,In Progress,75.24,7042.23,2.0
WO00000368,AST000068,SITE0009,2026-02-28,2026-03-01,2026-03-01,Preventive,Medium,Cancelled,39.85,41545.62,1.0
WO00000369,AST000121,SITE0015,2026-05-27,2026-05-27,2026-05-29,Emergency,Critical,Completed,13.16,14664.11,2.0
WO00000370,AST000198,SITE0024,2026-03-09,2026-03-15,2026-04-18,Corrective,Low,Cancelled,36.35,5393.9,40.0
WO00000371,AST000105,SITE0013,2026-05-19,2026-05-21,2026-05-20,Emergency,Medium,Completed,70.61,28370.44,1.0
WO00000372,AST000005,SITE0001,2026-04-12,2026-04-17,2026-04-22,Preventive,Medium,Open,40.74,26045.84,10.0
WO00000373,AST000141,SITE0017,2026-01-30,2026-02-01,2026-02-04,Preventive,High,Completed,41.74,1884.31,5.0
WO00000374,AST000080,SITE0010,2026-04-09,2026-04-16,2026-04-19,Inspection,Critical,Open,37.4,9907.02,10.0
WO00000375,AST000155,SITE0019,2026-01-14,2026-01-20,2026-02-03,Preventive,High,Open,58.77,28186.37,20.0
WO00000376,AST000050,SITE0007,2026-01-08,2026-01-10,2026-01-10,Preventive,Medium,Open,71.01,30056.56,2.0
WO00000377,AST000222,SITE0026,2026-03-17,2026-03-24,2026-04-06,Preventive,High,Completed,10.81,13046.95,20.0
WO00000378,AST000253,SITE0030,2026-02-22,2026-02-25,2026-02-24,Preventive,Critical,Completed,76.03,5574.6,2.0
WO00000379,AST000075,SITE0010,2026-05-19,2026-05-28,2026-06-08,Emergency,Critical,Completed,11.01,17350.99,20.0
WO00000380,AST000069,SITE0009,2026-04-04,2026-04-08,,Preventive,Low,Open,10.71,27726.9,
WO00000381,AST000202,SITE0024,2026-05-19,2026-05-22,2026-06-08,Inspection,High,Open,78.66,30182.39,20.0
WO00000382,AST000023,SITE0003,2026-04-18,2026-04-28,2026-04-20,Corrective,Medium,Open,69.2,31492.86,2.0
WO00000383,AST000023,SITE0003,2026-03-14,2026-03-22,,Emergency,Medium,Open,65.18,26071.48,
WO00000384,AST000235,SITE0028,2026-03-27,2026-03-28,2026-04-01,Preventive,Critical,Cancelled,16.63,28597.36,5.0
WO00000385,AST000237,SITE0028,2026-03-07,2026-03-09,2026-03-27,Preventive,Medium,In Progress,22.16,11726.49,20.0
WO00000386,AST000236,SITE0028,2026-02-18,2026-02-27,2026-02-23,Corrective,Medium,Completed,45.18,10208.39,5.0
WO00000387,AST000127,SITE0016,2026-04-23,2026-05-01,2026-04-28,Emergency,High,Completed,14.31,30204.53,5.0
WO00000388,AST000194,SITE0023,2026-01-09,2026-01-10,,Inspection,Medium,Completed,54.02,8592.28,
WO00000389,AST000239,SITE0028,2026-05-04,2026-05-13,2026-05-24,Inspection,High,In Progress,40.29,12869.68,20.0
WO00000390,AST000096,SITE0012,2026-03-28,2026-04-05,2026-04-02,Emergency,High,Open,77.9,44354.69,5.0
WO00000391,AST000142,SITE0017,2026-02-22,2026-02-26,2026-03-04,Preventive,Medium,Completed,46.22,738.61,10.0
WO00000392,AST000017,SITE0003,2026-04-27,2026-05-02,2026-05-02,Inspection,Medium,Open,74.19,39010.77,5.0
WO00000393,AST000053,SITE0007,2026-02-26,2026-03-07,2026-03-08,Preventive,Medium,In Progress,,3503.95,10.0
WO00000394,AST000123,SITE0015,2026-05-25,2026-05-31,2026-05-27,Preventive,Low,Open,79.31,44945.62,2.0
WO00000395,AST000165,SITE0020,2026-01-18,2026-01-24,2026-02-07,Preventive,Medium,Open,9.48,31609.86,20.0
WO00000396,AST000015,SITE0002,2026-01-11,2026-01-20,2026-01-16,Inspection,Medium,Open,72.19,34066.73,5.0
WO00000397,AST000012,SITE0002,2026-02-02,2026-02-06,2026-02-04,Corrective,Low,Open,54.45,37351.11,2.0
WO00000398,AST000013,SITE0002,2026-02-23,2026-02-24,2026-04-04,Corrective,Low,In Progress,40.18,18355.7,40.0
WO00000399,AST000066,SITE0008,2026-03-10,2026-03-12,2026-03-20,Preventive,Medium,Open,68.18,24268.98,10.0
WO00000400,AST000038,SITE0005,2026-05-10,2026-05-17,2026-05-11,Emergency,Medium,In Progress,2.39,793.59,1.0
WO00000401,AST000090,SITE0011,2026-05-31,2026-06-05,2026-07-10,Preventive,Medium,Open,64.5,24050.76,40.0
WO00000402,AST000180,SITE0021,2026-05-29,2026-06-08,,Preventive,High,Cancelled,43.91,35421.14,
WO00000403,AST000073,SITE0009,2026-04-30,2026-05-09,2026-05-20,Inspection,High,Open,36.35,39089.95,20.0
WO00000404,AST000193,SITE0023,2026-02-10,2026-02-11,,Inspection,High,Cancelled,12.34,20119.42,
WO00000405,AST000121,SITE0015,2026-05-02,2026-05-06,2026-05-22,Emergency,High,Completed,8.33,12643.81,20.0
WO00000406,AST000056,SITE0007,2026-05-30,2026-06-05,2026-06-19,Preventive,High,Completed,24.81,44355.95,20.0
WO00000407,AST000172,SITE0020,2026-03-22,2026-03-22,2026-04-01,Preventive,Medium,Open,32.66,36870.37,10.0
WO00000408,AST000133,SITE0016,2026-02-28,2026-03-01,2026-03-02,Preventive,Medium,In Progress,21.74,25894.85,2.0
WO00000409,AST000140,SITE0017,2026-02-05,2026-02-13,2026-02-15,Preventive,Critical,Open,38.44,18329.18,10.0
WO00000410,AST000209,SITE0025,2026-05-19,2026-05-24,2026-06-08,Preventive,Medium,In Progress,24.0,25179.96,20.0
WO00000411,AST000116,SITE0014,2026-01-04,2026-01-09,2026-01-14,Preventive,Critical,Open,31.95,28865.76,10.0
WO00000412,AST000022,SITE0003,2026-03-01,2026-03-03,2026-03-03,Preventive,High,Completed,75.13,33457.38,2.0
WO00000413,AST000007,SITE0001,2026-04-07,2026-04-15,2026-04-27,Inspection,Medium,Open,15.07,37965.54,20.0
WO00000414,AST000229,SITE0027,2026-05-15,2026-05-20,2026-05-20,Preventive,Medium,Open,26.58,37494.3,5.0
WO00000415,AST000162,SITE0019,2026-01-15,2026-01-21,2026-01-16,Inspection,Medium,In Progress,70.87,38617.25,1.0
WO00000416,AST000045,SITE0006,2026-02-26,2026-03-01,2026-02-28,Preventive,Low,Open,34.79,18896.51,2.0
WO00000417,AST000109,SITE0013,2026-02-11,2026-02-20,2026-03-03,Emergency,High,Open,69.6,16375.43,20.0
WO00000418,AST000192,SITE0023,2026-01-02,2026-01-07,2026-01-07,Preventive,Medium,Open,12.16,15765.26,5.0
WO00000419,AST000165,SITE0020,2026-05-18,2026-05-27,2026-06-07,Preventive,Low,Open,47.68,38053.21,20.0
WO00000420,AST000165,SITE0020,2026-02-09,2026-02-14,2026-02-11,Emergency,High,Open,24.79,13220.57,2.0
WO00000421,AST000163,SITE0020,2026-02-07,2026-02-13,2026-02-09,Preventive,Medium,Open,6.62,12646.68,2.0
WO00000422,AST000092,SITE0011,2026-03-27,2026-03-31,2026-03-28,Emergency,Critical,Open,46.3,38284.93,1.0
WO00000423,AST000123,SITE0015,2026-05-16,2026-05-24,2026-06-05,Corrective,Medium,Completed,18.94,29416.17,20.0
WO00000424,AST000243,SITE0029,2026-03-14,2026-03-19,,Preventive,High,Completed,5.86,12035.63,
WO00000425,AST000105,SITE0013,2026-03-24,2026-03-29,2026-03-29,Emergency,Medium,Completed,44.55,4280.89,5.0
WO00000426,AST000028,SITE0004,2026-03-02,2026-03-04,2026-03-22,Preventive,Medium,Completed,18.47,14620.46,20.0
WO00000427,AST000101,SITE0013,2026-05-17,2026-05-25,2026-05-19,Preventive,Medium,Open,52.71,34760.48,2.0
WO00000428,AST000227,SITE0027,2026-04-13,2026-04-15,2026-05-03,Inspection,Critical,Cancelled,46.35,42001.92,20.0
WO00000429,AST000007,SITE0001,2026-02-08,2026-02-10,2026-02-28,Corrective,Medium,Completed,49.48,21753.1,20.0
WO00000430,AST000061,SITE0008,2026-03-25,2026-03-27,2026-03-27,Inspection,Critical,Open,62.74,34901.68,2.0
WO00000431,AST000004,SITE0001,2026-02-13,2026-02-19,2026-02-18,Preventive,Medium,Open,8.2,18719.93,5.0
WO00000432,AST000226,SITE0027,2026-03-22,2026-03-30,2026-04-11,Preventive,Medium,In Progress,54.78,39809.15,20.0
WO00000433,AST000134,SITE0016,2026-01-09,2026-01-11,2026-01-10,Inspection,Medium,Open,13.97,39682.8,1.0
WO00000434,AST000053,SITE0007,2026-01-12,2026-01-19,2026-02-01,Emergency,Medium,Cancelled,12.18,24900.76,20.0
WO00000435,AST000195,SITE0023,2026-04-21,2026-04-22,2026-04-26,Inspection,High,Open,37.04,32355.63,5.0
WO00000436,AST000055,SITE0007,2026-02-21,2026-03-01,2026-02-23,Preventive,Medium,Open,42.2,3508.37,2.0
WO00000437,AST000063,SITE0008,2026-03-21,2026-03-28,2026-03-23,Emergency,High,Completed,52.38,1214.25,2.0
WO00000438,AST000173,SITE0021,2026-04-29,2026-05-07,,Preventive,Critical,Open,30.27,36401.99,
WO00000439,AST000111,SITE0014,2026-02-23,2026-02-27,2026-03-15,Inspection,High,Open,56.74,42709.83,20.0
WO00000440,AST000132,SITE0016,2026-03-22,2026-03-23,2026-03-27,Preventive,Low,Open,7.85,21834.94,5.0
WO00000441,AST000163,SITE0020,2026-05-25,2026-05-29,2026-06-14,Preventive,Low,Open,68.4,26375.72,20.0
WO00000442,AST000245,SITE0029,2026-02-25,2026-03-03,2026-03-17,Inspection,High,Cancelled,55.16,18207.19,20.0
WO00000443,AST000152,SITE0018,2026-02-18,2026-02-26,2026-03-10,Preventive,Critical,Completed,2.79,27522.22,20.0
WO00000444,AST000192,SITE0023,2026-04-19,2026-04-19,2026-05-29,Preventive,Medium,Completed,6.6,31521.38,40.0
WO00000445,AST000191,SITE0023,2026-05-27,2026-05-30,2026-06-06,Preventive,Low,In Progress,25.44,6048.81,10.0
WO00000446,AST000018,SITE0003,2026-01-06,2026-01-10,2026-01-16,Inspection,Low,Open,24.46,19189.41,10.0
WO00000447,AST000133,SITE0016,2026-05-08,2026-05-13,2026-05-10,Emergency,Critical,Open,45.76,6773.35,2.0
WO00000448,AST000235,SITE0028,2026-04-29,2026-05-02,2026-06-08,Inspection,Critical,Completed,57.28,33495.67,40.0
WO00000449,AST000106,SITE0013,2026-03-10,2026-03-13,2026-03-12,Emergency,Medium,Open,3.24,30653.64,2.0
WO00000450,AST000053,SITE0007,2026-02-19,2026-02-22,2026-02-21,Preventive,Critical,Open,45.45,30713.1,2.0
WO00000451,AST000005,SITE0001,2026-05-22,2026-06-01,2026-07-01,Inspection,Medium,Open,78.7,3157.39,40.0
WO00000452,AST000157,SITE0019,2026-01-18,2026-01-25,2026-02-07,Emergency,High,In Progress,16.83,21026.05,20.0
WO00000453,AST000230,SITE0027,2026-04-20,2026-04-27,2026-05-10,Preventive,High,Open,62.44,21565.2,20.0
WO00000454,AST000104,SITE0013,2026-04-30,2026-05-07,2026-05-05,Inspection,Critical,Cancelled,63.45,12584.24,5.0
WO00000455,AST000231,SITE0027,2026-02-22,2026-02-28,2026-04-03,Emergency,Critical,Completed,9.63,20748.75,40.0
WO00000456,AST000245,SITE0029,2026-02-02,2026-02-10,2026-02-04,Preventive,Medium,Cancelled,44.19,18929.13,2.0
WO00000457,AST000131,SITE0016,2026-01-21,2026-01-21,2026-01-22,Corrective,Medium,Open,32.97,4996.52,1.0
WO00000458,AST000138,SITE0017,2026-01-13,2026-01-17,2026-01-23,Inspection,High,Cancelled,78.1,28727.98,10.0
WO00000459,AST000152,SITE0018,2026-03-30,2026-03-31,2026-04-01,Preventive,Medium,Completed,28.46,7933.98,2.0
WO00000460,AST000206,SITE0025,2026-02-14,2026-02-17,2026-03-06,Emergency,Critical,Completed,40.72,25737.61,20.0
WO00000461,AST000120,SITE0015,2026-04-01,2026-04-06,2026-04-11,Preventive,Low,In Progress,66.9,18557.26,10.0
WO00000462,AST000152,SITE0018,2026-05-03,2026-05-07,2026-05-08,Inspection,Low,Completed,55.75,27499.33,5.0
WO00000463,AST000066,SITE0008,2026-03-16,2026-03-24,,Inspection,High,In Progress,19.16,17998.57,
WO00000464,AST000217,SITE0026,2026-02-13,2026-02-19,2026-02-23,Emergency,Critical,Open,21.98,9875.88,10.0
WO00000465,AST000190,SITE0022,2026-04-01,2026-04-01,2026-04-21,Inspection,Low,In Progress,9.45,38650.06,20.0
WO00000466,AST000215,SITE0026,2026-04-06,2026-04-11,2026-05-16,Inspection,Critical,Open,53.15,42463.4,40.0
WO00000467,AST000165,SITE0020,2026-04-15,2026-04-16,2026-04-25,Preventive,Critical,In Progress,32.65,27254.3,10.0
WO00000468,AST000124,SITE0015,2026-01-17,2026-01-27,2026-01-27,Preventive,Medium,Open,67.92,22443.85,10.0
WO00000469,AST000251,SITE0030,2026-03-01,2026-03-05,,Corrective,Critical,In Progress,42.1,15526.67,
WO00000470,AST000126,SITE0015,2026-03-19,2026-03-19,2026-04-28,Preventive,Low,Open,37.7,20752.55,40.0
WO00000471,AST000153,SITE0018,2026-05-05,2026-05-11,2026-05-10,Inspection,Medium,Completed,69.61,18065.75,5.0
WO00000472,AST000189,SITE0022,2026-03-09,2026-03-12,2026-03-29,Emergency,Medium,Completed,71.22,41231.09,20.0
WO00000473,AST000136,SITE0016,2026-05-15,2026-05-21,2026-05-20,Corrective,Medium,Open,68.84,36474.65,5.0
WO00000474,AST000015,SITE0002,2026-01-19,2026-01-26,2026-01-21,Corrective,High,Completed,11.37,10185.81,2.0
WO00000475,AST000190,SITE0022,2026-05-20,2026-05-28,,Preventive,Medium,Cancelled,45.7,10925.86,
WO00000476,AST000040,SITE0005,2026-05-31,2026-06-03,2026-06-02,Preventive,Medium,In Progress,53.8,24395.83,2.0
WO00000477,AST000052,SITE0007,2026-02-16,2026-02-18,2026-02-18,Corrective,High,In Progress,38.91,38369.67,2.0
WO00000478,AST000036,SITE0005,2026-05-23,2026-05-26,2026-05-24,Preventive,Medium,Completed,48.85,30701.35,1.0
WO00000479,AST000033,SITE0005,2026-01-01,2026-01-07,2026-02-10,Preventive,Critical,In Progress,57.17,9045.18,40.0
WO00000480,AST000129,SITE0016,2026-02-11,2026-02-16,2026-02-12,Emergency,Medium,Open,52.18,23442.5,1.0
WO00000481,AST000014,SITE0002,2026-02-07,2026-02-13,2026-02-12,Corrective,Medium,Cancelled,14.56,36387.1,5.0
WO00000482,AST000192,SITE0023,2026-05-17,2026-05-24,2026-05-19,Inspection,Medium,Cancelled,39.2,6183.52,2.0
WO00000483,AST000112,SITE0014,2026-01-26,2026-02-03,,Inspection,Medium,Open,63.49,40069.92,
WO00000484,AST000109,SITE0013,2026-01-16,2026-01-22,2026-01-21,Emergency,High,Open,41.98,1779.58,5.0
WO00000485,AST000074,SITE0009,2026-04-30,2026-05-02,2026-05-05,Preventive,Medium,Open,56.4,23631.65,5.0
WO00000486,AST000070,SITE0009,2026-03-19,2026-03-26,2026-03-24,Preventive,Critical,In Progress,36.32,15558.11,5.0
WO00000487,AST000028,SITE0004,2026-03-07,2026-03-10,,Preventive,Medium,Open,31.46,44507.03,
WO00000488,AST000230,SITE0027,2026-02-11,2026-02-13,2026-02-21,Emergency,Medium,Completed,54.2,41708.43,10.0
WO00000489,AST000181,SITE0021,2026-04-06,2026-04-09,2026-04-08,Corrective,Critical,Cancelled,41.36,6845.56,2.0
WO00000490,AST000086,SITE0011,2026-02-28,2026-02-28,2026-03-02,Emergency,Medium,Cancelled,69.41,22703.31,2.0
WO00000491,AST000116,SITE0014,2026-03-09,2026-03-13,2026-03-29,Emergency,Critical,Open,3.4,42316.32,20.0
WO00000492,AST000221,SITE0026,2026-04-30,2026-04-30,,Corrective,Medium,Cancelled,13.33,37909.68,
WO00000493,AST000011,SITE0002,2026-03-28,2026-04-06,2026-04-17,Preventive,Medium,Open,11.43,26869.34,20.0
WO00000494,AST000192,SITE0023,2026-01-15,2026-01-22,2026-01-25,Corrective,Medium,Completed,76.43,3695.56,10.0
WO00000495,AST000124,SITE0015,2026-04-07,2026-04-07,2026-04-17,Preventive,Critical,Open,59.01,796.71,10.0
WO00000496,AST000008,SITE0001,2026-02-07,2026-02-07,2026-02-12,Preventive,High,In Progress,58.45,8157.51,5.0
WO00000497,AST000014,SITE0002,2026-03-13,2026-03-18,2026-03-23,Preventive,Low,In Progress,58.68,7567.46,10.0
WO00000498,AST000064,SITE0008,2026-02-21,2026-03-01,2026-03-13,Preventive,Medium,Open,69.34,16787.54,20.0
WO00000499,AST000203,SITE0024,2026-01-08,2026-01-18,2026-01-10,Corrective,Critical,Cancelled,8.84,23970.22,2.0
WO00000500,AST000182,SITE0021,2026-05-20,2026-05-20,2026-06-09,Inspection,High,Open,39.85,1780.07,20.0
WO00000501,AST000249,SITE0030,2026-03-09,2026-03-14,,Preventive,Medium,Cancelled,54.68,13587.26,
WO00000502,AST000182,SITE0021,2026-01-28,2026-02-01,2026-01-30,Inspection,Critical,Completed,31.53,2558.38,2.0
WO00000503,AST000089,SITE0011,2026-05-07,2026-05-07,2026-05-08,Emergency,Medium,Completed,42.23,8632.72,1.0
WO00000504,AST000183,SITE0022,2026-02-03,2026-02-10,,Emergency,Low,Open,26.45,5598.0,
WO00000505,AST000012,SITE0002,2026-02-26,2026-03-01,2026-03-03,Corrective,Low,Cancelled,78.86,24524.04,5.0
WO00000506,AST000245,SITE0029,2026-04-06,2026-04-15,2026-04-16,Inspection,Medium,Cancelled,16.42,27721.83,10.0
WO00000507,AST000088,SITE0011,2026-04-17,2026-04-24,,Emergency,Medium,Completed,52.53,34441.71,
WO00000508,AST000004,SITE0001,2026-02-02,2026-02-11,2026-02-07,Preventive,Medium,Completed,75.28,7856.24,5.0
WO00000509,AST000136,SITE0016,2026-03-12,2026-03-16,2026-03-13,Inspection,Low,Open,48.65,19174.87,1.0
WO00000510,AST000201,SITE0024,2026-01-15,2026-01-24,,Corrective,Critical,Cancelled,51.17,5530.87,
WO00000511,AST000086,SITE0011,2026-02-26,2026-02-27,2026-02-27,Preventive,Medium,Open,54.88,16596.52,1.0
WO00000512,AST000172,SITE0020,2026-05-31,2026-06-05,2026-06-02,Inspection,Medium,Open,7.24,12288.37,2.0
WO00000513,AST000018,SITE0003,2026-02-01,2026-02-08,2026-02-11,Preventive,Medium,Open,31.49,23193.36,10.0
WO00000515,AST000128,SITE0016,2026-04-29,2026-05-09,2026-05-19,Preventive,High,Open,56.8,28804.43,20.0
WO00000516,AST000040,SITE0005,2026-01-28,2026-01-30,2026-01-30,Emergency,Medium,In Progress,26.6,26797.18,2.0
WO00000517,AST000183,SITE0022,2026-02-12,2026-02-22,2026-02-22,Preventive,Low,In Progress,34.62,36368.31,10.0
WO00000518,AST000183,SITE0022,2026-04-03,2026-04-13,,Emergency,Critical,Open,64.17,17812.42,
WO00000519,AST000194,SITE0023,2026-02-14,2026-02-17,2026-02-19,Corrective,Medium,In Progress,56.97,23181.13,5.0
WO00000520,AST000206,SITE0025,2026-01-03,2026-01-04,,Preventive,Low,Cancelled,13.24,21735.67,
WO00000521,AST000036,SITE0005,2026-02-12,2026-02-22,2026-02-17,Preventive,Medium,Cancelled,7.75,35030.19,5.0
WO00000522,AST000029,SITE0004,2026-01-14,2026-01-16,2026-02-23,Emergency,Critical,In Progress,50.68,29673.85,40.0
WO00000523,AST000153,SITE0018,2026-03-31,2026-04-04,2026-04-01,Emergency,Medium,Completed,5.22,2114.72,1.0
WO00000524,AST000036,SITE0005,2026-05-14,2026-05-18,2026-05-24,Preventive,Low,Open,64.36,8907.15,10.0
WO00000525,AST000080,SITE0010,2026-04-29,2026-05-07,,Preventive,High,In Progress,33.23,9859.28,
WO00000526,AST000059,SITE0008,2026-04-28,2026-04-30,2026-05-18,Preventive,High,In Progress,54.21,13484.56,20.0
WO00000527,AST000232,SITE0027,2026-02-28,2026-03-01,,Emergency,Medium,In Progress,28.69,26164.76,
WO00000528,AST000097,SITE0012,2026-03-25,2026-03-30,2026-05-04,Corrective,Medium,Open,74.98,32153.59,40.0
WO00000529,AST000193,SITE0023,2026-05-25,2026-06-02,2026-06-04,Corrective,Medium,Cancelled,22.73,26986.13,10.0
WO00000530,AST000091,SITE0011,2026-03-15,2026-03-23,2026-04-04,Corrective,Medium,In Progress,47.45,39889.92,20.0
WO00000531,AST000185,SITE0022,2026-03-22,2026-04-01,2026-03-23,Corrective,Low,Completed,48.46,610.21,1.0
WO00000532,AST000135,SITE0016,2026-02-25,2026-03-01,2026-03-07,Inspection,Medium,Cancelled,72.59,27788.84,10.0
WO00000533,AST000069,SITE0009,2026-01-01,2026-01-06,2026-01-06,Preventive,Low,Open,12.97,34477.68,5.0
WO00000534,AST000210,SITE0025,2026-02-08,2026-02-11,2026-02-28,Preventive,Critical,Cancelled,9.97,41876.0,20.0
WO00000535,AST000157,SITE0019,2026-03-06,2026-03-13,2026-04-15,Inspection,High,In Progress,40.16,34103.59,40.0
WO00000536,AST000033,SITE0005,2026-01-17,2026-01-17,2026-01-18,Emergency,Low,Completed,24.26,18537.87,1.0
WO00000537,AST000240,SITE0028,2026-03-11,2026-03-20,2026-03-21,Preventive,Low,In Progress,19.34,19134.61,10.0
WO00000538,AST000116,SITE0014,2026-01-24,2026-01-27,2026-02-13,Corrective,Medium,Open,39.04,13420.47,20.0
WO00000539,AST000201,SITE0024,2026-04-23,2026-04-26,2026-04-28,Emergency,High,In Progress,17.76,15276.74,5.0
WO00000540,AST000162,SITE0019,2026-03-23,2026-04-01,2026-04-02,Preventive,Low,Cancelled,66.55,34593.18,10.0
WO00000541,AST000024,SITE0004,2026-05-15,2026-05-21,2026-05-25,Corrective,Low,Completed,10.68,44046.39,10.0
WO00000542,AST000236,SITE0028,2026-02-22,2026-02-22,2026-03-14,Preventive,Low,Cancelled,52.57,14490.81,20.0
WO00000543,AST000075,SITE0010,2026-05-28,2026-06-05,,Corrective,Medium,Cancelled,44.48,10412.7,
WO00000544,AST000084,SITE0010,2026-05-17,2026-05-27,2026-06-26,Preventive,Medium,Cancelled,35.84,27069.66,40.0
WO00000545,AST000002,SITE0001,2026-05-10,2026-05-14,2026-05-30,Preventive,Low,Cancelled,5.76,17359.83,20.0
WO00000546,AST000246,SITE_BAD,2026-05-17,2026-05-27,2026-06-06,Emergency,Medium,Completed,3.97,44573.56,20.0
WO00000547,AST000112,SITE0014,2026-04-06,2026-04-13,2026-04-08,Preventive,Medium,Cancelled,65.1,38773.84,2.0
WO00000548,AST000232,SITE0027,2026-04-06,2026-04-08,2026-04-07,Preventive,Medium,In Progress,17.27,22317.38,1.0
WO00000549,AST000092,SITE0011,2026-01-25,2026-02-01,2026-02-04,Preventive,Critical,Open,38.2,21825.7,10.0
WO00000550,AST000179,SITE0021,2026-02-23,2026-02-25,,Emergency,Low,Open,26.99,32204.48,
WO00000551,AST000055,SITE0007,2026-05-26,2026-05-27,2026-05-27,Preventive,Critical,In Progress,3.02,20945.06,1.0
WO00000552,AST000202,SITE0024,2026-03-17,2026-03-24,2026-04-06,Preventive,Critical,Cancelled,75.82,9367.81,20.0
WO00000553,AST000088,SITE0011,2026-01-11,2026-01-18,2026-01-12,Inspection,Medium,Cancelled,51.56,17961.83,1.0
WO00000554,AST000184,SITE0022,2026-03-19,2026-03-25,2026-03-24,Corrective,Critical,Completed,11.45,34748.08,5.0
WO00000555,AST000193,SITE0023,2026-02-12,2026-02-12,2026-02-14,Emergency,Medium,In Progress,8.33,19217.32,2.0
WO00000556,AST000073,SITE0009,2026-01-29,2026-02-03,2026-01-30,Inspection,Medium,In Progress,67.46,39601.98,1.0
WO00000557,AST000084,SITE0010,2026-01-02,2026-01-07,2026-01-22,Preventive,Low,In Progress,65.37,44240.45,20.0
WO00000558,AST000248,SITE0029,2026-04-26,2026-04-30,2026-04-27,Preventive,Low,Cancelled,12.05,29468.25,1.0
WO00000559,AST000188,SITE0022,2026-04-15,2026-04-15,2026-05-05,Emergency,Critical,Open,62.24,2809.27,20.0
WO00000560,AST000210,SITE0025,2026-04-02,2026-04-09,2026-04-12,Preventive,Low,Open,29.39,13169.63,10.0
WO00000561,AST000098,SITE0012,2026-01-24,2026-01-26,2026-02-13,Inspection,Medium,Completed,78.57,44684.81,20.0
WO00000562,AST000101,SITE0013,2026-03-01,2026-03-07,2026-03-03,Corrective,High,Completed,72.69,41603.17,2.0
WO00000563,AST000032,SITE0005,2026-05-02,2026-05-07,2026-05-03,Emergency,Low,Open,31.33,3116.89,1.0
WO00000564,AST000183,SITE0022,2026-03-16,2026-03-18,2026-04-25,Corrective,Low,In Progress,49.68,10795.89,40.0
WO00000565,AST000229,SITE0027,2026-02-07,2026-02-11,2026-02-27,Preventive,Critical,In Progress,70.66,7864.64,20.0
WO00000566,AST000084,SITE0010,2026-05-02,2026-05-11,2026-05-04,Preventive,Medium,Open,45.86,9302.74,2.0
WO00000567,AST000110,SITE0013,2026-04-28,2026-04-29,2026-04-30,Inspection,Critical,Completed,75.11,9821.69,2.0
WO00000568,AST000193,SITE0023,2026-01-20,2026-01-26,2026-03-01,Corrective,Low,Cancelled,50.01,10136.37,40.0
WO00000569,AST000095,SITE0012,2026-03-09,2026-03-13,2026-03-14,Preventive,High,In Progress,44.53,43176.75,5.0
WO00000570,AST000082,SITE0010,2026-03-17,2026-03-17,2026-03-27,Inspection,Low,Completed,8.92,1956.14,10.0
WO00000571,AST000232,SITE0027,2026-05-08,2026-05-08,,Inspection,High,Completed,62.54,28980.98,
WO00000572,AST000072,SITE0009,2026-04-07,2026-04-14,2026-04-08,Preventive,Medium,Open,49.41,3880.9,1.0
WO00000573,AST000232,SITE0027,2026-03-25,2026-03-25,2026-04-04,Emergency,High,Completed,58.64,12573.73,10.0
WO00000574,AST000137,SITE0017,2026-01-08,2026-01-15,2026-02-17,Preventive,Medium,Completed,3.3,16458.12,40.0
WO00000575,AST000145,SITE0018,2026-01-24,2026-01-26,2026-02-13,Preventive,Low,Open,61.19,41613.65,20.0
WO00000576,AST000125,SITE0015,2026-03-28,2026-03-31,2026-03-29,Preventive,Critical,In Progress,58.84,19307.62,1.0
WO00000577,AST000037,SITE0005,2026-02-28,2026-03-02,2026-03-10,Preventive,Medium,In Progress,9.91,29485.33,10.0
WO00000578,AST000149,SITE0018,2026-04-20,2026-04-30,2026-04-22,Preventive,Low,Open,2.45,19688.42,2.0
WO00000579,AST000154,SITE0018,2026-05-20,2026-05-26,2026-05-25,Inspection,High,Open,29.8,848.49,5.0
WO00000580,AST000235,SITE0028,2026-03-08,2026-03-15,2026-03-18,Inspection,Medium,Open,53.09,44330.74,10.0
WO00000581,AST000023,SITE0003,2026-01-30,2026-02-07,2026-02-01,Inspection,Medium,Open,68.21,15813.42,2.0
WO00000582,AST000245,SITE0029,2026-04-16,2026-04-20,2026-04-18,Preventive,Medium,Cancelled,42.77,44214.0,2.0
WO00000583,AST000174,SITE0021,2026-02-06,2026-02-06,,Preventive,Medium,Cancelled,51.66,8831.4,
WO00000584,AST000178,SITE0021,2026-05-25,2026-05-27,2026-05-26,Emergency,Low,Open,32.65,7315.89,1.0
WO00000585,AST000018,SITE0003,2026-03-13,2026-03-21,,Inspection,High,Cancelled,47.44,27391.62,
WO00000586,AST000010,SITE0002,2026-04-15,2026-04-15,2026-05-05,Preventive,Low,Open,39.86,9849.43,20.0
WO00000587,AST000201,SITE0024,2026-02-14,2026-02-15,2026-03-26,Preventive,Critical,Open,60.78,41190.87,40.0
WO00000588,AST000059,SITE0008,2026-01-06,2026-01-06,2026-01-11,Preventive,Medium,Open,23.66,11821.15,5.0
WO00000589,AST000162,SITE0019,2026-03-06,2026-03-15,2026-03-16,Corrective,Medium,In Progress,42.05,33988.55,10.0
WO00000590,AST000163,SITE0020,2026-05-21,2026-05-25,2026-06-10,Preventive,Low,Cancelled,57.69,7392.47,20.0
WO00000591,AST000178,SITE0021,2026-02-28,2026-03-09,2026-03-05,Inspection,Critical,Open,50.64,9920.95,5.0
WO00000592,AST000220,SITE0026,2026-05-08,2026-05-09,2026-05-28,Preventive,Critical,In Progress,17.07,29732.74,20.0
WO00000593,AST000214,SITE0026,2026-05-14,2026-05-19,2026-06-03,Corrective,Medium,Open,1.75,5899.44,20.0
WO00000594,AST000120,SITE0015,2026-05-08,2026-05-14,2026-05-10,Emergency,Critical,Open,49.99,17550.83,2.0
WO00000595,AST000214,SITE0026,2026-01-18,2026-01-22,,Emergency,Medium,Completed,65.18,5117.67,
WO00000596,AST000078,SITE0010,2026-01-16,2026-01-23,2026-02-25,Corrective,Critical,Cancelled,51.94,31618.72,40.0
WO00000597,AST000005,SITE0001,2026-02-07,2026-02-15,2026-02-08,Inspection,Critical,Completed,29.25,4899.52,1.0
WO00000598,AST000102,SITE0013,2026-03-14,2026-03-18,2026-04-23,Preventive,Low,Open,19.62,37801.43,40.0
WO00000599,AST000129,SITE0016,2026-05-04,2026-05-12,2026-05-24,Corrective,High,Open,54.66,19508.24,20.0
WO00000600,AST000149,SITE0018,2026-02-23,2026-02-24,2026-03-15,Corrective,Low,Cancelled,68.51,12687.29,20.0
WO00000601,AST000131,SITE0016,2026-05-10,2026-05-12,2026-06-19,Emergency,Critical,Open,25.16,14192.36,40.0
WO00000602,AST000188,SITE0022,2026-02-15,2026-02-22,2026-03-27,Inspection,Medium,In Progress,42.98,28851.0,40.0
WO00000603,AST000114,SITE0014,2026-05-10,2026-05-15,2026-05-11,Preventive,Low,Open,34.62,3639.61,1.0
WO00000604,AST000125,SITE0015,2026-01-28,2026-02-07,2026-03-09,Emergency,High,Open,44.61,12925.93,40.0
WO00000605,AST000083,SITE0010,2026-03-28,2026-04-07,2026-04-17,Preventive,Critical,Open,49.07,22718.88,20.0
WO00000606,AST000106,SITE0013,2026-03-05,2026-03-05,2026-04-14,Preventive,Medium,Completed,79.36,16096.61,40.0
WO00000607,AST000130,SITE0016,2026-04-12,2026-04-22,2026-04-22,Inspection,Low,In Progress,69.2,39997.68,10.0
WO00000608,AST000101,SITE0013,2026-03-30,2026-04-05,2026-04-01,Preventive,Critical,In Progress,12.4,1367.1,2.0
WO00000609,AST000170,SITE0020,2026-02-07,2026-02-08,2026-02-17,Emergency,Medium,Open,77.0,3102.12,10.0
WO00000610,AST000124,SITE0015,2026-03-30,2026-04-03,2026-04-19,Preventive,Critical,Completed,17.49,3609.98,20.0
WO00000611,AST000064,SITE0008,2026-01-06,2026-01-09,2026-01-07,Inspection,Low,Cancelled,22.66,18984.1,1.0
WO00000612,AST000174,SITE0021,2026-02-28,2026-03-08,2026-03-05,Corrective,Medium,Open,63.74,15900.74,5.0
WO00000613,AST000100,SITE0012,2026-03-11,2026-03-18,2026-03-21,Emergency,Medium,Completed,66.88,4244.08,10.0
WO00000614,AST000181,SITE0021,2026-05-09,2026-05-19,2026-05-11,Emergency,Medium,Completed,61.31,33210.78,2.0
WO00000615,AST000136,SITE0016,2026-01-07,2026-01-12,2026-01-08,Preventive,High,Open,24.2,12867.67,1.0
WO00000616,AST000037,SITE0005,2026-05-28,2026-06-05,2026-07-07,Corrective,High,Cancelled,34.4,43497.81,40.0
WO00000617,AST000048,SITE0006,2026-02-04,2026-02-05,2026-02-09,Preventive,Critical,Cancelled,5.46,11963.22,5.0
WO00000618,AST000210,SITE0025,2026-04-07,2026-04-11,2026-04-08,Inspection,Medium,Cancelled,37.84,108.05,1.0
WO00000619,AST000184,SITE0022,2026-03-15,2026-03-22,,Preventive,Low,Completed,70.74,32442.51,
WO00000620,AST000132,SITE0016,2026-01-16,2026-01-26,,Corrective,Medium,In Progress,52.05,11214.88,
WO00000621,AST000032,SITE0005,2026-01-12,2026-01-15,2026-01-14,Preventive,Medium,Open,16.63,36199.52,2.0
WO00000622,AST000226,SITE0027,2026-01-25,2026-01-29,2026-01-26,Preventive,Low,Open,64.0,28194.46,1.0
WO00000623,AST000037,SITE0005,2026-05-05,2026-05-14,2026-05-25,Corrective,Medium,Open,41.96,24422.49,20.0
WO00000624,AST000035,SITE0005,2026-02-22,2026-02-28,,Inspection,High,Cancelled,55.02,31579.67,
WO00000625,AST000049,SITE0006,2026-02-15,2026-02-16,2026-03-27,Preventive,Critical,In Progress,57.76,11419.24,40.0
WO00000626,AST000095,SITE0012,2026-05-09,2026-05-18,2026-05-14,Preventive,High,Completed,23.77,37692.27,5.0
WO00000627,AST000103,SITE0013,2026-01-06,2026-01-11,,Corrective,Low,Open,51.53,4575.11,
WO00000628,AST000229,SITE0027,2026-01-11,2026-01-11,2026-01-31,Preventive,Medium,Open,71.62,5624.84,20.0
WO00000629,AST000025,SITE0004,2026-04-30,2026-04-30,2026-05-02,Corrective,Low,Open,36.25,42993.55,2.0
WO00000630,AST000045,SITE0006,2026-04-06,2026-04-10,2026-04-07,Preventive,Critical,Completed,26.1,21257.85,1.0
WO00000631,AST000009,SITE0002,2026-04-28,2026-04-30,,Emergency,Medium,Completed,77.08,26130.12,
WO00000632,AST000182,SITE0021,2026-03-25,2026-03-30,,Emergency,High,In Progress,30.68,28768.21,
WO00000633,AST000018,SITE0003,2026-02-11,2026-02-11,2026-03-03,Preventive,High,Cancelled,14.53,37411.33,20.0
WO00000634,AST000199,SITE0024,2026-05-10,2026-05-19,2026-05-30,Inspection,Medium,Completed,72.74,23859.69,20.0
WO00000635,AST000193,SITE0023,2026-04-16,2026-04-25,,Preventive,Medium,Open,3.01,3176.46,
WO00000636,AST000035,SITE0005,2026-03-16,2026-03-25,2026-03-17,Preventive,Medium,Open,31.62,37202.11,1.0
WO00000637,AST000015,SITE0002,2026-04-07,2026-04-14,2026-04-12,Preventive,High,Cancelled,38.54,24431.6,5.0
WO00000638,AST000092,SITE0011,2026-02-24,2026-03-02,,Preventive,Low,In Progress,10.34,37969.69,
WO00000639,AST000100,SITE0012,2026-01-22,2026-01-28,2026-03-03,Corrective,High,Open,17.35,4096.87,40.0
WO00000640,AST000107,SITE0013,2026-01-19,2026-01-19,2026-01-21,Corrective,Medium,Open,37.4,36069.17,2.0
WO00000641,AST000029,SITE0004,2026-01-15,2026-01-23,,Preventive,Medium,In Progress,71.19,39168.39,
WO00000642,AST000183,SITE0022,2026-01-21,2026-01-31,2026-03-02,Inspection,Low,Completed,58.39,40761.95,40.0
WO00000643,AST000034,SITE0005,2026-02-11,2026-02-11,2026-03-23,Preventive,Low,Open,48.92,19772.32,40.0
WO00000644,AST000133,SITE0016,2026-03-22,2026-03-31,,Preventive,Critical,Open,31.19,12456.22,
WO00000645,AST000067,SITE0008,2026-01-05,2026-01-08,2026-01-10,Corrective,Critical,Completed,50.57,34319.8,5.0
WO00000646,AST000205,SITE0024,2026-04-01,2026-04-07,2026-04-03,Corrective,High,Open,9.26,5566.6,2.0
WO00000647,AST000011,SITE0002,2026-05-04,2026-05-06,2026-05-09,Preventive,Medium,Completed,26.08,41499.88,5.0
WO00000648,AST000035,SITE0005,2026-01-01,2026-01-07,2026-01-03,Corrective,Low,Open,0.61,26006.64,2.0
WO00000649,AST000116,SITE0014,2026-04-17,2026-04-22,2026-04-22,Corrective,Medium,Open,64.12,14369.57,5.0
WO00000650,AST000066,SITE0008,2026-02-28,2026-03-04,2026-04-09,Emergency,Medium,Open,78.24,37501.1,40.0
WO00000651,AST000248,SITE0029,2026-01-02,2026-01-08,2026-01-03,Preventive,Medium,Open,23.79,32777.77,1.0
WO00000652,AST000174,SITE0021,2026-03-09,2026-03-13,2026-03-29,Emergency,Medium,In Progress,50.81,30601.53,20.0
WO00000653,AST000197,SITE0023,2026-03-13,2026-03-19,2026-03-15,Preventive,Medium,Completed,52.31,23090.91,2.0
WO00000654,AST000061,SITE0008,2026-05-22,2026-05-26,2026-05-27,Preventive,Critical,Completed,8.4,40609.82,5.0
WO00000655,AST000221,SITE0026,2026-04-05,2026-04-11,2026-05-15,Preventive,Medium,Open,2.13,800.94,40.0
WO00000656,AST000118,SITE0014,2026-04-15,2026-04-21,,Preventive,High,Open,44.93,2004.02,
WO00000657,AST000072,SITE0009,2026-02-10,2026-02-20,2026-02-12,Preventive,High,Open,21.35,29099.99,2.0
WO00000658,AST000085,SITE0011,2026-02-22,2026-02-27,,Preventive,Medium,Cancelled,50.04,30676.41,
WO00000659,AST000212,SITE0025,2026-05-03,2026-05-04,,Corrective,Medium,Cancelled,40.37,33188.89,
WO00000660,AST000228,SITE0027,2026-02-02,2026-02-07,2026-02-12,Preventive,Medium,Open,14.33,14169.81,10.0
WO00000661,AST000093,SITE0012,2026-01-15,2026-01-15,,Emergency,Medium,Cancelled,79.66,1357.28,
WO00000662,AST000094,SITE0012,2026-02-24,2026-02-27,2026-04-05,Emergency,Critical,In Progress,17.61,6436.33,40.0
WO00000663,AST000070,SITE0009,2026-03-13,2026-03-22,2026-04-22,Corrective,Low,Open,38.17,29056.52,40.0
WO00000664,AST000070,SITE0009,2026-02-25,2026-02-27,2026-03-02,Preventive,Critical,Cancelled,56.28,44418.82,5.0
WO00000665,AST000076,SITE0010,2026-03-29,2026-03-31,2026-04-03,Inspection,High,Open,17.38,6768.37,5.0
WO00000666,AST000120,SITE0015,2026-02-22,2026-02-23,2026-03-14,Inspection,High,Completed,49.29,30227.0,20.0
WO00000667,AST000238,SITE0028,2026-04-29,2026-05-06,2026-05-01,Preventive,Critical,Open,42.13,33519.63,2.0
WO00000668,AST000106,SITE0013,2026-01-05,2026-01-08,2026-01-15,Preventive,Medium,Cancelled,33.17,29489.41,10.0
WO00000669,AST000207,SITE0025,2026-04-21,2026-04-23,2026-04-23,Emergency,High,Completed,12.21,31863.47,2.0
WO00000670,AST000128,SITE0016,2026-05-23,2026-05-30,2026-05-28,Inspection,Low,Completed,50.13,44097.7,5.0
WO00000671,AST000035,SITE0005,2026-01-19,2026-01-27,2026-02-28,Emergency,High,Open,54.1,18256.74,40.0
WO00000672,AST000014,SITE0002,2026-04-20,2026-04-28,2026-05-10,Preventive,Medium,Open,0.95,43992.61,20.0
WO00000673,AST000009,SITE0002,2026-04-03,2026-04-12,,Emergency,Medium,Cancelled,48.36,5603.7,
WO00000674,AST000075,SITE0010,2026-02-20,2026-03-02,2026-03-02,Corrective,Medium,Open,20.95,20310.7,10.0
WO00000675,AST000124,SITE0015,2026-03-14,2026-03-23,2026-03-19,Emergency,Medium,Open,66.79,35805.23,5.0
WO00000676,AST000202,SITE0024,2026-04-05,2026-04-13,2026-04-15,Preventive,Medium,Completed,76.78,1568.93,10.0
WO00000677,AST000052,SITE0007,2026-03-19,2026-03-19,2026-03-29,Emergency,Low,Cancelled,66.97,37329.56,10.0
WO00000678,AST000081,SITE0010,2026-02-10,2026-02-10,2026-02-12,Inspection,Medium,In Progress,24.96,27465.12,2.0
WO00000679,AST000056,SITE0007,2026-05-11,2026-05-15,2026-06-20,Corrective,Low,Open,20.34,34308.2,40.0
WO00000680,AST000075,SITE0010,2026-04-01,2026-04-02,2026-04-02,Preventive,High,Completed,36.36,32440.23,1.0
WO00000681,AST000045,SITE0006,2026-03-03,2026-03-08,2026-03-04,Corrective,Medium,Completed,10.01,21660.42,1.0
WO00000682,AST000054,SITE_BAD,2026-01-16,2026-01-19,2026-01-17,Corrective,Medium,Open,13.77,9389.57,1.0
WO00000683,AST000100,SITE0012,2026-05-08,2026-05-10,2026-05-10,Preventive,Critical,Open,6.11,610.78,2.0
WO00000684,AST000057,SITE0007,2026-01-25,2026-01-30,2026-01-26,Emergency,Critical,Open,64.11,15622.94,1.0
WO00000685,AST000047,SITE0006,2026-04-28,2026-05-01,2026-05-18,Preventive,Critical,Open,24.81,1113.14,20.0
WO00000686,AST000240,SITE0028,2026-04-22,2026-04-25,2026-04-27,Preventive,Medium,Completed,14.33,16443.47,5.0
WO00000687,AST000079,SITE0010,2026-04-23,2026-05-01,2026-05-03,Emergency,High,Open,52.17,32919.25,10.0
WO00000688,AST000093,SITE0012,2026-01-11,2026-01-18,2026-02-20,Preventive,Medium,Cancelled,75.34,10501.0,40.0
WO00000689,AST000035,SITE0005,2026-02-01,2026-02-07,2026-02-11,Preventive,Critical,Open,27.77,42986.87,10.0
WO00000690,AST000061,SITE0008,2026-02-04,2026-02-04,2026-02-09,Corrective,Low,Cancelled,2.35,29771.77,5.0
WO00000691,AST000138,SITE0017,2026-04-30,2026-04-30,2026-05-05,Preventive,Low,Completed,26.26,18692.81,5.0
WO00000692,AST000196,SITE0023,2026-01-14,2026-01-24,2026-01-24,Preventive,Medium,Cancelled,37.13,41411.02,10.0
WO00000693,AST000100,SITE0012,2026-01-28,2026-02-01,2026-01-30,Corrective,Medium,Open,61.03,41796.07,2.0
WO00000694,AST000245,SITE0029,2026-05-09,2026-05-16,2026-05-14,Inspection,High,Completed,39.26,26871.62,5.0
WO00000695,AST000083,SITE0010,2026-01-14,2026-01-14,2026-01-16,Emergency,Low,Cancelled,64.06,11914.21,2.0
WO00000696,AST000165,SITE0020,2026-04-10,2026-04-15,2026-04-20,Emergency,Critical,Cancelled,76.7,24265.08,10.0
WO00000697,AST000015,SITE0002,2026-04-26,2026-05-01,,Preventive,Critical,Open,15.3,15633.2,
WO00000698,AST000130,SITE0016,2026-05-05,2026-05-09,2026-05-07,Preventive,Low,Open,3.61,42865.35,2.0
WO00000699,AST000062,SITE0008,2026-05-07,2026-05-16,2026-05-17,Emergency,Medium,In Progress,25.03,15444.36,10.0
WO00000700,AST000087,SITE0011,2026-02-14,2026-02-16,2026-02-15,Emergency,Medium,Cancelled,44.68,8547.69,1.0
