payment_id,invoice_id,payment_date,payment_amount,payment_method,payment_status
PAY00000001,INV00000001,2026-04-09,17066.36,Wire,Posted
PAY00000003,INV00000003,2026-03-24,15666.01,Credit Card,Posted
PAY00000004,INV00000004,2026-03-07,7084.52,ACH,Reversed
PAY00000005,INV00000005,2026-04-10,37134.95,Check,Failed
PAY00000006,INV00000006,2026-04-28,9539.12,ACH,Reversed
PAY00000008,INV00000008,,29513.28,Check,Failed
PAY00000010,INV00000010,2026-03-20,33677.73,ACH,Failed
PAY00000011,INV00000011,,6821.34,Credit Card,Failed
PAY00000012,INV00000012,2026-01-31,2399.29,Credit Card,Posted
PAY00000013,INV00000013,2026-03-03,27828.1,ACH,Failed
PAY00000014,INV00000014,,40700.12,Wire,Failed
PAY00000015,INV00000015,,2751.28,Credit Card,Failed
PAY00000016,INV00000016,,34847.07,Check,Reversed
PAY00000017,INV00000017,2026-03-19,3910.78,Credit Card,Pending
PAY00000018,INV00000018,,27191.11,Credit Card,Posted
PAY00000019,INV00000019,,20339.88,ACH,Posted
PAY00000020,INV00000020,,26306.15,ACH,Posted
PAY00000021,INV00000021,2026-07-02,21001.43,Check,Reversed
PAY00000026,INV00000026,2026-06-30,32757.26,ACH,Pending
PAY00000027,INV00000027,,33439.47,Wire,Posted
PAY00000028,INV00000028,2026-05-04,8589.87,Check,Posted
PAY00000029,INV00000029,2026-05-15,14261.6,ACH,Reversed
PAY00000034,INV00000034,2026-04-24,7792.03,Credit Card,Reversed
PAY00000035,INV00000035,,18143.73,ACH,Reversed
PAY00000036,INV00000036,,4442.38,ACH,Posted
PAY00000037,INV00000037,,22101.46,ACH,Posted
PAY00000038,INV00000038,,16511.61,ACH,Pending
PAY00000040,INV00000040,,41526.58,Wire,Pending
PAY00000041,INV00000041,,13810.4,Credit Card,Failed
PAY00000042,INV00000042,,15434.83,Credit Card,Reversed
PAY00000043,INV00000043,,9239.61,Wire,Failed
PAY00000044,INV00000044,2026-05-12,38973.0,ACH,Posted
PAY00000045,INV00000045,2026-03-17,103.78,Credit Card,Pending
PAY00000046,INV00000046,,12867.19,Credit Card,Pending
PAY00000047,INV00000047,2026-04-20,33693.0,Credit Card,Reversed
PAY00000048,INV00000048,,3241.97,ACH,Reversed
PAY00000049,INV00000049,,21790.46,ACH,Failed
PAY00000051,INV00000051,2026-04-09,7167.3,Check,Reversed
PAY00000052,INV00000052,2026-04-01,5383.88,Wire,Pending
PAY00000053,INV00000053,2026-01-27,8570.49,Wire,Failed
PAY00000054,INV00000054,2026-06-25,11272.74,Credit Card,Failed
PAY00000058,INV00000058,2026-01-17,19018.22,ACH,Reversed
PAY00000059,INV00000059,,26809.53,Check,Posted
PAY00000061,INV00000061,,17544.99,Credit Card,Pending
PAY00000062,INV00000062,2026-07-25,16803.15,ACH,Posted
PAY00000063,INV00000063,2026-02-02,11305.19,Wire,Posted
PAY00000064,INV00000064,2026-06-17,3947.9,ACH,Pending
PAY00000065,INV00000065,2026-07-17,23958.04,Credit Card,Posted
PAY00000067,INV00000067,,13714.01,Wire,Posted
PAY00000068,INV00000068,,40252.25,ACH,Pending
PAY00000069,INV00000069,,13692.24,ACH,Posted
PAY00000070,INV00000070,2026-05-07,1741.99,Credit Card,Posted
PAY00000073,INV00000073,,21029.25,Wire,Failed
PAY00000075,INV00000075,,8742.41,Wire,Reversed
PAY00000076,INV00000076,,9169.52,Credit Card,Pending
PAY00000077,INV00000077,,35158.22,Check,Reversed
PAY00000078,INV00000078,,30169.43,Credit Card,Posted
PAY00000079,INV00000079,,2998.68,Check,Posted
PAY00000080,INV00000080,,20172.12,Wire,Posted
PAY00000081,INV00000081,,38154.19,Check,Posted
PAY00000082,INV00000082,2026-05-18,11313.76,ACH,Reversed
PAY00000083,INV00000083,2026-06-29,17237.37,ACH,Posted
PAY00000084,INV00000084,2026-06-05,13824.75,Wire,Reversed
PAY00000086,INV00000086,2026-03-09,2287.6,Credit Card,Pending
PAY00000087,INV00000087,2026-07-17,31579.48,Check,Posted
PAY00000089,INV00000089,2026-02-22,40522.45,Check,Reversed
PAY00000090,INV00000090,2026-03-30,21586.92,Wire,Pending
PAY00000091,INV00000091,2026-07-21,2899.26,ACH,Posted
PAY00000093,INV00000093,2026-02-08,16196.59,Check,Pending
PAY00000095,INV00000095,2026-03-08,19250.91,Wire,Pending
PAY00000097,INV00000097,,24436.34,Wire,Posted
PAY00000099,INV00000099,,40401.68,ACH,Pending
PAY00000101,INV00000101,,15374.77,Wire,Posted
PAY00000103,INV00000103,,26620.67,Wire,Posted
PAY00000104,INV00000104,,7618.3,ACH,Pending
PAY00000105,INV00000105,2026-04-28,23596.4,Credit Card,Reversed
PAY00000107,INV00000107,,3514.69,ACH,Reversed
PAY00000108,INV00000108,2026-04-20,12861.47,Credit Card,Posted
PAY00000109,INV00000109,,15914.35,Credit Card,Pending
PAY00000110,INV00000110,,7620.14,Credit Card,Posted
PAY00000111,INV00000111,,36263.28,ACH,Posted
PAY00000112,INV00000112,,7022.52,ACH,Posted
PAY00000113,INV00000113,2026-05-24,3952.15,Check,Reversed
PAY00000115,INV00000115,2026-07-26,11865.62,Credit Card,Posted
PAY00000116,INV00000116,,5300.28,ACH,Failed
PAY00000117,INV00000117,2026-05-14,27954.3,ACH,Failed
PAY00000118,INV00000118,,6135.95,ACH,Reversed
PAY00000119,INV00000119,2026-02-04,12786.16,ACH,Failed
PAY00000120,INV00000120,2026-05-22,31224.73,Check,Posted
PAY00000121,INV00000121,2026-06-01,41316.15,ACH,Posted
PAY00000122,INV00000122,2026-03-28,19144.03,ACH,Posted
PAY00000123,INV00000123,,8397.13,ACH,Posted
PAY00000124,INV00000124,,26021.96,Credit Card,Posted
PAY00000125,INV00000125,,32015.52,Wire,Posted
PAY00000126,INV00000126,2026-04-16,35726.27,ACH,Failed
PAY00000129,INV00000129,2026-03-19,11469.32,ACH,Posted
PAY00000130,INV00000130,,36832.46,Wire,Posted
PAY00000133,INV00000133,,24594.35,ACH,Posted
PAY00000134,INV00000134,2026-07-13,18212.58,ACH,Pending
PAY00000135,INV00000135,,8820.54,Wire,Posted
PAY00000136,INV00000136,,17243.14,Wire,Posted
PAY00000137,INV00000137,2026-06-20,44205.26,ACH,Pending
PAY00000138,INV00000138,2026-06-02,13969.87,ACH,Failed
PAY00000140,INV00000140,2026-02-06,5549.32,Check,Failed
PAY00000141,INV00000141,,15463.23,Credit Card,Pending
PAY00000143,INV00000143,2026-04-22,19369.89,Wire,Failed
PAY00000144,INV00000144,2026-02-19,13152.91,Check,Pending
PAY00000145,INV00000145,2026-07-09,33237.85,ACH,Posted
PAY00000146,INV00000146,2026-05-15,3950.33,Wire,Reversed
PAY00000147,INV00000147,2026-03-18,4782.94,ACH,Posted
PAY00000148,INV00000148,2026-03-03,28133.54,ACH,Reversed
PAY00000150,INV00000150,2026-05-09,40179.28,Wire,Reversed
PAY00000151,INV00000151,,9966.25,ACH,Posted
PAY00000152,INV00000152,2026-05-23,32175.45,ACH,Failed
PAY00000154,INV00000154,,10713.32,ACH,Posted
PAY00000155,INV00000155,,27830.79,Check,Failed
PAY00000156,INV00000156,2026-02-16,35736.27,Credit Card,Failed
PAY00000157,INV00000157,,19466.35,Wire,Posted
PAY00000158,INV00000158,,6621.33,ACH,Posted
PAY00000161,INV00000161,2026-05-13,12340.13,ACH,Posted
PAY00000164,INV00000164,,9880.96,Check,Posted
PAY00000165,INV_UNKNOWN,,23345.88,Wire,Posted
PAY00000167,INV00000167,,30647.33,Check,Reversed
PAY00000168,INV00000168,2026-06-21,9620.86,Credit Card,Posted
PAY00000169,INV00000169,,32577.37,ACH,Reversed
PAY00000170,INV00000170,2026-07-13,5557.08,Wire,Reversed
PAY00000171,INV00000171,2026-02-07,30503.07,Wire,Posted
PAY00000172,INV00000172,2026-04-15,2523.45,Check,Pending
PAY00000175,INV00000175,,9183.21,ACH,Pending
PAY00000176,INV00000176,,35477.88,ACH,Reversed
PAY00000177,INV00000177,2026-02-06,4659.02,ACH,Reversed
PAY00000179,INV00000179,2026-07-24,10418.84,Check,Posted
PAY00000180,INV00000180,2026-02-28,21876.87,ACH,Posted
PAY00000182,INV00000182,,20154.28,ACH,Posted
PAY00000183,INV00000183,2026-06-07,22376.65,Wire,Posted
PAY00000184,INV00000184,2026-05-24,22737.1,ACH,Pending
PAY00000185,INV00000185,,1333.59,Check,Failed
PAY00000186,INV00000186,2026-07-04,36933.41,Wire,Posted
PAY00000187,INV00000187,,17296.6,Check,Posted
PAY00000189,INV00000189,2026-04-12,16872.72,Check,Failed
PAY00000190,INV00000190,2026-04-20,16939.76,Check,Failed
PAY00000192,INV00000192,2026-04-16,20337.24,Credit Card,Reversed
PAY00000194,INV00000194,,10769.74,Credit Card,Pending
PAY00000195,INV00000195,2026-07-12,24418.51,Wire,Reversed
PAY00000196,INV00000196,,21060.08,ACH,Failed
PAY00000198,INV00000198,,11222.76,Check,Posted
PAY00000199,INV00000199,,8275.8,ACH,Posted
PAY00000201,INV00000201,2026-04-25,5788.35,Check,Failed
PAY00000202,INV00000202,,12010.06,Check,Posted
PAY00000203,INV00000203,,34186.47,ACH,Pending
PAY00000204,INV00000204,2026-06-01,12182.11,ACH,Posted
PAY00000205,INV00000205,2026-07-16,18609.76,ACH,Pending
PAY00000206,INV00000206,2026-04-10,18533.36,ACH,Reversed
PAY00000207,INV00000207,2026-02-10,21602.4,ACH,Reversed
PAY00000208,INV00000208,2026-07-22,36380.27,Credit Card,Reversed
PAY00000209,INV00000209,,19378.72,Check,Reversed
PAY00000210,INV00000210,,7121.54,Wire,Pending
PAY00000211,INV00000211,,330.69,ACH,Posted
PAY00000212,INV00000212,2026-03-24,289.02,ACH,Reversed
PAY00000214,INV00000214,,32331.96,Check,Failed
PAY00000215,INV00000215,2026-04-09,44829.29,ACH,Pending
PAY00000216,INV00000216,2026-08-22,6621.49,Wire,Posted
PAY00000217,INV00000217,,31521.43,Credit Card,Posted
PAY00000218,INV00000218,,34186.25,Check,Failed
PAY00000219,INV00000219,,11105.39,ACH,Posted
PAY00000220,INV00000220,2026-04-05,35311.16,Check,Reversed
PAY00000221,INV00000221,,43553.59,Credit Card,Reversed
PAY00000222,INV00000222,,7023.71,ACH,Pending
PAY00000223,INV00000223,,29410.51,Wire,Posted
PAY00000224,INV00000224,2026-05-25,16439.44,Check,Reversed
PAY00000225,INV00000225,2026-04-03,528.26,ACH,Pending
PAY00000226,INV00000226,2026-04-09,13129.57,ACH,Pending
PAY00000227,INV00000227,,12519.92,ACH,Pending
PAY00000228,INV00000228,2026-08-05,13819.67,ACH,Posted
PAY00000229,INV00000229,2026-07-06,5223.71,Wire,Posted
PAY00000231,INV00000231,,1974.94,ACH,Failed
PAY00000232,INV00000232,2026-04-06,21899.24,Check,Failed
PAY00000233,INV00000233,2026-04-05,3967.54,Credit Card,Posted
PAY00000234,INV00000234,2026-03-20,2105.85,ACH,Reversed
PAY00000235,INV00000235,2026-03-19,5096.21,ACH,Reversed
PAY00000236,INV00000236,,25695.28,Check,Reversed
PAY00000237,INV00000237,2026-06-30,24573.89,Wire,Reversed
PAY00000239,INV00000239,2026-06-25,9002.2,Credit Card,Pending
PAY00000240,INV00000240,2026-05-05,26776.05,Wire,Posted
PAY00000241,INV00000241,2026-07-05,2679.63,Credit Card,Pending
PAY00000242,INV00000242,2026-04-09,38859.0,ACH,Reversed
PAY00000244,INV00000244,,37102.99,ACH,Posted
PAY00000245,INV00000245,2026-04-09,42294.95,Check,Posted
PAY00000246,INV00000246,,8421.38,Wire,Posted
PAY00000247,INV00000247,2026-04-12,38616.87,Credit Card,Reversed
PAY00000248,INV00000248,,15453.62,ACH,Failed
PAY00000249,INV00000249,2026-04-01,29914.7,ACH,Pending
PAY00000250,INV00000250,,19499.03,Credit Card,Posted
PAY00000251,INV00000251,2026-04-04,3989.1,ACH,Posted
PAY00000252,INV00000252,2026-03-24,44346.23,Wire,Pending
PAY00000253,INV00000253,,13697.51,ACH,Reversed
PAY00000254,INV00000254,2026-05-26,32808.51,Wire,Failed
PAY00000255,INV00000255,,41887.7,Wire,Failed
PAY00000256,INV00000256,2026-05-05,37182.96,Check,Pending
PAY00000258,INV00000258,,18757.09,ACH,Posted
PAY00000259,INV00000259,2026-04-04,15798.89,ACH,Posted
PAY00000260,INV00000260,2026-07-16,25954.44,Credit Card,Pending
PAY00000261,INV00000261,,13241.53,Check,Pending
PAY00000263,INV00000263,2026-07-15,22737.18,Check,Reversed
PAY00000264,INV00000264,,24094.07,Credit Card,Failed
PAY00000265,INV00000265,,13211.36,Check,Posted
PAY00000266,INV00000266,,15826.17,Credit Card,Posted
PAY00000267,INV00000267,2026-05-05,5808.29,Wire,Posted
PAY00000268,INV00000268,,30416.23,Credit Card,Reversed
PAY00000269,INV00000269,,40855.46,Check,Reversed
PAY00000270,INV00000270,,32172.38,ACH,Failed
PAY00000272,INV00000272,,5632.49,Check,Reversed
PAY00000274,INV00000274,,21892.73,Wire,Pending
PAY00000277,INV00000277,,14163.84,Check,Failed
PAY00000278,INV00000278,,41362.56,Wire,Pending
PAY00000279,INV00000279,2026-05-15,43283.86,Credit Card,Reversed
PAY00000280,INV00000280,,18314.34,Credit Card,Posted
PAY00000281,INV00000281,,32341.48,ACH,Failed
PAY00000282,INV00000282,,6105.28,Check,Posted
PAY00000283,INV00000283,,23115.47,ACH,Pending
PAY00000284,INV00000284,2026-04-13,8579.94,Credit Card,Failed
PAY00000285,INV00000285,2026-03-27,22432.15,Check,Posted
PAY00000286,INV00000286,,9721.05,Check,Pending
PAY00000287,INV00000287,2026-05-03,173.0,ACH,Pending
PAY00000288,INV00000288,2026-03-07,17523.0,ACH,Posted
PAY00000289,INV00000289,2026-03-24,1170.55,Credit Card,Reversed
PAY00000290,INV00000290,2026-05-04,23991.98,ACH,Posted
PAY00000291,INV00000291,,4121.14,Check,Reversed
PAY00000292,INV00000292,2026-01-22,44164.48,Wire,Failed
PAY00000294,INV00000294,,6649.03,ACH,Pending
PAY00000295,INV00000295,2026-07-15,7143.96,Credit Card,Reversed
PAY00000296,INV00000296,,40005.36,Wire,Reversed
PAY00000297,INV00000297,,13292.6,ACH,Failed
PAY00000298,INV00000298,,23748.89,Check,Reversed
PAY00000300,INV00000300,,8068.43,Check,Posted
PAY00000302,INV00000302,2026-07-26,12790.14,ACH,Posted
PAY00000303,INV00000303,2026-03-02,2895.58,Wire,Posted
PAY00000305,INV00000305,2026-05-29,9815.74,Check,Posted
PAY00000306,INV00000306,,3620.12,ACH,Reversed
PAY00000307,INV00000307,,43034.36,ACH,Failed
PAY00000308,INV00000308,,33159.01,ACH,Posted
PAY00000309,INV00000309,,7870.06,ACH,Posted
PAY00000310,INV00000310,,19150.94,Check,Reversed
PAY00000311,INV00000311,,7710.15,Credit Card,Posted
PAY00000312,INV00000312,2026-04-17,25970.63,Credit Card,Posted
PAY00000313,INV00000313,,25341.57,Check,Posted
PAY00000314,INV00000314,2026-06-04,18741.14,Wire,Pending
PAY00000316,INV00000316,,25936.36,Check,Pending
PAY00000317,INV00000317,2026-03-24,11563.81,Check,Failed
PAY00000318,INV00000318,,44001.61,Wire,Posted
PAY00000319,INV00000319,,6515.41,ACH,Posted
PAY00000320,INV00000320,2026-04-13,13353.75,ACH,Posted
PAY00000321,INV00000321,2026-06-10,554.05,ACH,Posted
PAY00000322,INV00000322,,42983.8,Wire,Pending
PAY00000323,INV00000323,,24982.51,ACH,Posted
PAY00000324,INV00000324,,4673.53,ACH,Posted
PAY00000325,INV00000325,2026-03-08,314.85,Check,Pending
PAY00000326,INV00000326,2026-04-05,22154.26,Credit Card,Pending
PAY00000328,INV00000328,2026-05-27,39065.1,ACH,Reversed
PAY00000329,INV00000329,,8039.97,ACH,Posted
PAY00000330,INV00000330,2026-06-17,28156.21,ACH,Reversed
PAY00000331,INV00000331,2026-06-09,21461.13,Credit Card,Failed
PAY00000332,INV00000332,,15533.16,ACH,Pending
PAY00000333,INV00000333,2026-06-04,25308.96,Credit Card,Posted
PAY00000334,INV00000334,,26742.52,Credit Card,Pending
PAY00000336,INV00000336,2026-06-16,13167.84,Credit Card,Reversed
PAY00000337,INV00000337,,19688.88,Wire,Pending
PAY00000338,INV00000338,,18205.11,Wire,Posted
PAY00000339,INV00000339,2026-04-22,44314.44,Check,Reversed
PAY00000340,INV00000340,,30720.01,Credit Card,Failed
PAY00000341,INV00000341,2026-07-22,22673.9,Credit Card,Failed
PAY00000342,INV00000342,2026-03-23,24934.77,Credit Card,Pending
PAY00000343,INV00000343,,32159.7,ACH,Posted
PAY00000344,INV00000344,,3173.17,ACH,Pending
PAY00000345,INV00000345,2026-05-26,34128.01,ACH,Posted
PAY00000346,INV00000346,2026-04-14,44538.62,Check,Reversed
PAY00000348,INV00000348,,36859.3,Check,Reversed
PAY00000349,INV00000349,,5258.81,ACH,Reversed
PAY00000350,INV00000350,2026-05-26,22503.99,Check,Posted
PAY00000351,INV00000351,,25124.82,ACH,Pending
PAY00000352,INV00000352,2026-06-05,42224.24,ACH,Failed
PAY00000353,INV00000353,,42112.67,ACH,Posted
PAY00000354,INV00000354,2026-06-03,26218.2,ACH,Failed
PAY00000355,INV00000355,,16540.43,Wire,Posted
PAY00000356,INV00000356,,4798.58,Credit Card,Pending
PAY00000357,INV00000357,2026-04-06,30593.17,ACH,Failed
PAY00000358,INV00000358,,31127.89,ACH,Pending
PAY00000359,INV00000359,,9540.84,Wire,Posted
PAY00000360,INV00000360,2026-05-13,21304.25,Credit Card,Reversed
PAY00000361,INV00000361,2026-04-05,22739.41,ACH,Posted
PAY00000362,INV00000362,2026-04-17,6927.59,Check,Posted
PAY00000363,INV00000363,,26531.07,Credit Card,Failed
PAY00000364,INV00000364,,30279.12,ACH,Posted
PAY00000365,INV00000365,2026-04-22,14116.96,Credit Card,Pending
PAY00000366,INV00000366,,10632.77,Check,Pending
PAY00000367,INV00000367,,15089.72,Credit Card,Posted
PAY00000368,INV00000368,2026-05-19,25960.4,ACH,Posted
PAY00000369,INV00000369,,13099.7,Credit Card,Failed
PAY00000370,INV00000370,2026-05-03,821.33,Wire,Posted
PAY00000371,INV00000371,,26334.98,ACH,Reversed
PAY00000372,INV00000372,2026-04-28,3270.27,Check,Posted
PAY00000373,INV00000373,,37659.7,Check,Failed
PAY00000374,INV00000374,2026-05-22,16509.7,Wire,Failed
PAY00000375,INV00000375,2026-05-24,15326.79,ACH,Posted
PAY00000376,INV00000376,2026-06-21,16854.77,ACH,Posted
PAY00000377,INV00000377,2026-05-09,217.98,Credit Card,Failed
PAY00000378,INV00000378,2026-06-13,167.74,Wire,Posted
PAY00000380,INV00000380,2026-04-02,4035.47,Check,Reversed
PAY00000381,INV00000381,,12631.76,ACH,Posted
PAY00000383,INV00000383,,24788.09,Wire,Posted
PAY00000384,INV00000384,,10631.25,ACH,Posted
PAY00000386,INV00000386,2026-05-01,33231.73,Check,Failed
PAY00000387,INV00000387,2026-06-24,10703.07,Credit Card,Pending
PAY00000388,INV00000388,2026-06-16,5013.74,Credit Card,Pending
PAY00000389,INV00000389,2026-06-18,22048.1,Credit Card,Posted
PAY00000390,INV00000390,,14972.68,Check,Failed
PAY00000391,INV00000391,2026-07-13,36708.71,Check,Posted
PAY00000392,INV00000392,,44390.5,ACH,Posted
PAY00000393,INV00000393,2026-04-27,23629.88,ACH,Failed
PAY00000394,INV00000394,2026-05-18,19412.05,Credit Card,Pending
PAY00000395,INV00000395,,11922.65,Check,Reversed
PAY00000396,INV00000396,,11395.56,ACH,Posted
PAY00000397,INV00000397,,7823.88,Wire,Pending
PAY00000398,INV00000398,,2689.22,Wire,Failed
PAY00000400,INV00000400,2026-07-11,42275.38,ACH,Pending
PAY00000401,INV00000401,2026-05-23,5393.47,ACH,Failed
PAY00000402,INV00000402,,8565.72,Credit Card,Posted
PAY00000403,INV00000403,,3243.09,ACH,Posted
PAY00000404,INV00000404,,31745.82,Check,Posted
PAY00000406,INV00000406,2026-04-20,5874.22,Check,Posted
PAY00000407,INV00000407,,15081.47,Check,Pending
PAY00000408,INV00000408,,25930.03,Wire,Reversed
PAY00000409,INV00000409,2026-03-20,17833.02,ACH,Pending
PAY00000410,INV00000410,2026-06-29,8657.83,Check,Failed
PAY00000411,INV00000411,2026-04-09,24109.04,Check,Posted
PAY00000412,INV00000412,,16118.61,ACH,Posted
PAY00000413,INV00000413,,27047.38,Wire,Pending
PAY00000414,INV00000414,2026-04-20,25615.1,Check,Posted
PAY00000415,INV00000415,2026-08-28,12220.17,ACH,Posted
PAY00000416,INV00000416,,36976.5,ACH,Failed
PAY00000417,INV00000417,2026-05-06,23457.28,ACH,Reversed
PAY00000418,INV00000418,,34038.21,Credit Card,Posted
PAY00000420,INV00000420,2026-05-04,14291.47,Credit Card,Posted
PAY00000421,INV00000421,,30140.46,Wire,Failed
PAY00000422,INV00000422,2026-04-02,28984.21,Check,Reversed
PAY00000424,INV00000424,,8365.92,ACH,Posted
PAY00000425,INV00000425,2026-04-09,8454.23,Credit Card,Reversed
PAY00000426,INV00000426,,19273.68,ACH,Posted
PAY00000427,INV00000427,,22493.18,Credit Card,Posted
PAY00000428,INV00000428,,6191.96,Wire,Posted
PAY00000429,INV00000429,,14047.2,ACH,Posted
PAY00000430,INV00000430,2026-04-23,17962.84,Wire,Pending
PAY00000431,INV00000431,,14546.93,ACH,Posted
PAY00000433,INV00000433,,17477.38,Credit Card,Posted
PAY00000434,INV00000434,,7909.1,ACH,Posted
PAY00000436,INV00000436,2026-03-17,11522.41,ACH,Pending
PAY00000438,INV00000438,2026-03-27,29314.09,ACH,Pending
PAY00000440,INV00000440,,434.75,Credit Card,Failed
PAY00000441,INV00000441,2026-07-17,21216.34,ACH,Posted
PAY00000442,INV00000442,2026-06-09,15351.13,ACH,Failed
PAY00000443,INV00000443,,7763.97,Check,Failed
PAY00000444,INV00000444,2026-05-01,13671.94,Wire,Posted
PAY00000445,INV00000445,,10409.03,Check,Posted
PAY00000447,INV00000447,,4654.56,ACH,Reversed
PAY00000448,INV00000448,,3634.83,ACH,Failed
PAY00000449,INV00000449,2026-08-15,4897.23,ACH,Posted
PAY00000452,INV00000452,,24926.55,ACH,Posted
PAY00000453,INV00000453,,27156.02,Wire,Reversed
PAY00000455,INV00000455,2026-05-23,874.89,Wire,Pending
PAY00000456,INV00000456,,8530.47,ACH,Posted
PAY00000457,INV00000457,,4272.04,Wire,Reversed
PAY00000458,INV00000458,,30317.29,Wire,Pending
PAY00000459,INV00000459,2026-02-13,17400.91,Check,Failed
PAY00000460,INV00000460,2026-06-24,11157.05,Check,Posted
PAY00000461,INV00000461,2026-06-04,35867.71,ACH,Reversed
PAY00000462,INV00000462,2026-04-22,38303.24,ACH,Reversed
PAY00000463,INV00000463,2026-04-29,15808.31,ACH,Posted
PAY00000464,INV00000464,,19052.53,Wire,Failed
PAY00000465,INV00000465,2026-05-27,43247.78,ACH,Pending
PAY00000466,INV00000466,,13447.03,Check,Pending
PAY00000467,INV00000467,,1582.5,ACH,Reversed
PAY00000468,INV00000468,,12514.8,Check,Reversed
PAY00000469,INV00000469,,38835.73,Wire,Pending
PAY00000470,INV00000470,,42515.17,ACH,Pending
PAY00000471,INV00000471,2026-06-24,2246.02,Wire,Posted
PAY00000472,INV00000472,,11500.17,ACH,Reversed
PAY00000473,INV00000473,,15731.64,Check,Posted
PAY00000474,INV00000474,2026-04-02,30337.25,ACH,Pending
PAY00000475,INV00000475,,6139.22,ACH,Reversed
PAY00000476,INV00000476,2026-07-26,28581.3,ACH,Posted
PAY00000477,INV00000477,,21085.71,Check,Pending
PAY00000478,INV00000478,,29334.3,ACH,Failed
PAY00000479,INV00000479,,7635.54,Credit Card,Reversed
PAY00000480,INV00000480,2026-06-04,20865.72,ACH,Pending
PAY00000481,INV00000481,,7676.53,ACH,Reversed
PAY00000482,INV00000482,2026-02-28,15572.95,ACH,Posted
PAY00000483,INV00000483,,7582.55,ACH,Reversed
PAY00000484,INV00000484,2026-04-05,31595.83,Credit Card,Posted
PAY00000485,INV00000485,2026-03-04,20410.07,Credit Card,Reversed
PAY00000487,INV00000487,,41869.91,ACH,Posted
PAY00000488,INV00000488,,27462.06,Wire,Reversed
PAY00000490,INV00000490,2026-04-17,35994.93,Wire,Reversed
PAY00000492,INV00000492,,42177.39,ACH,Pending
PAY00000493,INV00000493,,25024.12,Credit Card,Posted
PAY00000494,INV00000494,2026-07-03,15101.55,Credit Card,Posted
PAY00000495,INV00000495,2026-03-28,13500.49,Wire,Posted
PAY00000499,INV00000499,,44722.28,ACH,Reversed
PAY00000500,INV00000500,2026-07-26,1781.23,ACH,Pending
PAY00000501,INV00000501,2026-07-04,16344.43,ACH,Posted
PAY00000502,INV00000502,,19973.52,Credit Card,Failed
PAY00000503,INV00000503,,18528.73,ACH,Failed
PAY00000504,INV00000504,2026-05-10,17844.05,ACH,Failed
PAY00000506,INV00000506,2026-07-01,25823.59,Check,Failed
PAY00000509,INV00000509,,20821.35,Credit Card,Pending
PAY00000510,INV00000510,,7994.68,Check,Pending
PAY00000511,INV00000511,,30427.76,ACH,Posted
PAY00000512,INV00000512,,29662.47,Credit Card,Failed
PAY00000514,INV00000514,2026-04-11,37789.81,Wire,Reversed
PAY00000515,INV00000515,2026-03-12,33698.2,Credit Card,Reversed
PAY00000516,INV00000516,,42431.42,ACH,Pending
PAY00000518,INV00000518,2026-04-26,23929.55,Check,Reversed
PAY00000519,INV00000519,2026-05-12,984.89,Check,Posted
PAY00000520,INV00000520,,17838.28,ACH,Pending
PAY00000521,INV00000521,2026-05-11,44923.67,ACH,Reversed
PAY00000522,INV00000522,2026-03-05,20649.8,Credit Card,Posted
PAY00000523,INV00000523,2026-06-13,21846.78,Wire,Reversed
PAY00000524,INV00000524,2026-05-01,31164.18,ACH,Posted
PAY00000525,INV00000525,,24433.93,Check,Failed
PAY00000526,INV00000526,,6851.31,Check,Failed
PAY00000527,INV00000527,2026-02-23,3674.25,ACH,Pending
PAY00000529,INV00000529,2026-06-19,22792.65,ACH,Reversed
PAY00000531,INV00000531,2026-06-30,23705.57,Check,Failed
PAY00000532,INV00000532,2026-07-02,41346.2,Wire,Failed
PAY00000533,INV00000533,2026-02-18,25817.54,Wire,Pending
PAY00000534,INV00000534,2026-05-18,17823.96,Wire,Reversed
PAY00000535,INV00000535,2026-08-01,41075.79,Check,Failed
PAY00000536,INV00000536,,19059.56,ACH,Posted
PAY00000537,INV00000537,2026-03-11,39316.51,Credit Card,Failed
PAY00000538,INV00000538,2026-05-30,4801.95,ACH,Posted
PAY00000539,INV00000539,2026-03-24,5512.77,Wire,Posted
PAY00000540,INV00000540,,12118.01,ACH,Posted
PAY00000542,INV00000542,,12979.85,ACH,Reversed
PAY00000543,INV00000543,2026-05-22,19423.14,Check,Failed
PAY00000544,INV00000544,,19033.36,Check,Failed
PAY00000547,INV00000547,,24280.1,ACH,Posted
PAY00000548,INV00000548,2026-02-17,13172.18,Wire,Reversed
PAY00000549,INV00000549,,16902.56,Wire,Failed
PAY00000550,INV00000550,,28276.51,ACH,Failed
PAY00000552,INV00000552,2026-07-06,3155.44,ACH,Failed
PAY00000553,INV00000553,,32020.91,ACH,Pending
PAY00000554,INV00000554,,17484.41,ACH,Failed
PAY00000555,INV00000555,2026-04-06,26755.43,Wire,Posted
PAY00000556,INV00000556,2026-07-24,26729.04,ACH,Posted
PAY00000557,INV00000557,,14726.18,ACH,Reversed
PAY00000558,INV00000558,2026-04-20,12833.54,ACH,Failed
PAY00000559,INV00000559,2026-09-04,38319.55,Wire,Posted
PAY00000560,INV00000560,2026-03-30,13656.28,Check,Posted
PAY00000561,INV00000561,,4507.97,Credit Card,Reversed
PAY00000562,INV00000562,2026-04-10,35169.1,Wire,Pending
PAY00000563,INV00000563,2026-07-26,20968.35,Check,Reversed
PAY00000564,INV00000564,2026-06-05,40018.1,Wire,Posted
PAY00000565,INV00000565,,23450.99,Check,Posted
PAY00000566,INV00000566,2026-07-26,29730.85,Check,Posted
PAY00000568,INV00000568,2026-03-26,14779.53,ACH,Posted
PAY00000569,INV00000569,,9708.61,Check,Posted
PAY00000570,INV00000570,,10206.01,Wire,Pending
PAY00000571,INV00000571,,30874.29,Credit Card,Posted
PAY00000573,INV00000573,,4739.48,Credit Card,Reversed
PAY00000574,INV00000574,,8274.72,ACH,Reversed
PAY00000575,INV00000575,,34362.06,ACH,Reversed
PAY00000576,INV00000576,,5567.62,ACH,Posted
PAY00000577,INV00000577,,28226.65,ACH,Posted
PAY00000579,INV00000579,2026-03-16,23815.51,ACH,Reversed
PAY00000580,INV00000580,,19903.65,Wire,Posted
PAY00000581,INV00000581,,3708.66,ACH,Posted
PAY00000582,INV00000582,,5303.26,Wire,Reversed
PAY00000584,INV00000584,,29267.0,Wire,Failed
PAY00000585,INV00000585,,21463.99,Wire,Failed
PAY00000586,INV00000586,2026-02-07,21856.35,ACH,Failed
PAY00000587,INV00000587,2026-06-25,33122.07,Wire,Pending
PAY00000588,INV00000588,2026-06-28,23230.63,ACH,Posted
PAY00000589,INV00000589,2026-06-25,1241.69,Wire,Reversed
PAY00000590,INV00000590,2026-04-12,2767.26,ACH,Posted
PAY00000591,INV_UNKNOWN,,19804.38,Check,Reversed
PAY00000592,INV00000592,,33450.27,ACH,Failed
PAY00000593,INV00000593,2026-08-01,15641.21,ACH,Failed
PAY00000594,INV00000594,,16010.37,ACH,Posted
PAY00000595,INV00000595,,9178.85,Check,Posted
PAY00000596,INV00000596,,2365.46,Credit Card,Posted
PAY00000597,INV00000597,,25450.19,Wire,Failed
PAY00000599,INV00000599,2026-07-24,18084.25,Check,Posted
PAY00000600,INV00000600,2026-04-03,9573.8,Wire,Posted
PAY00000601,INV00000601,,8118.48,Check,Failed
PAY00000602,INV00000602,,43511.74,Wire,Posted
PAY00000603,INV00000603,2026-04-12,43125.2,Check,Posted
PAY00000604,INV00000604,,27844.91,Credit Card,Failed
PAY00000605,INV00000605,2026-02-24,25654.35,ACH,Pending
PAY00000606,INV00000606,,7916.7,ACH,Posted
PAY00000607,INV00000607,,11657.89,ACH,Posted
PAY00000608,INV00000608,2026-03-11,17360.3,Credit Card,Reversed
PAY00000609,INV00000609,,8899.6,ACH,Posted
PAY00000610,INV00000610,,1028.39,ACH,Reversed
PAY00000611,INV00000611,2026-07-08,32228.38,Credit Card,Posted
PAY00000612,INV00000612,,38267.92,ACH,Failed
PAY00000613,INV00000613,2026-07-10,25519.56,Check,Posted
PAY00000614,INV00000614,2026-04-16,33782.27,Wire,Failed
PAY00000615,INV00000615,,21235.65,Credit Card,Posted
PAY00000616,INV00000616,,11251.99,Wire,Reversed
PAY00000617,INV00000617,2026-05-28,32699.0,Check,Posted
PAY00000618,INV00000618,,25380.17,Wire,Posted
PAY00000619,INV00000619,2026-06-07,29081.59,Check,Posted
PAY00000620,INV00000620,2026-05-05,22701.78,Check,Posted
PAY00000621,INV00000621,,38932.5,Check,Failed
PAY00000622,INV00000622,2026-05-24,7073.73,ACH,Failed
PAY00000624,INV00000624,2026-06-05,21332.68,Credit Card,Posted
PAY00000625,INV00000625,,31837.15,Wire,Reversed
PAY00000626,INV00000626,,32791.06,ACH,Posted
PAY00000627,INV00000627,2026-04-11,22086.12,ACH,Reversed
PAY00000628,INV00000628,2026-05-16,14217.92,ACH,Posted
PAY00000629,INV00000629,,16474.74,Wire,Posted
PAY00000630,INV00000630,2026-07-06,42922.39,Check,Failed
PAY00000631,INV00000631,,31748.4,Credit Card,Reversed
PAY00000632,INV00000632,,2390.4,Credit Card,Pending
PAY00000633,INV00000633,,959.73,Wire,Failed
PAY00000634,INV00000634,2026-06-15,22495.57,Check,Failed
PAY00000635,INV00000635,,35960.78,Credit Card,Pending
PAY00000636,INV00000636,2026-06-28,12059.71,Check,Posted
PAY00000637,INV00000637,2026-05-25,18458.08,Wire,Reversed
PAY00000638,INV00000638,,3936.74,Check,Reversed
PAY00000639,INV00000639,2026-06-24,7751.56,ACH,Posted
PAY00000640,INV00000640,,26797.19,ACH,Failed
PAY00000641,INV00000641,2026-04-18,29119.67,Credit Card,Posted
PAY00000642,INV00000642,2026-02-08,2443.38,ACH,Posted
PAY00000644,INV00000644,,17270.58,ACH,Posted
PAY00000645,INV00000645,,22663.65,ACH,Pending
PAY00000646,INV00000646,,12792.29,Wire,Posted
PAY00000648,INV00000648,2026-04-16,17105.96,Wire,Posted
PAY00000649,INV00000649,2026-05-10,35384.25,Check,Posted
PAY00000650,INV00000650,,22996.97,Check,Reversed
PAY00000651,INV00000651,,3140.92,Credit Card,Posted
PAY00000652,INV00000652,,22368.83,Check,Posted
PAY00000654,INV00000654,2026-04-11,17757.83,Credit Card,Posted
PAY00000655,INV00000655,2026-06-09,416.49,Check,Failed
PAY00000656,INV00000656,,14185.56,Wire,Failed
PAY00000658,INV00000658,,10933.04,Wire,Pending
PAY00000659,INV00000659,2026-06-10,22854.27,ACH,Pending
PAY00000660,INV00000660,2026-02-12,4482.77,ACH,Pending
PAY00000661,INV00000661,2026-07-01,18554.15,Credit Card,Pending
PAY00000662,INV00000662,,44231.69,ACH,Pending
PAY00000663,INV00000663,,24741.44,ACH,Reversed
PAY00000664,INV00000664,2026-04-02,4267.6,Check,Pending
PAY00000666,INV00000666,2026-04-17,32137.82,ACH,Failed
PAY00000667,INV00000667,2026-05-04,1964.35,ACH,Pending
PAY00000668,INV00000668,,4436.78,Check,Pending
PAY00000669,INV00000669,,6918.27,ACH,Failed
PAY00000670,INV00000670,,29802.33,Wire,Posted
PAY00000671,INV00000671,,26848.78,Credit Card,Pending
PAY00000673,INV00000673,2026-03-30,12114.96,Wire,Posted
PAY00000677,INV00000677,2026-06-01,22225.71,Credit Card,Pending
PAY00000678,INV00000678,,25258.41,ACH,Posted
PAY00000679,INV00000679,2026-03-01,14922.93,Wire,Posted
PAY00000680,INV00000680,2026-06-17,10941.31,ACH,Pending
PAY00000682,INV00000682,,7789.83,ACH,Failed
PAY00000683,INV00000683,2026-06-29,26396.17,Wire,Posted
PAY00000684,INV00000684,,22706.54,Check,Posted
PAY00000685,INV00000685,2026-04-22,6558.14,Wire,Failed
PAY00000686,INV00000686,2026-02-06,7150.08,Credit Card,Pending
PAY00000688,INV00000688,,10165.76,Check,Failed
PAY00000689,INV00000689,,6762.49,ACH,Pending
PAY00000690,INV00000690,2026-05-27,9695.49,ACH,Pending
PAY00000691,INV00000691,2026-05-04,32262.8,ACH,Posted
PAY00000692,INV00000692,2026-03-31,7536.19,ACH,Posted
PAY00000693,INV00000693,2026-04-21,23487.49,Check,Posted
PAY00000694,INV00000694,,1007.11,Wire,Failed
PAY00000696,INV00000696,,28019.94,Wire,Reversed
PAY00000697,INV00000697,2026-05-05,43653.04,Check,Posted
PAY00000699,INV00000699,,26129.01,ACH,Posted
PAY00000700,INV00000700,,13449.44,Credit Card,Pending
PAY00000701,INV00000701,2026-05-14,760.72,Check,Posted
PAY00000702,INV00000702,,39319.69,Wire,Pending
PAY00000704,INV00000704,,39131.21,ACH,Posted
PAY00000705,INV00000705,2026-02-20,2561.8,ACH,Posted
PAY00000706,INV00000706,,9924.19,Credit Card,Failed
PAY00000707,INV00000707,2026-05-09,15689.8,Wire,Failed
PAY00000708,INV00000708,2026-05-28,590.8,ACH,Reversed
PAY00000712,INV00000712,,23195.75,ACH,Reversed
PAY00000714,INV00000714,,22311.03,ACH,Pending
PAY00000715,INV00000715,,29297.83,ACH,Reversed
PAY00000716,INV00000716,,3734.14,ACH,Pending
PAY00000717,INV00000717,2026-08-10,27037.33,Credit Card,Failed
PAY00000718,INV00000718,,407.51,ACH,Posted
PAY00000719,INV00000719,2026-05-11,22382.42,ACH,Pending
PAY00000720,INV00000720,2026-03-25,6156.73,Credit Card,Failed
PAY00000721,INV00000721,,2240.41,ACH,Failed
PAY00000722,INV00000722,,16908.96,ACH,Posted
PAY00000723,INV00000723,2026-03-23,27093.23,Wire,Posted
PAY00000724,INV00000724,2026-03-30,16688.48,ACH,Failed
PAY00000725,INV00000725,2026-04-16,13680.96,Check,Posted
PAY00000726,INV00000726,,15145.68,ACH,Posted
PAY00000728,INV00000728,2026-06-04,8362.48,Credit Card,Posted
PAY00000729,INV00000729,,4921.56,ACH,Posted
PAY00000730,INV00000730,,17293.92,ACH,Posted
PAY00000731,INV00000731,,7732.04,Wire,Failed
PAY00000732,INV00000732,2026-02-16,2462.14,Check,Reversed
PAY00000733,INV00000733,2026-06-12,8848.37,Credit Card,Posted
PAY00000734,INV00000734,,21804.36,Credit Card,Failed
PAY00000735,INV00000735,2026-02-19,5612.91,ACH,Pending
PAY00000737,INV00000737,2026-03-24,25156.54,Credit Card,Posted
PAY00000738,INV00000738,,15717.4,ACH,Failed
PAY00000739,INV00000739,2026-04-15,29182.2,ACH,Reversed
PAY00000740,INV00000740,2026-04-21,31012.8,ACH,Reversed
PAY00000741,INV00000741,2026-04-30,6498.16,Check,Posted
PAY00000742,INV00000742,2026-06-27,10179.19,Credit Card,Pending
PAY00000744,INV00000744,2026-05-04,23276.92,ACH,Reversed
PAY00000745,INV00000745,2026-02-22,43164.84,ACH,Reversed
PAY00000747,INV00000747,2026-03-07,7711.71,Check,Failed
PAY00000748,INV00000748,2026-07-03,22953.96,ACH,Pending
PAY00000749,INV00000749,2026-08-07,43785.86,Wire,Posted
PAY00000750,INV00000750,2026-03-02,30462.19,Credit Card,Posted
PAY00000752,INV00000752,2026-03-08,7903.79,ACH,Pending
PAY00000753,INV00000753,2026-04-05,23204.88,ACH,Posted
PAY00000754,INV00000754,2026-04-29,928.94,Check,Posted
PAY00000755,INV00000755,2026-03-01,11947.24,ACH,Pending
PAY00000756,INV00000756,2026-02-02,25791.07,Credit Card,Reversed
PAY00000757,INV00000757,2026-03-21,14350.86,Wire,Posted
PAY00000758,INV00000758,,21760.64,Check,Pending
PAY00000759,INV00000759,,15629.78,Credit Card,Posted
PAY00000760,INV00000760,,15414.37,Wire,Pending
PAY00000761,INV00000761,2026-07-02,4605.99,ACH,Posted
PAY00000762,INV00000762,,25674.42,Credit Card,Pending
PAY00000763,INV00000763,,6432.55,Credit Card,Failed
PAY00000764,INV00000764,,4741.88,Check,Posted
PAY00000765,INV00000765,,11284.78,Check,Posted
PAY00000766,INV00000766,,3865.46,Check,Failed
PAY00000769,INV00000769,2026-06-15,29040.7,ACH,Reversed
PAY00000770,INV00000770,,15973.24,ACH,Posted
PAY00000771,INV00000771,2026-03-06,39573.48,Wire,Reversed
PAY00000773,INV00000773,,15966.56,Wire,Posted
PAY00000776,INV00000776,,16835.33,Credit Card,Posted
PAY00000777,INV00000777,,17704.22,Wire,Pending
PAY00000778,INV00000778,2026-02-27,14073.41,Check,Posted
PAY00000779,INV00000779,2026-05-10,14328.66,ACH,Failed
PAY00000780,INV00000780,,25577.85,Wire,Pending
PAY00000781,INV00000781,,14088.69,Credit Card,Failed
PAY00000782,INV00000782,,4308.1,ACH,Posted
PAY00000783,INV00000783,2026-05-26,9093.45,Check,Failed
PAY00000785,INV00000785,,31946.8,Credit Card,Reversed
PAY00000786,INV00000786,,7555.56,Check,Posted
PAY00000789,INV00000789,2026-05-20,2325.07,ACH,Posted
PAY00000790,INV00000790,2026-05-22,28321.83,ACH,Pending
PAY00000792,INV00000792,2026-07-03,5280.47,ACH,Posted
PAY00000793,INV00000793,2026-06-22,21314.9,Credit Card,Failed
PAY00000794,INV00000794,2026-02-18,13355.82,Wire,Posted
PAY00000796,INV00000796,,12235.39,Credit Card,Posted
PAY00000797,INV00000797,2026-07-16,23448.62,Wire,Failed
PAY00000798,INV00000798,2026-05-15,19703.15,Check,Pending
PAY00000799,INV00000799,,42632.31,ACH,Posted
PAY00000800,INV00000800,,15707.36,Wire,Posted
PAY00000801,INV00000801,,644.71,Check,Posted
PAY00000802,INV00000802,2026-04-29,37264.59,Check,Reversed
PAY00000803,INV00000803,2026-04-15,36848.53,Check,Failed
PAY00000804,INV00000804,,16138.96,Credit Card,Reversed
PAY00000805,INV00000805,2026-06-24,3541.9,Wire,Posted
PAY00000807,INV00000807,2026-03-23,17488.39,Wire,Reversed
PAY00000808,INV00000808,2026-07-07,10376.58,Check,Reversed
PAY00000809,INV00000809,2026-06-04,21459.11,Wire,Pending
PAY00000810,INV00000810,,21210.6,Wire,Posted
PAY00000811,INV00000811,2026-07-07,33072.06,Check,Posted
PAY00000813,INV00000813,,9584.64,ACH,Posted
PAY00000814,INV00000814,,32078.03,Wire,Pending
PAY00000815,INV00000815,2026-04-18,10008.35,Credit Card,Posted
PAY00000816,INV00000816,2026-02-23,4329.8,ACH,Posted
PAY00000817,INV00000817,,6743.66,ACH,Failed
PAY00000818,INV00000818,2026-03-31,6804.55,ACH,Failed
PAY00000819,INV00000819,,29769.73,Wire,Reversed
PAY00000820,INV00000820,,450.8,Wire,Posted
PAY00000822,INV00000822,,19588.32,ACH,Posted
PAY00000823,INV00000823,,262.11,ACH,Pending
PAY00000824,INV00000824,,14425.04,Credit Card,Failed
PAY00000826,INV00000826,,7265.5,Wire,Pending
PAY00000828,INV00000828,,18769.21,Check,Pending
PAY00000829,INV00000829,2026-07-03,10738.13,ACH,Failed
PAY00000830,INV00000830,2026-06-03,16788.33,Credit Card,Posted
PAY00000831,INV00000831,,2297.15,ACH,Posted
PAY00000832,INV00000832,,6962.96,Credit Card,Posted
PAY00000833,INV00000833,2026-05-29,41444.54,Wire,Pending
PAY00000834,INV00000834,,2560.12,Wire,Reversed
PAY00000835,INV00000835,,30734.96,Wire,Posted
PAY00000836,INV00000836,2026-03-09,417.8,ACH,Pending
PAY00000837,INV00000837,2026-06-21,16818.34,Wire,Posted
PAY00000838,INV00000838,2026-04-02,18391.54,ACH,Failed
PAY00000840,INV00000840,2026-03-24,25143.63,Wire,Reversed
PAY00000841,INV00000841,2026-05-15,25880.38,ACH,Reversed
PAY00000842,INV00000842,,16558.43,Credit Card,Posted
PAY00000843,INV00000843,2026-03-08,27236.85,Credit Card,Posted
PAY00000844,INV00000844,2026-04-29,16122.6,ACH,Reversed
PAY00000845,INV00000845,2026-04-14,7659.78,Wire,Posted
PAY00000846,INV00000846,2026-06-29,26714.09,Check,Pending
PAY00000847,INV00000847,,11520.68,Wire,Failed
PAY00000848,INV00000848,,6972.75,Check,Reversed
PAY00000849,INV00000849,2026-06-15,29685.1,Check,Posted
PAY00000851,INV00000851,2026-06-10,7416.88,Wire,Posted
PAY00000853,INV00000853,,20363.7,Wire,Posted
PAY00000854,INV00000854,,27717.25,Check,Reversed
PAY00000856,INV00000856,,4743.28,ACH,Posted
PAY00000857,INV00000857,,28752.65,ACH,Pending
PAY00000858,INV00000858,,22688.52,Credit Card,Failed
PAY00000859,INV00000859,,40029.91,ACH,Pending
PAY00000860,INV00000860,,12362.61,ACH,Pending
PAY00000862,INV00000862,,2728.97,Wire,Posted
PAY00000863,INV00000863,2026-03-03,10784.64,ACH,Pending
PAY00000864,INV00000864,2026-03-26,28895.1,ACH,Posted
PAY00000866,INV00000866,,16596.12,Credit Card,Failed
PAY00000867,INV00000867,2026-05-10,43712.56,Wire,Posted
PAY00000869,INV00000869,,22041.54,Check,Reversed
PAY00000870,INV00000870,,20596.46,Check,Posted
PAY00000871,INV00000871,,20786.96,Credit Card,Posted
PAY00000872,INV00000872,,12533.83,Credit Card,Reversed
PAY00000873,INV00000873,2026-06-11,17848.04,Credit Card,Pending
PAY00000875,INV00000875,,22636.64,Credit Card,Posted
PAY00000876,INV00000876,,16149.52,ACH,Posted
PAY00000880,INV00000880,,23384.2,ACH,Pending
PAY00000881,INV00000881,2026-02-15,34143.13,Credit Card,Pending
PAY00000882,INV00000882,2026-05-06,11998.93,Check,Posted
PAY00000883,INV00000883,2026-02-22,40129.83,Wire,Reversed
PAY00000884,INV00000884,,173.84,ACH,Posted
PAY00000885,INV00000885,2026-05-22,8333.08,Wire,Posted
PAY00000886,INV00000886,,10118.81,ACH,Posted
PAY00000887,INV00000887,,9980.86,Wire,Reversed
PAY00000888,INV00000888,,25809.46,ACH,Posted
PAY00000889,INV00000889,2026-06-04,21458.75,Check,Reversed
PAY00000890,INV00000890,2026-06-28,12858.02,Check,Posted
PAY00000891,INV00000891,,21029.64,ACH,Reversed
PAY00000892,INV00000892,2026-02-22,14356.6,Check,Pending
PAY00000893,INV00000893,,7323.79,Wire,Reversed
PAY00000895,INV00000895,2026-07-04,9908.82,Wire,Posted
PAY00000896,INV00000896,,7972.77,ACH,Posted
PAY00000898,INV00000898,2026-05-23,31638.91,Wire,Pending
PAY00000899,INV00000899,,30167.26,Check,Failed
PAY00000900,INV00000900,2026-07-18,24979.66,ACH,Reversed
PAY00000901,INV00000901,2026-04-12,12073.87,ACH,Posted
PAY00000902,INV00000902,,38026.87,Check,Posted
PAY00000903,INV00000903,,22744.44,Check,Reversed
PAY00000904,INV00000904,,1106.63,ACH,Pending
PAY00000905,INV00000905,2026-04-15,37833.14,ACH,Reversed
PAY00000906,INV00000906,2026-03-24,20780.21,ACH,Reversed
PAY00000907,INV00000907,,33221.59,Check,Pending
PAY00000908,INV00000908,2026-06-01,20616.53,Check,Failed
PAY00000909,INV00000909,2026-07-02,2523.96,Wire,Posted
PAY00000910,INV00000910,2026-03-24,36417.97,Credit Card,Posted
PAY00000912,INV00000912,,44613.85,ACH,Failed
PAY00000914,INV00000914,,13489.32,ACH,Pending
PAY00000915,INV00000915,,17057.22,Check,Posted
PAY00000916,INV00000916,,8338.93,Wire,Failed
PAY00000917,INV00000917,2026-02-19,43296.74,Wire,Reversed
PAY00000918,INV00000918,2026-03-21,31402.37,Wire,Reversed
PAY00000919,INV00000919,,3409.3,Credit Card,Reversed
PAY00000920,INV00000920,2026-07-15,7904.03,Credit Card,Posted
PAY00000921,INV00000921,,15013.84,Check,Posted
PAY00000922,INV00000922,,41565.74,Wire,Posted
PAY00000924,INV00000924,2026-05-10,22158.09,ACH,Failed
PAY00000925,INV00000925,,4145.23,Credit Card,Posted
PAY00000926,INV00000926,2026-06-27,22102.87,Check,Failed
PAY00000927,INV00000927,2026-04-26,13039.82,ACH,Posted
PAY00000928,INV00000928,,20413.23,Check,Reversed
PAY00000929,INV00000929,2026-05-21,10544.99,ACH,Posted
PAY00000930,INV00000930,,12133.88,Check,Reversed
PAY00000931,INV00000931,2026-08-09,10484.42,ACH,Pending
PAY00000932,INV00000932,2026-06-10,5602.78,ACH,Reversed
PAY00000934,INV00000934,,33271.35,Check,Reversed
PAY00000935,INV00000935,,11330.55,Wire,Posted
PAY00000936,INV00000936,,19830.05,Credit Card,Pending
PAY00000937,INV00000937,,18226.35,Check,Posted
PAY00000938,INV00000938,,6232.04,Credit Card,Failed
PAY00000939,INV00000939,,13594.83,Wire,Posted
PAY00000940,INV00000940,2026-05-12,43381.01,Check,Posted
PAY00000941,INV00000941,,268.04,Check,Pending
PAY00000943,INV00000943,,7226.5,ACH,Pending
PAY00000944,INV00000944,,5784.61,ACH,Posted
PAY00000945,INV00000945,,20449.73,Wire,Posted
PAY00000947,INV00000947,,16675.38,Wire,Failed
PAY00000948,INV00000948,,41908.22,ACH,Pending
PAY00000950,INV00000950,,10478.91,ACH,Posted
PAY00000951,INV00000951,2026-07-22,18955.96,Check,Failed
PAY00000952,INV00000952,,37219.38,ACH,Failed
PAY00000953,INV00000953,,2120.21,Credit Card,Posted
PAY00000954,INV00000954,,39828.19,Credit Card,Posted
PAY00000955,INV00000955,,23973.31,ACH,Reversed
PAY00000956,INV00000956,2026-04-07,2916.38,Check,Failed
PAY00000957,INV00000957,,19569.44,Wire,Pending
PAY00000958,INV00000958,,34408.34,Check,Reversed
PAY00000959,INV00000959,2026-05-05,1352.36,Wire,Reversed
PAY00000960,INV00000960,,475.89,ACH,Reversed
PAY00000961,INV00000961,2026-05-01,19700.83,Check,Posted
PAY00000962,INV00000962,2026-04-25,27629.95,Check,Posted
PAY00000963,INV00000963,,29851.03,Wire,Pending
PAY00000965,INV00000965,,27413.46,Wire,Pending
PAY00000966,INV00000966,2026-05-26,14417.64,ACH,Pending
PAY00000968,INV00000968,,20965.14,Check,Posted
PAY00000969,INV00000969,,39968.34,ACH,Posted
PAY00000970,INV00000970,2026-03-27,33472.85,Credit Card,Failed
PAY00000971,INV00000971,,32747.5,Check,Posted
PAY00000972,INV00000972,,30905.11,Wire,Pending
PAY00000974,INV00000974,2026-03-25,13845.31,ACH,Posted
PAY00000975,INV00000975,,25521.85,ACH,Failed
PAY00000976,INV00000976,,6082.06,ACH,Posted
PAY00000977,INV00000977,,8322.72,Wire,Reversed
PAY00000978,INV00000978,2026-03-04,3066.02,Check,Pending
PAY00000979,INV00000979,,28642.95,Wire,Failed
PAY00000980,INV00000980,,21174.51,ACH,Posted
PAY00000981,INV00000981,,24231.25,Wire,Posted
PAY00000982,INV00000982,2026-03-27,19076.14,Credit Card,Failed
PAY00000983,INV00000983,2026-07-01,24530.47,Credit Card,Failed
PAY00000985,INV00000985,2026-05-09,26227.29,ACH,Posted
PAY00000986,INV00000986,,21630.89,Credit Card,Posted
PAY00000988,INV00000988,2026-04-09,7395.58,ACH,Pending
PAY00000989,INV00000989,,25064.69,Credit Card,Reversed
PAY00000990,INV00000990,2026-05-30,15059.18,Credit Card,Posted
PAY00000992,INV00000992,2026-07-14,25544.02,ACH,Reversed
PAY00000993,INV00000993,2026-03-20,31694.67,Check,Posted
PAY00000994,INV00000994,2026-05-09,3420.46,Wire,Posted
PAY00000995,INV00000995,,15173.13,Wire,Failed
PAY00000996,INV00000996,,36934.23,ACH,Reversed
PAY00000997,INV00000997,2026-03-12,25282.53,Credit Card,Posted
PAY00000998,INV00000998,,34952.46,Check,Reversed
PAY00000999,INV00000999,2026-06-15,13172.38,Check,Failed
PAY00001000,INV00001000,,18235.22,ACH,Reversed
PAY00001002,INV00001002,2026-05-25,10917.52,Credit Card,Pending
PAY00001003,INV00001003,,14275.13,ACH,Failed
PAY00001005,INV00001005,,21839.5,Wire,Failed
PAY00001007,INV00001007,,5017.18,Credit Card,Posted
PAY00001009,INV00001009,2026-04-23,2333.15,ACH,Posted
PAY00001010,INV00001010,,22247.76,Wire,Posted
PAY00001012,INV00001012,2026-06-27,21445.38,ACH,Failed
PAY00001014,INV00001014,,30039.07,Credit Card,Posted
PAY00001015,INV00001015,2026-05-15,10759.55,Wire,Reversed
PAY00001016,INV00001016,,17818.34,Wire,Posted
PAY00001017,INV00001017,,12449.15,ACH,Posted
PAY00001020,INV00001020,2026-06-05,4558.8,Credit Card,Posted
PAY00001021,INV00001021,,11355.56,ACH,Pending
PAY00001022,INV00001022,,18769.15,ACH,Failed
PAY00001023,INV00001023,2026-06-21,11472.85,Wire,Reversed
PAY00001024,INV00001024,2026-05-20,30926.96,Credit Card,Posted
PAY00001025,INV00001025,,19317.91,ACH,Posted
PAY00001026,INV00001026,2026-04-16,9264.15,Wire,Posted
PAY00001027,INV00001027,2026-03-27,9518.82,Credit Card,Posted
PAY00001028,INV00001028,2026-05-29,24670.5,ACH,Failed
PAY00001029,INV00001029,,19421.0,ACH,Failed
PAY00001030,INV00001030,2026-05-16,3617.02,Wire,Pending
PAY00001031,INV00001031,,39686.11,Wire,Failed
PAY00001032,INV00001032,2026-07-11,4182.41,ACH,Posted
PAY00001033,INV00001033,,36555.26,ACH,Reversed
PAY00001034,INV00001034,,12599.13,Credit Card,Pending
PAY00001035,INV00001035,2026-07-02,16989.58,Wire,Posted
PAY00001036,INV00001036,2026-06-06,40782.32,Check,Reversed
PAY00001037,INV00001037,,13413.43,Wire,Pending
PAY00001038,INV00001038,2026-03-14,25422.34,Credit Card,Failed
PAY00001039,INV00001039,,7455.01,ACH,Posted
PAY00001040,INV00001040,,30276.38,Wire,Pending
PAY00001042,INV00001042,2026-03-28,5874.69,Wire,Posted
PAY00001043,INV00001043,2026-03-28,35160.17,Credit Card,Failed
PAY00001044,INV00001044,,3037.16,Check,Reversed
PAY00001045,INV00001045,,16944.49,ACH,Pending
PAY00001047,INV00001047,,24907.52,ACH,Pending
PAY00001048,INV00001048,,21788.79,Wire,Posted
PAY00001049,INV00001049,,9591.22,Check,Posted
PAY00001050,INV00001050,,931.55,ACH,Pending
PAY00001051,INV00001051,2026-04-28,920.78,ACH,Posted
PAY00001052,INV00001052,2026-02-18,17724.87,Credit Card,Posted
PAY00001053,INV00001053,2026-06-23,85.49,Check,Reversed
PAY00001054,INV00001054,,9124.82,ACH,Posted
PAY00001055,INV00001055,,41060.7,ACH,Posted
PAY00001056,INV00001056,,18105.24,ACH,Reversed
PAY00001057,INV00001057,,1029.09,Credit Card,Pending
PAY00001058,INV00001058,2026-05-06,4238.35,Credit Card,Posted
PAY00001059,INV00001059,2026-06-23,41950.97,ACH,Reversed
PAY00001062,INV00001062,,31760.16,Check,Failed
PAY00001063,INV00001063,2026-05-22,16932.53,Wire,Failed
PAY00001064,INV00001064,2026-03-29,23060.54,ACH,Failed
PAY00001066,INV00001066,,22730.58,Check,Posted
PAY00001067,INV00001067,2026-06-21,7071.42,ACH,Pending
PAY00001068,INV00001068,2026-06-16,16237.96,ACH,Failed
PAY00001070,INV00001070,,31772.08,Check,Posted
PAY00001072,INV00001072,,13592.6,Wire,Pending
PAY00001073,INV00001073,,20623.57,ACH,Failed
PAY00001074,INV00001074,2026-06-29,9636.33,Wire,Posted
PAY00001075,INV00001075,,5546.43,Credit Card,Failed
PAY00001077,INV00001077,,24488.01,ACH,Posted
PAY00001078,INV00001078,2026-06-18,30514.8,ACH,Pending
PAY00001079,INV00001079,2026-04-17,912.4,ACH,Posted
PAY00001080,INV00001080,,7027.63,ACH,Posted
PAY00001081,INV00001081,,13587.3,ACH,Failed
PAY00001083,INV00001083,,18559.93,ACH,Failed
PAY00001084,INV00001084,2026-08-06,12552.21,Wire,Posted
PAY00001085,INV00001085,2026-04-28,34117.55,ACH,Pending
PAY00001086,INV00001086,,9414.55,Wire,Posted
PAY00001087,INV00001087,2026-05-24,14218.63,ACH,Reversed
PAY00001088,INV00001088,2026-06-07,39820.53,ACH,Reversed
PAY00001089,INV00001089,2026-07-09,32366.54,ACH,Posted
PAY00001091,INV00001091,2026-06-07,10292.61,Credit Card,Failed
PAY00001092,INV00001092,,5953.97,ACH,Reversed
PAY00001093,INV00001093,,17496.67,Check,Posted
PAY00001094,INV00001094,2026-04-10,19966.51,Wire,Posted
PAY00001095,INV00001095,,42470.23,ACH,Pending
PAY00001099,INV00001099,2026-06-13,43775.74,Check,Posted
PAY00001100,INV00001100,,38952.61,Wire,Failed
PAY00001104,INV00001104,,16585.02,ACH,Failed
PAY00001105,INV00001105,,32540.69,Wire,Failed
PAY00001106,INV00001106,,14231.47,Wire,Pending
PAY00001109,INV00001109,,34385.29,ACH,Posted
PAY00001110,INV00001110,,23766.89,Check,Failed
PAY00001111,INV00001111,,13115.18,Wire,Posted
PAY00001112,INV00001112,2026-04-13,1240.14,Check,Pending
PAY00001114,INV00001114,,11899.95,Check,Pending
PAY00001115,INV00001115,2026-07-27,5917.62,Check,Pending
PAY00001116,INV00001116,2026-03-20,22767.76,Credit Card,Reversed
PAY00001117,INV00001117,,4530.54,Wire,Reversed
PAY00001118,INV00001118,2026-04-05,33996.61,Credit Card,Posted
PAY00001119,INV00001119,,21399.42,ACH,Posted
PAY00001120,INV00001120,,3304.02,Credit Card,Reversed
PAY00001121,INV00001121,2026-07-24,18164.7,Credit Card,Posted
PAY00001123,INV00001123,,6851.47,ACH,Pending
PAY00001125,INV00001125,,6449.62,Credit Card,Failed
PAY00001126,INV00001126,2026-07-12,42700.78,Credit Card,Failed
PAY00001127,INV00001127,,12798.09,Check,Pending
PAY00001128,INV00001128,2026-04-14,44593.63,ACH,Failed
PAY00001129,INV00001129,2026-04-07,26482.42,Credit Card,Posted
PAY00001130,INV00001130,2026-04-13,1704.93,Wire,Pending
PAY00001131,INV00001131,,39320.6,ACH,Posted
PAY00001132,INV00001132,2026-08-08,31985.61,Check,Pending
PAY00001133,INV00001133,,22227.64,ACH,Posted
PAY00001135,INV00001135,2026-03-31,855.68,Wire,Reversed
PAY00001137,INV00001137,,6507.66,Wire,Posted
PAY00001138,INV00001138,2026-05-02,25063.16,ACH,Reversed
PAY00001139,INV00001139,2026-06-22,32400.19,Wire,Reversed
PAY00001140,INV00001140,2026-03-13,26721.19,ACH,Failed
PAY00001142,INV00001142,2026-05-28,44808.73,ACH,Posted
PAY00001144,INV00001144,2026-05-10,39388.9,ACH,Failed
PAY00001145,INV00001145,2026-05-28,32027.32,Wire,Pending
PAY00001146,INV00001146,2026-06-05,30468.83,ACH,Reversed
PAY00001147,INV00001147,,35634.65,Wire,Reversed
PAY00001148,INV00001148,2026-06-24,155.63,ACH,Posted
PAY00001149,INV00001149,2026-07-14,6610.04,Wire,Pending
PAY00001150,INV00001150,2026-03-14,7457.05,Wire,Posted
PAY00001151,INV00001151,,38375.79,ACH,Posted
PAY00001152,INV00001152,,1584.08,Check,Posted
PAY00001153,INV00001153,2026-04-09,14956.91,ACH,Reversed
PAY00001154,INV00001154,2026-04-27,22693.11,Check,Reversed
PAY00001155,INV00001155,,29800.0,Credit Card,Reversed
PAY00001158,INV00001158,,17264.11,Credit Card,Posted
PAY00001159,INV00001159,2026-07-04,6734.66,Wire,Posted
PAY00001160,INV00001160,2026-04-28,10778.57,Check,Pending
PAY00001161,INV00001161,,26779.51,Credit Card,Posted
PAY00001162,INV00001162,,2626.27,ACH,Posted
PAY00001163,INV00001163,,5199.09,ACH,Pending
PAY00001164,INV00001164,2026-04-17,17744.98,ACH,Reversed
PAY00001165,INV00001165,,7953.99,Credit Card,Reversed
PAY00001166,INV00001166,,35831.94,ACH,Posted
PAY00001167,INV00001167,,44986.33,ACH,Reversed
PAY00001169,INV00001169,2026-02-20,9174.23,Wire,Pending
PAY00001170,INV00001170,,21560.55,Check,Posted
PAY00001171,INV00001171,,20837.25,ACH,Reversed
PAY00001172,INV00001172,2026-06-24,12572.23,Credit Card,Failed
PAY00001174,INV00001174,2026-03-25,20189.36,ACH,Reversed
PAY00001175,INV00001175,2026-06-16,8144.02,ACH,Pending
PAY00001177,INV00001177,2026-02-10,14721.18,ACH,Posted
PAY00001178,INV00001178,2026-05-25,705.06,Wire,Reversed
PAY00001179,INV00001179,2026-02-21,28902.73,Check,Posted
PAY00001180,INV00001180,,35359.41,ACH,Pending
PAY00001181,INV00001181,2026-03-18,20605.22,Check,Posted
PAY00001182,INV00001182,2026-03-18,33016.17,Wire,Reversed
PAY00001183,INV00001183,2026-04-12,13179.78,Credit Card,Failed
PAY00001185,INV00001185,,36241.73,Wire,Reversed
PAY00001187,INV00001187,2026-07-25,37026.91,Wire,Pending
PAY00001188,INV00001188,,12930.91,ACH,Reversed
PAY00001189,INV00001189,,8650.92,ACH,Posted
PAY00001190,INV00001190,,32805.17,ACH,Pending
PAY00001192,INV00001192,2026-05-17,27416.8,Check,Posted
PAY00001193,INV00001193,2026-03-29,12541.36,Check,Posted
PAY00001194,INV00001194,,17255.15,Wire,Failed
PAY00001195,INV00001195,,41212.6,Credit Card,Reversed
PAY00001196,INV00001196,,20702.85,Check,Posted
PAY00001197,INV00001197,,21269.08,ACH,Reversed
PAY00001198,INV00001198,,20202.8,Credit Card,Posted
PAY00001199,INV00001199,2026-03-20,39500.61,ACH,Reversed
PAY00001200,INV00001200,2026-03-03,44784.08,Credit Card,Reversed
PAY00001201,INV00001201,,4168.23,Wire,Posted
PAY00001202,INV00001202,,40803.31,ACH,Reversed
PAY00001203,INV00001203,,512.2,Credit Card,Posted
PAY00001204,INV00001204,2026-05-24,30151.67,Credit Card,Failed
PAY00001205,INV00001205,,20126.89,Wire,Failed
PAY00001206,INV00001206,2026-07-21,32111.01,Check,Failed
PAY00001207,INV00001207,2026-04-05,15549.7,Wire,Reversed
PAY00001208,INV00001208,,41560.9,Wire,Pending
PAY00001209,INV00001209,,17594.57,Check,Reversed
PAY00001210,INV00001210,2026-04-27,43588.09,Check,Reversed
PAY00001211,INV00001211,,9248.87,ACH,Pending
PAY00001212,INV00001212,,38097.52,ACH,Posted
PAY00001213,INV00001213,2026-04-20,34765.39,Check,Failed
PAY00001215,INV00001215,,26558.53,ACH,Pending
PAY00001216,INV00001216,2026-06-12,36137.71,ACH,Posted
PAY00001217,INV00001217,,29251.5,ACH,Reversed
PAY00001219,INV00001219,,2803.01,Wire,Pending
PAY00001220,INV00001220,,37128.86,ACH,Pending
PAY00001221,INV00001221,2026-08-12,7409.17,Credit Card,Pending
PAY00001222,INV00001222,2026-06-26,27642.16,Wire,Pending
PAY00001223,INV00001223,2026-03-22,13540.82,Wire,Failed
PAY00001224,INV00001224,2026-03-28,14679.79,ACH,Posted
PAY00001225,INV00001225,,9268.53,Check,Reversed
PAY00001226,INV00001226,2026-06-08,10191.84,Credit Card,Pending
PAY00001227,INV00001227,2026-05-07,20878.05,Check,Reversed
PAY00001228,INV00001228,,22189.45,Wire,Posted
PAY00001229,INV00001229,2026-08-01,27562.81,Wire,Posted
PAY00001230,INV00001230,2026-05-26,2292.01,ACH,Failed
PAY00001231,INV00001231,,2486.71,ACH,Reversed
PAY00001232,INV00001232,2026-03-03,19547.75,ACH,Pending
PAY00001234,INV00001234,,436.59,Check,Posted
PAY00001235,INV00001235,2026-05-18,6528.23,ACH,Posted
PAY00001238,INV00001238,,24120.92,Wire,Posted
PAY00001239,INV00001239,2026-03-13,4529.35,Credit Card,Pending
PAY00001240,INV00001240,2026-07-20,5143.62,Credit Card,Failed
PAY00001241,INV00001241,,985.73,Wire,Pending
PAY00001242,INV00001242,,23666.36,ACH,Reversed
PAY00001243,INV00001243,2026-05-19,17671.54,ACH,Failed
PAY00001244,INV00001244,2026-03-15,39098.7,ACH,Pending
PAY00001245,INV00001245,,31522.42,ACH,Failed
PAY00001246,INV00001246,2026-03-17,14478.9,Wire,Posted
PAY00001248,INV00001248,,1337.06,ACH,Posted
PAY00001249,INV00001249,,19253.5,ACH,Failed
PAY00001251,INV_UNKNOWN,2026-08-15,4309.76,Wire,Reversed
PAY00001252,INV00001252,,35423.38,ACH,Posted
PAY00001253,INV00001253,2026-05-23,18447.17,Credit Card,Failed
PAY00001254,INV00001254,2026-04-23,22031.51,Check,Posted
PAY00001255,INV00001255,2026-02-16,19845.86,Check,Posted
PAY00001256,INV00001256,2026-03-08,36531.3,Credit Card,Posted
PAY00001257,INV00001257,,2248.42,ACH,Reversed
PAY00001258,INV00001258,2026-03-09,14844.22,ACH,Pending
PAY00001259,INV00001259,2026-07-11,2554.98,Credit Card,Failed
PAY00001260,INV00001260,2026-03-19,17451.4,ACH,Pending
PAY00001261,INV00001261,,44713.98,Credit Card,Posted
PAY00001262,INV00001262,2026-01-25,41456.45,Check,Posted
PAY00001263,INV00001263,,11213.06,Credit Card,Reversed
PAY00001265,INV00001265,,1999.11,Wire,Posted
PAY00001266,INV00001266,2026-07-21,14883.14,Check,Posted
PAY00001267,INV00001267,,13778.29,Check,Posted
PAY00001269,INV00001269,,16608.36,Check,Posted
PAY00001270,INV00001270,,15197.86,Check,Reversed
PAY00001271,INV00001271,2026-07-02,5840.77,Credit Card,Reversed
PAY00001272,INV00001272,,27305.99,ACH,Posted
PAY00001273,INV00001273,,1822.31,Wire,Posted
PAY00001274,INV00001274,2026-05-04,18801.07,Check,Posted
PAY00001275,INV00001275,2026-03-30,5017.21,ACH,Posted
PAY00001276,INV00001276,,14916.31,Wire,Pending
PAY00001278,INV00001278,2026-05-19,772.16,Wire,Posted
PAY00001280,INV00001280,,17679.56,ACH,Failed
PAY00001282,INV00001282,,10677.66,Wire,Reversed
PAY00001283,INV00001283,,15824.95,ACH,Pending
PAY00001285,INV00001285,,8603.56,Wire,Posted
PAY00001286,INV00001286,2026-01-27,42906.04,ACH,Failed
PAY00001287,INV00001287,2026-06-20,38571.53,Wire,Pending
PAY00001288,INV00001288,,12045.48,Wire,Posted
PAY00001289,INV00001289,,22807.84,ACH,Failed
PAY00001290,INV00001290,2026-03-11,4304.49,ACH,Reversed
PAY00001291,INV00001291,,3795.8,Check,Failed
PAY00001292,INV00001292,2026-07-20,31429.99,Wire,Posted
PAY00001293,INV00001293,,11212.12,Wire,Posted
PAY00001295,INV00001295,2026-02-26,3976.34,ACH,Failed
PAY00001296,INV00001296,,14508.82,Check,Posted
PAY00001297,INV00001297,,12406.48,Check,Pending
PAY00001298,INV00001298,2026-05-03,16368.99,Wire,Failed
PAY00001299,INV00001299,2026-04-14,22649.78,Check,Posted
PAY00001300,INV00001300,2026-04-13,14429.12,Credit Card,Pending
PAY00001301,INV00001301,,13401.14,ACH,Posted
PAY00001302,INV00001302,,4126.51,ACH,Failed
PAY00001303,INV00001303,2026-06-02,11351.45,ACH,Pending
PAY00001304,INV00001304,,44651.66,Check,Failed
PAY00001305,INV00001305,2026-05-05,34602.69,ACH,Posted
PAY00001307,INV00001307,2026-05-22,7518.11,ACH,Posted
PAY00001308,INV00001308,2026-06-14,40443.78,Credit Card,Pending
PAY00001309,INV00001309,,39092.13,ACH,Pending
PAY00001310,INV00001310,2026-03-22,42988.39,Wire,Pending
PAY00001311,INV00001311,2026-04-26,5318.81,ACH,Reversed
PAY00001312,INV00001312,,5278.14,Credit Card,Pending
PAY00001313,INV00001313,2026-06-16,25767.87,ACH,Posted
PAY00001314,INV00001314,2026-04-03,22565.82,Wire,Reversed
PAY00001315,INV00001315,2026-03-07,16023.22,ACH,Pending
PAY00001316,INV00001316,,33355.35,ACH,Posted
PAY00001318,INV00001318,2026-05-24,35299.23,Wire,Posted
PAY00001319,INV00001319,,6586.6,ACH,Reversed
PAY00001320,INV00001320,2026-07-18,7733.78,Check,Failed
PAY00001321,INV00001321,2026-05-26,37702.2,Wire,Posted
PAY00001322,INV00001322,2026-06-30,33378.76,Wire,Failed
PAY00001323,INV00001323,2026-05-25,21967.52,Check,Posted
PAY00001325,INV00001325,,2247.9,ACH,Posted
PAY00001327,INV00001327,2026-08-10,7259.97,Credit Card,Pending
PAY00001328,INV00001328,,32167.86,Credit Card,Posted
PAY00001329,INV00001329,2026-03-19,14544.02,Check,Pending
PAY00001330,INV00001330,,27646.89,Check,Failed
PAY00001331,INV00001331,,32080.52,Wire,Failed
PAY00001332,INV00001332,,17517.74,Wire,Reversed
PAY00001334,INV00001334,2026-04-02,44833.42,Check,Pending
PAY00001335,INV00001335,2026-06-09,16330.72,Wire,Reversed
PAY00001336,INV00001336,,29115.92,Wire,Reversed
PAY00001337,INV00001337,2026-04-06,1015.66,ACH,Failed
PAY00001338,INV00001338,2026-06-16,16520.26,Wire,Posted
PAY00001339,INV00001339,,27078.39,Check,Pending
PAY00001341,INV00001341,,2789.98,ACH,Pending
PAY00001342,INV00001342,,4879.83,ACH,Pending
PAY00001343,INV00001343,,33516.8,Wire,Reversed
PAY00001344,INV00001344,,15930.05,Wire,Failed
PAY00001345,INV00001345,,28045.74,ACH,Pending
PAY00001347,INV00001347,,1100.2,ACH,Reversed
PAY00001348,INV00001348,2026-05-28,1643.29,Check,Reversed
PAY00001349,INV00001349,2026-06-27,2214.16,ACH,Posted
PAY00001350,INV00001350,2026-02-27,17739.01,ACH,Posted
PAY00001353,INV00001353,,29890.56,Credit Card,Posted
PAY00001354,INV00001354,2026-05-20,15621.12,Wire,Failed
PAY00001355,INV00001355,,41509.46,ACH,Posted
PAY00001356,INV00001356,2026-06-11,2113.77,ACH,Failed
PAY00001357,INV00001357,2026-02-06,5096.7,Check,Posted
PAY00001359,INV00001359,2026-01-16,2634.59,Wire,Reversed
PAY00001360,INV00001360,2026-02-16,31105.6,ACH,Failed
PAY00001361,INV00001361,,29740.09,Wire,Failed
PAY00001362,INV00001362,,7097.25,Wire,Posted
PAY00001363,INV00001363,,4602.2,Wire,Failed
PAY00001364,INV00001364,2026-03-05,10359.31,Credit Card,Reversed
PAY00001366,INV00001366,2026-07-12,15383.18,ACH,Reversed
PAY00001367,INV00001367,,22411.31,Credit Card,Pending
PAY00001368,INV00001368,2026-07-02,13306.15,Check,Reversed
PAY00001369,INV00001369,,14448.45,ACH,Pending
PAY00001370,INV00001370,2026-05-24,27226.36,Check,Posted
PAY00001371,INV00001371,2026-06-08,1380.33,ACH,Posted
PAY00001372,INV00001372,2026-07-11,12137.91,ACH,Posted
PAY00001373,INV00001373,,30921.12,Credit Card,Failed
PAY00001374,INV00001374,2026-04-04,12755.76,Wire,Failed
PAY00001375,INV00001375,2026-04-29,8933.54,ACH,Reversed
PAY00001376,INV00001376,2026-04-05,4827.57,ACH,Reversed
PAY00001377,INV00001377,2026-01-22,25693.62,ACH,Posted
PAY00001379,INV00001379,2026-07-22,39154.31,Wire,Posted
PAY00001380,INV00001380,,7316.96,ACH,Posted
PAY00001382,INV00001382,,6178.26,Wire,Failed
PAY00001383,INV00001383,2026-05-25,29512.06,Credit Card,Posted
PAY00001384,INV00001384,2026-04-24,1322.03,Credit Card,Failed
PAY00001386,INV00001386,,16475.13,Wire,Reversed
PAY00001387,INV00001387,2026-06-21,27482.82,ACH,Posted
PAY00001388,INV00001388,,10591.72,Wire,Pending
PAY00001389,INV00001389,,23885.66,ACH,Pending
PAY00001390,INV00001390,,11790.77,Check,Pending
PAY00001391,INV00001391,,30311.7,ACH,Failed
PAY00001392,INV00001392,,38627.28,Check,Pending
PAY00001393,INV00001393,2026-06-10,1051.56,Credit Card,Pending
PAY00001394,INV00001394,2026-06-20,36222.1,Check,Failed
PAY00001395,INV00001395,2026-03-09,35445.29,Credit Card,Failed
PAY00001396,INV00001396,,323.57,Check,Pending
PAY00001397,INV00001397,,37232.18,ACH,Reversed
PAY00001398,INV00001398,,15092.3,ACH,Posted
PAY00001399,INV00001399,2026-06-21,30121.42,Check,Reversed
PAY00001400,INV00001400,2026-05-10,33861.68,Wire,Posted
PAY00001401,INV00001401,,7276.53,Check,Posted
PAY00001402,INV00001402,,20701.11,Credit Card,Posted
PAY00001403,INV00001403,2026-06-10,6982.28,Wire,Reversed
PAY00001404,INV00001404,2026-07-30,15240.42,ACH,Posted
PAY00001406,INV00001406,2026-07-14,16442.53,Check,Posted
PAY00001407,INV00001407,2026-02-25,8250.51,Check,Failed
PAY00001408,INV00001408,2026-04-09,17035.09,Wire,Pending
PAY00001409,INV00001409,2026-05-17,23690.06,ACH,Pending
PAY00001410,INV00001410,,32776.55,ACH,Failed
PAY00001411,INV00001411,2026-05-15,36181.15,Credit Card,Pending
PAY00001413,INV00001413,2026-04-03,30424.95,Check,Posted
PAY00001414,INV00001414,,22176.92,Check,Posted
PAY00001416,INV00001416,,711.12,ACH,Failed
PAY00001417,INV00001417,2026-04-04,20842.61,ACH,Posted
PAY00001418,INV00001418,2026-03-09,5539.12,Check,Posted
PAY00001419,INV00001419,,32214.17,Credit Card,Posted
PAY00001420,INV00001420,2026-06-21,41897.11,ACH,Failed
PAY00001422,INV00001422,2026-04-11,18616.05,Check,Reversed
PAY00001424,INV00001424,,35798.79,Wire,Posted
PAY00001426,INV00001426,2026-03-13,10228.17,Credit Card,Reversed
PAY00001428,INV00001428,2026-05-11,41431.13,Credit Card,Posted
PAY00001430,INV00001430,,9702.02,Check,Posted
PAY00001431,INV00001431,,4903.68,ACH,Pending
PAY00001432,INV00001432,,7151.55,Check,Failed
PAY00001433,INV00001433,2026-08-05,13861.38,Check,Reversed
PAY00001434,INV00001434,,10628.85,Check,Pending
PAY00001435,INV00001435,,12419.5,Credit Card,Pending
PAY00001436,INV00001436,,15509.63,ACH,Failed
PAY00001437,INV00001437,,4663.81,Credit Card,Posted
PAY00001438,INV00001438,2026-03-16,44668.57,ACH,Pending
PAY00001439,INV00001439,,37438.96,Credit Card,Pending
PAY00001440,INV00001440,,28018.15,ACH,Failed
PAY00001441,INV00001441,2026-03-06,21706.83,Credit Card,Posted
PAY00001442,INV00001442,,19091.59,Credit Card,Reversed
PAY00001443,INV00001443,2026-03-22,4882.94,Credit Card,Pending
PAY00001445,INV00001445,,36978.83,ACH,Failed
PAY00001446,INV00001446,2026-02-08,17768.34,Check,Posted
PAY00001447,INV00001447,,11633.36,Credit Card,Reversed
PAY00001448,INV00001448,2026-03-03,37123.87,ACH,Posted
PAY00001449,INV00001449,,22572.26,Check,Failed
PAY00001450,INV00001450,2026-05-24,4251.51,ACH,Posted
PAY00001451,INV00001451,2026-03-14,11054.71,Wire,Reversed
PAY00001452,INV00001452,2026-06-26,21203.89,Check,Pending
PAY00001453,INV00001453,2026-06-24,16096.91,Check,Failed
PAY00001454,INV00001454,,28532.63,ACH,Pending
PAY00001455,INV00001455,,13677.3,Wire,Failed
PAY00001456,INV00001456,,20917.96,Credit Card,Pending
PAY00001457,INV00001457,,9639.2,ACH,Pending
PAY00001459,INV00001459,2026-03-09,27949.99,ACH,Posted
PAY00001460,INV00001460,2026-03-15,44876.44,Check,Pending
PAY00001461,INV00001461,,916.82,Check,Reversed
PAY00001462,INV00001462,2026-06-23,24262.04,Wire,Posted
PAY00001464,INV00001464,2026-03-15,22721.78,Check,Posted
PAY00001465,INV00001465,,13497.58,Check,Posted
PAY00001466,INV00001466,2026-06-29,7411.83,Check,Pending
PAY00001467,INV00001467,,15419.77,Wire,Posted
PAY00001468,INV00001468,2026-05-04,16655.89,Credit Card,Posted
PAY00001469,INV00001469,,16688.62,Check,Failed
PAY00001470,INV00001470,,3701.14,ACH,Posted
PAY00001471,INV00001471,,25694.05,Check,Posted
PAY00001472,INV00001472,,1697.18,ACH,Posted
PAY00001473,INV00001473,2026-03-05,32275.98,Wire,Posted
PAY00001474,INV00001474,,5848.28,Wire,Pending
PAY00001475,INV00001475,,39168.31,ACH,Posted
PAY00001476,INV00001476,2026-04-10,39108.23,ACH,Failed
PAY00001477,INV00001477,2026-04-08,36619.52,Credit Card,Reversed
PAY00001478,INV00001478,,7652.9,Wire,Posted
PAY00001479,INV00001479,,8299.28,Credit Card,Posted
PAY00001480,INV00001480,2026-05-21,17921.42,Credit Card,Reversed
PAY00001481,INV00001481,,24404.7,Wire,Posted
PAY00001482,INV00001482,,39960.07,Check,Failed
PAY00001483,INV00001483,2026-03-23,16891.91,Credit Card,Pending
PAY00001484,INV00001484,,28286.07,ACH,Posted
PAY00001485,INV00001485,,16205.79,Wire,Posted
PAY00001486,INV00001486,,3315.56,Credit Card,Pending
PAY00001487,INV00001487,2026-04-02,28995.87,Check,Posted
PAY00001488,INV00001488,2026-05-23,29474.92,Credit Card,Pending
PAY00001489,INV00001489,2026-04-08,17617.84,ACH,Reversed
PAY00001490,INV00001490,2026-04-12,11677.49,Credit Card,Failed
PAY00001491,INV00001491,2026-04-01,1669.44,ACH,Pending
PAY00001492,INV00001492,2026-06-09,9860.71,Check,Failed
PAY00001493,INV00001493,2026-06-21,3907.34,Check,Posted
PAY00001495,INV00001495,2026-04-28,36495.06,ACH,Posted
PAY00001496,INV00001496,2026-04-14,1605.78,ACH,Failed
PAY00001497,INV00001497,,5973.55,ACH,Posted
PAY00001498,INV00001498,,28843.06,Wire,Reversed
PAY00001499,INV00001499,,20138.18,ACH,Posted
PAY00001500,INV00001500,2026-07-21,35381.19,Check,Posted
PAY00001501,INV00001501,2026-05-18,20660.18,Wire,Failed
PAY00001503,INV00001503,,18902.45,ACH,Pending
PAY00001504,INV00001504,,37551.99,ACH,Posted
PAY00001505,INV00001505,2026-04-01,28720.3,ACH,Pending
PAY00001506,INV00001506,2026-01-18,23481.49,ACH,Pending
PAY00001507,INV00001507,,12947.62,Check,Posted
PAY00001508,INV00001508,2026-06-29,31698.02,Wire,Failed
PAY00001511,INV00001511,2026-04-01,26540.3,Check,Posted
PAY00001512,INV00001512,2026-04-20,29743.31,ACH,Posted
PAY00001514,INV00001514,2026-03-27,9636.44,Credit Card,Pending
PAY00001515,INV00001515,,35302.86,Wire,Failed
PAY00001516,INV00001516,2026-03-24,38106.92,ACH,Posted
PAY00001517,INV00001517,2026-05-17,41709.82,Credit Card,Reversed
PAY00001518,INV00001518,,14598.17,Check,Reversed
PAY00001519,INV00001519,,34918.35,ACH,Failed
PAY00001520,INV00001520,2026-07-28,5210.31,Wire,Failed
PAY00001521,INV00001521,2026-07-24,3512.92,Wire,Failed
PAY00001522,INV00001522,2026-06-13,3497.42,Check,Failed
PAY00001523,INV00001523,2026-03-10,30496.96,ACH,Posted
PAY00001524,INV00001524,2026-06-17,10603.14,ACH,Reversed
PAY00001525,INV00001525,,5734.67,ACH,Posted
PAY00001527,INV00001527,2026-06-06,28904.33,ACH,Reversed
PAY00001528,INV00001528,,4868.65,Credit Card,Pending
PAY00001529,INV00001529,,13691.07,Wire,Posted
PAY00001531,INV00001531,2026-03-02,10563.9,ACH,Posted
PAY00001532,INV00001532,2026-02-27,9244.7,ACH,Failed
PAY00001534,INV00001534,,35412.22,ACH,Reversed
PAY00001536,INV00001536,,24280.25,Wire,Posted
PAY00001537,INV00001537,2026-04-16,1489.59,Wire,Reversed
PAY00001538,INV00001538,2026-03-15,9089.28,Check,Posted
PAY00001539,INV00001539,2026-03-14,10969.82,ACH,Failed
PAY00001540,INV00001540,,134.41,ACH,Failed
PAY00001541,INV00001541,2026-06-05,18745.07,ACH,Pending
PAY00001543,INV00001543,2026-03-10,19068.85,Credit Card,Reversed
PAY00001544,INV00001544,2026-06-13,8831.05,Check,Posted
PAY00001545,INV00001545,2026-04-27,17304.12,ACH,Posted
PAY00001546,INV00001546,2026-03-02,2624.27,ACH,Pending
PAY00001547,INV00001547,2026-07-22,6314.6,Credit Card,Posted
PAY00001548,INV00001548,,1292.72,ACH,Posted
PAY00001549,INV00001549,2026-04-16,361.53,Credit Card,Posted
PAY00001550,INV00001550,2026-04-13,6267.13,ACH,Posted
PAY00001551,INV00001551,2026-03-23,8463.79,ACH,Posted
PAY00001553,INV00001553,,38658.18,Wire,Reversed
PAY00001554,INV00001554,2026-06-26,35439.29,ACH,Reversed
PAY00001556,INV00001556,2026-07-07,26554.39,Check,Posted
PAY00001557,INV00001557,2026-03-15,38714.3,Check,Pending
PAY00001559,INV00001559,,27467.06,ACH,Posted
PAY00001560,INV00001560,2026-05-10,11099.87,Check,Pending
PAY00001561,INV00001561,2026-07-16,15274.95,Credit Card,Failed
PAY00001562,INV00001562,2026-05-27,29963.26,Wire,Reversed
PAY00001563,INV00001563,2026-04-25,13854.12,ACH,Posted
PAY00001564,INV00001564,2026-03-29,42763.5,Check,Posted
PAY00001565,INV00001565,,44459.77,Wire,Failed
PAY00001566,INV00001566,2026-06-18,21598.95,ACH,Posted
PAY00001567,INV00001567,2026-03-30,33044.91,Wire,Posted
PAY00001568,INV00001568,2026-04-10,37264.44,Check,Failed
PAY00001569,INV00001569,,21664.36,Check,Posted
PAY00001571,INV00001571,,29313.2,ACH,Reversed
PAY00001573,INV00001573,2026-03-02,16273.06,ACH,Posted
PAY00001574,INV00001574,2026-03-26,245.52,Wire,Reversed
PAY00001575,INV00001575,,18468.96,Check,Posted
PAY00001577,INV00001577,2026-03-31,14110.85,ACH,Reversed
PAY00001580,INV00001580,2026-02-02,4384.35,Wire,Posted
PAY00001581,INV00001581,,16194.16,Check,Posted
PAY00001582,INV00001582,2026-07-16,995.71,Check,Posted
PAY00001583,INV00001583,2026-03-30,22202.64,Credit Card,Pending
PAY00001584,INV00001584,,43973.72,Wire,Posted
PAY00001585,INV00001585,,17833.94,ACH,Failed
PAY00001586,INV00001586,,13082.16,ACH,Posted
PAY00001589,INV00001589,,25337.24,Credit Card,Pending
PAY00001590,INV00001590,2026-04-18,44732.7,Credit Card,Failed
PAY00001591,INV00001591,,10219.56,ACH,Failed
PAY00001592,INV00001592,2026-03-09,12558.58,Wire,Posted
PAY00001593,INV00001593,2026-03-24,21496.73,Wire,Reversed
PAY00001594,INV00001594,,17864.25,Wire,Pending
PAY00001595,INV00001595,2026-04-29,20683.46,ACH,Posted
PAY00001596,INV00001596,2026-04-20,43049.38,Check,Posted
PAY00001598,INV_UNKNOWN,2026-06-14,22816.51,ACH,Posted
PAY00001599,INV00001599,2026-04-13,28369.21,ACH,Posted
PAY00001600,INV00001600,,44392.77,ACH,Posted
PAY00001601,INV00001601,,20183.41,Credit Card,Failed
PAY00001603,INV00001603,2026-07-23,22755.35,ACH,Failed
PAY00001604,INV00001604,2026-04-15,15269.4,ACH,Posted
PAY00001605,INV00001605,2026-05-20,14171.35,Wire,Reversed
PAY00001607,INV00001607,,18531.98,ACH,Reversed
PAY00001608,INV00001608,,20097.82,Wire,Posted
PAY00001609,INV00001609,2026-03-26,291.69,Credit Card,Pending
PAY00001610,INV00001610,2026-06-14,11029.94,Wire,Reversed
PAY00001611,INV00001611,2026-04-19,4847.44,Wire,Reversed
PAY00001613,INV00001613,2026-06-04,1337.65,ACH,Posted
PAY00001615,INV00001615,2026-05-29,17329.45,ACH,Failed
PAY00001616,INV00001616,2026-06-27,20521.35,Credit Card,Failed
PAY00001617,INV00001617,2026-04-07,33117.36,ACH,Reversed
PAY00001618,INV00001618,,30433.7,Wire,Posted
PAY00001619,INV00001619,,11983.53,Wire,Failed
PAY00001620,INV00001620,,2405.75,Wire,Failed
PAY00001621,INV00001621,,6767.74,ACH,Posted
PAY00001622,INV00001622,,17072.99,Credit Card,Failed
PAY00001623,INV00001623,2026-02-26,42899.92,ACH,Pending
PAY00001624,INV00001624,,20313.64,Check,Pending
PAY00001627,INV00001627,2026-05-21,1566.61,ACH,Posted
PAY00001628,INV00001628,2026-05-12,7199.38,ACH,Failed
PAY00001629,INV00001629,2026-03-31,21639.24,ACH,Reversed
PAY00001630,INV00001630,,43674.36,Credit Card,Failed
PAY00001631,INV00001631,,8776.95,Wire,Posted
PAY00001633,INV00001633,2026-03-13,2501.9,ACH,Pending
PAY00001634,INV00001634,,23161.18,Check,Posted
PAY00001635,INV00001635,,39930.75,Credit Card,Failed
PAY00001636,INV00001636,,33460.27,Wire,Posted
PAY00001637,INV00001637,2026-03-19,29995.06,Wire,Failed
PAY00001638,INV00001638,,30482.07,ACH,Reversed
PAY00001639,INV00001639,,10762.97,ACH,Pending
PAY00001640,INV00001640,,23602.92,Wire,Pending
PAY00001642,INV00001642,,12065.22,ACH,Posted
PAY00001643,INV00001643,2026-02-21,3098.1,Wire,Posted
PAY00001644,INV00001644,,19562.38,Wire,Reversed
PAY00001645,INV00001645,,17835.67,Check,Failed
PAY00001646,INV00001646,2026-02-22,18859.82,Credit Card,Pending
PAY00001647,INV00001647,2026-06-24,2153.75,Credit Card,Reversed
PAY00001648,INV00001648,2026-02-07,28355.79,ACH,Posted
PAY00001649,INV00001649,,12692.89,Wire,Failed
PAY00001650,INV00001650,,15584.96,ACH,Reversed
PAY00001652,INV00001652,2026-02-25,16420.01,Wire,Posted
PAY00001653,INV00001653,2026-02-27,43085.72,Wire,Failed
PAY00001654,INV00001654,,6904.1,ACH,Posted
PAY00001656,INV00001656,2026-05-09,4310.89,Credit Card,Failed
PAY00001657,INV00001657,2026-06-16,19935.78,Credit Card,Reversed
PAY00001658,INV00001658,2026-07-26,9173.33,Credit Card,Pending
PAY00001659,INV00001659,,16161.81,Credit Card,Reversed
PAY00001660,INV00001660,,30059.54,Credit Card,Posted
PAY00001661,INV00001661,,18899.57,Check,Posted
PAY00001662,INV00001662,,27731.4,ACH,Posted
PAY00001663,INV00001663,,18384.06,ACH,Pending
PAY00001664,INV00001664,2026-08-03,25066.54,Wire,Reversed
PAY00001665,INV00001665,2026-06-16,9731.35,Check,Posted
PAY00001666,INV00001666,,6141.31,Credit Card,Posted
PAY00001667,INV00001667,,39258.95,Check,Failed
PAY00001669,INV00001669,2026-03-05,816.82,Wire,Reversed
PAY00001670,INV00001670,,20193.94,Wire,Pending
PAY00001671,INV00001671,2026-07-10,41840.78,ACH,Posted
PAY00001673,INV00001673,,3738.03,ACH,Reversed
PAY00001674,INV00001674,,6225.1,Credit Card,Pending
PAY00001675,INV00001675,2026-05-27,30213.55,Wire,Failed
PAY00001676,INV00001676,2026-04-29,30452.56,Check,Posted
PAY00001677,INV00001677,,28156.47,ACH,Reversed
PAY00001678,INV00001678,,4234.08,Credit Card,Reversed
PAY00001679,INV00001679,2026-06-16,12998.97,Check,Failed
PAY00001680,INV00001680,2026-08-12,1594.11,ACH,Failed
PAY00001681,INV00001681,,5964.8,Credit Card,Posted
PAY00001684,INV00001684,,5192.45,Credit Card,Reversed
PAY00001685,INV00001685,,11128.8,Wire,Posted
PAY00001686,INV00001686,,2019.17,ACH,Posted
PAY00001687,INV00001687,2026-05-12,13442.56,Wire,Posted
PAY00001689,INV00001689,,26243.43,ACH,Pending
PAY00001691,INV00001691,,13127.46,ACH,Reversed
PAY00001692,INV00001692,2026-05-02,20490.86,Credit Card,Pending
PAY00001693,INV00001693,2026-02-21,10574.16,ACH,Posted
PAY00001694,INV00001694,,15752.21,Credit Card,Posted
PAY00001696,INV00001696,2026-05-24,44065.23,Credit Card,Reversed
PAY00001697,INV00001697,,15511.98,ACH,Failed
PAY00001698,INV00001698,2026-03-05,27661.36,ACH,Posted
PAY00001699,INV00001699,2026-06-27,23684.01,ACH,Posted
PAY00001701,INV00001701,2026-07-17,15052.17,Check,Posted
PAY00001702,INV00001702,,18099.71,Wire,Posted
PAY00001703,INV00001703,,4847.44,Credit Card,Posted
PAY00001704,INV00001704,,32345.95,ACH,Failed
PAY00001705,INV00001705,,41027.9,ACH,Reversed
PAY00001707,INV00001707,,23219.68,Credit Card,Reversed
PAY00001708,INV00001708,,13540.31,ACH,Posted
PAY00001709,INV00001709,,20075.87,ACH,Reversed
PAY00001710,INV00001710,,40079.13,ACH,Failed
PAY00001711,INV00001711,2026-04-11,7383.59,Check,Reversed
PAY00001712,INV00001712,,16798.7,ACH,Posted
PAY00001714,INV00001714,,33705.46,Check,Posted
PAY00001715,INV00001715,2026-04-29,20039.72,Credit Card,Posted
PAY00001716,INV00001716,2026-06-05,8438.65,Wire,Pending
PAY00001717,INV00001717,,332.28,Credit Card,Posted
PAY00001718,INV00001718,,30183.19,ACH,Reversed
PAY00001719,INV00001719,2026-04-30,28978.16,ACH,Posted
PAY00001721,INV00001721,2026-05-03,14377.8,Check,Posted
PAY00001723,INV00001723,,42888.79,ACH,Failed
PAY00001724,INV00001724,,10718.57,Check,Posted
PAY00001725,INV00001725,,33271.55,Credit Card,Posted
PAY00001726,INV00001726,,8180.05,ACH,Reversed
PAY00001727,INV00001727,2026-02-25,20568.67,ACH,Reversed
PAY00001729,INV00001729,,7064.3,Wire,Failed
PAY00001730,INV00001730,2026-05-09,9722.47,Credit Card,Reversed
PAY00001732,INV00001732,,5853.54,Credit Card,Pending
PAY00001734,INV00001734,2026-07-26,12861.86,ACH,Failed
PAY00001735,INV00001735,2026-06-14,16581.48,Wire,Pending
PAY00001736,INV00001736,2026-04-07,17601.79,Credit Card,Posted
PAY00001737,INV00001737,2026-05-05,15873.7,ACH,Reversed
PAY00001739,INV00001739,2026-04-22,28902.31,Credit Card,Posted
PAY00001740,INV00001740,2026-07-17,10896.56,ACH,Failed
PAY00001742,INV00001742,2026-07-03,14426.38,ACH,Failed
PAY00001743,INV00001743,,18827.8,ACH,Posted
PAY00001745,INV00001745,,6210.87,Check,Posted
PAY00001746,INV00001746,2026-06-24,21077.01,Wire,Pending
PAY00001747,INV00001747,,28351.96,ACH,Failed
PAY00001748,INV00001748,,1326.8,Wire,Posted
PAY00001749,INV00001749,2026-05-15,41139.29,Wire,Posted
PAY00001752,INV00001752,2026-04-01,20200.93,ACH,Posted
PAY00001753,INV00001753,2026-05-10,25048.79,Credit Card,Posted
PAY00001755,INV00001755,2026-07-11,3517.07,Check,Posted
PAY00001756,INV00001756,2026-06-25,33928.61,Wire,Posted
PAY00001757,INV00001757,2026-05-08,26591.42,ACH,Pending
PAY00001758,INV00001758,,16115.72,Credit Card,Failed
PAY00001759,INV00001759,2026-03-25,44770.84,Credit Card,Pending
PAY00001760,INV00001760,2026-05-09,15345.0,ACH,Failed
PAY00001762,INV00001762,,26760.68,Wire,Pending
PAY00001763,INV00001763,2026-03-24,19786.1,Credit Card,Posted
PAY00001764,INV00001764,2026-03-05,36227.22,Check,Pending
PAY00001766,INV00001766,2026-06-15,37125.18,Credit Card,Failed
PAY00001767,INV00001767,,33661.8,ACH,Failed
PAY00001768,INV00001768,2026-01-18,9572.31,Credit Card,Reversed
PAY00001769,INV00001769,,34985.35,ACH,Pending
PAY00001770,INV00001770,2026-07-09,12746.17,Credit Card,Pending
PAY00001771,INV00001771,2026-04-26,18450.75,Wire,Posted
PAY00001773,INV00001773,2026-05-12,7764.25,Credit Card,Posted
PAY00001774,INV00001774,2026-07-11,14812.9,Credit Card,Posted
PAY00001775,INV00001775,,43325.08,Check,Failed
PAY00001777,INV00001777,,37596.53,ACH,Failed
PAY00001778,INV00001778,,33034.01,ACH,Posted
PAY00001779,INV00001779,,19088.89,Wire,Reversed
PAY00001780,INV00001780,,5176.77,ACH,Failed
PAY00001781,INV00001781,2026-08-17,9563.58,ACH,Posted
PAY00001783,INV00001783,,30533.42,Wire,Reversed
PAY00001785,INV00001785,2026-03-21,33863.2,ACH,Pending
PAY00001786,INV00001786,,1931.09,ACH,Posted
PAY00001787,INV00001787,,38555.12,Check,Reversed
PAY00001788,INV00001788,,43350.63,Credit Card,Pending
PAY00001789,INV00001789,2026-04-17,24876.38,Credit Card,Posted
PAY00001791,INV00001791,2026-06-28,30839.92,Check,Posted
PAY00001792,INV00001792,2026-04-15,1364.18,ACH,Posted
PAY00001793,INV00001793,2026-05-02,20809.16,Credit Card,Posted
PAY00001794,INV00001794,2026-05-05,2292.79,Wire,Posted
PAY00001795,INV00001795,,3233.4,ACH,Posted
PAY00001796,INV00001796,,14156.12,Credit Card,Reversed
PAY00001797,INV00001797,,24306.92,ACH,Pending
PAY00001798,INV00001798,2026-05-30,40478.66,ACH,Reversed
PAY00001799,INV00001799,2026-02-17,12512.53,ACH,Reversed
PAY00001800,INV00001800,2026-04-12,5462.96,Check,Failed
PAY00001801,INV00001801,2026-05-20,15709.94,Wire,Failed
PAY00001802,INV00001802,2026-04-03,19005.74,Wire,Posted
PAY00001804,INV00001804,2026-04-09,5446.13,Check,Pending
PAY00001805,INV00001805,,16042.09,Credit Card,Posted
PAY00001806,INV00001806,,19315.27,Credit Card,Failed
PAY00001807,INV00001807,2026-08-18,25196.69,ACH,Posted
PAY00001808,INV00001808,2026-06-23,11395.18,Wire,Failed
PAY00001810,INV00001810,2026-07-15,298.5,Check,Posted
PAY00001811,INV00001811,,6752.97,Wire,Posted
PAY00001812,INV00001812,2026-05-28,42679.93,Check,Reversed
PAY00001813,INV00001813,2026-04-22,490.06,Wire,Posted
PAY00001815,INV00001815,,23253.14,Credit Card,Posted
PAY00001816,INV00001816,,5727.67,Wire,Posted
PAY00001817,INV00001817,2026-03-20,23534.03,Wire,Posted
PAY00001818,INV00001818,2026-05-14,30151.92,Wire,Posted
PAY00001819,INV00001819,,7838.68,Wire,Pending
PAY00001822,INV00001822,2026-07-22,10904.11,Wire,Posted
PAY00001823,INV00001823,2026-04-06,2076.56,ACH,Failed
PAY00001824,INV00001824,,15983.86,ACH,Reversed
PAY00001825,INV00001825,2026-05-04,5281.73,ACH,Reversed
PAY00001826,INV00001826,,1407.68,ACH,Reversed
PAY00001827,INV00001827,2026-05-12,9346.61,Credit Card,Reversed
PAY00001828,INV00001828,2026-02-13,19005.89,Credit Card,Posted
PAY00001829,INV00001829,2026-06-19,23089.68,Check,Reversed
PAY00001830,INV00001830,,2936.54,ACH,Posted
PAY00001831,INV00001831,,8490.74,Wire,Reversed
PAY00001832,INV00001832,2026-03-20,38161.53,ACH,Failed
PAY00001835,INV00001835,2026-04-20,17943.44,Wire,Failed
PAY00001836,INV00001836,2026-05-10,28659.39,ACH,Pending
PAY00001837,INV00001837,,3843.29,ACH,Posted
PAY00001838,INV00001838,,15023.14,ACH,Posted
PAY00001839,INV00001839,2026-07-13,6826.83,ACH,Reversed
PAY00001840,INV00001840,2026-07-24,8231.97,ACH,Pending
PAY00001842,INV00001842,,28271.38,Wire,Pending
PAY00001843,INV00001843,,16562.02,ACH,Posted
PAY00001844,INV00001844,,14891.71,Check,Reversed
PAY00001846,INV00001846,2026-03-17,16778.64,Wire,Pending
PAY00001847,INV00001847,2026-07-21,360.48,Check,Reversed
PAY00001848,INV00001848,,3491.33,ACH,Failed
PAY00001849,INV00001849,,15473.71,Credit Card,Reversed
PAY00001850,INV00001850,,10298.26,ACH,Posted
PAY00001851,INV00001851,,44019.21,Credit Card,Posted
PAY00001852,INV00001852,,22652.26,Credit Card,Posted
PAY00001853,INV00001853,2026-04-13,43535.26,Check,Reversed
PAY00001854,INV00001854,2026-08-17,18650.78,Check,Reversed
PAY00001856,INV00001856,2026-03-24,30551.32,ACH,Reversed
PAY00001857,INV00001857,,24856.77,Wire,Posted
PAY00001859,INV00001859,2026-07-19,10007.93,Credit Card,Reversed
PAY00001860,INV00001860,,1067.4,ACH,Reversed
PAY00001861,INV00001861,,3261.62,ACH,Posted
PAY00001862,INV00001862,2026-06-04,37226.9,Credit Card,Posted
PAY00001863,INV00001863,,15153.93,Check,Posted
PAY00001864,INV00001864,,18842.21,Wire,Failed
PAY00001866,INV00001866,,39604.67,ACH,Failed
PAY00001867,INV00001867,2026-04-19,17527.73,Credit Card,Posted
PAY00001868,INV00001868,,9888.76,Wire,Posted
PAY00001869,INV_UNKNOWN,,14437.23,ACH,Posted
PAY00001871,INV00001871,2026-02-10,44450.27,Credit Card,Posted
PAY00001872,INV00001872,2026-03-12,38372.15,Wire,Posted
PAY00001875,INV00001875,2026-04-28,4978.53,ACH,Pending
PAY00001876,INV00001876,2026-03-25,22999.44,Credit Card,Posted
PAY00001877,INV00001877,2026-04-10,36570.09,ACH,Pending
PAY00001879,INV00001879,2026-06-03,7908.37,Wire,Reversed
PAY00001881,INV00001881,,29272.66,ACH,Reversed
PAY00001882,INV00001882,,7195.67,Wire,Posted
PAY00001883,INV00001883,,23811.78,ACH,Reversed
PAY00001884,INV00001884,,37212.81,Credit Card,Reversed
PAY00001885,INV00001885,2026-04-02,27601.8,Wire,Pending
PAY00001886,INV00001886,,30982.97,ACH,Failed
PAY00001887,INV00001887,2026-03-26,2918.23,ACH,Reversed
PAY00001888,INV00001888,,14217.52,ACH,Posted
PAY00001889,INV00001889,,11964.72,ACH,Failed
PAY00001890,INV00001890,2026-03-27,33644.39,Check,Failed
PAY00001891,INV00001891,,8955.22,ACH,Pending
PAY00001892,INV00001892,2026-05-22,17502.54,ACH,Posted
PAY00001893,INV00001893,,30701.39,ACH,Failed
PAY00001894,INV00001894,,5161.32,ACH,Posted
PAY00001895,INV00001895,2026-05-29,13013.49,Check,Pending
PAY00001896,INV00001896,,23755.23,Check,Pending
PAY00001897,INV00001897,,21196.53,Check,Posted
PAY00001898,INV00001898,,21812.9,ACH,Pending
PAY00001899,INV00001899,2026-03-16,14884.24,ACH,Posted
PAY00001900,INV00001900,,27874.17,ACH,Posted
