return_id,original_transaction_id,transaction_line_id,store_id,product_id,return_date,return_qty,refund_amount,return_reason,return_status
RET00000001,TXN000002830,TL0000009781,STR0007,SKU0000386,2026-04-15,1.0,0.0,Changed Mind,Completed
RET00000002,TXN000000520,TL0000001795,STR0024,SKU0000544,2026-05-25,1.0,0.0,Damaged,Completed
RET00000003,TXN000004685,TL0000016380,STR0002,SKU0000344,2026-04-11,2.0,0.0,Price Adjustment,Completed
RET00000004,TXN000005975,TL0000020994,STR0025,SKU0000190,2026-04-11,2.0,0.0,Damaged,Completed
RET00000005,TXN000003258,TL0000011274,STR0004,SKU0000208,2026-05-08,3.0,112.97,Wrong Item,Rejected
RET00000006,TXN000003832,TL0000013355,STR0017,SKU0000459,2026-04-20,3.0,187.33,Defective,Completed
RET00000007,TXN000005260,TL0000018465,STR0022,SKU0000059,2026-04-13,3.0,0.0,Wrong Item,Rejected
RET00000008,TXN000002283,TL0000007924,STR0001,SKU0000442,2026-04-08,3.0,0.0,Changed Mind,Completed
RET00000009,TXN000006775,TL0000023753,STR0009,SKU0000100,2026-05-03,,0.0,Price Adjustment,Pending
RET00000010,TXN000006469,TL0000022715,STR0006,SKU0000172,2026-06-08,1.0,0.0,Defective,Rejected
RET00000011,TXN000007247,TL0000025354,STR0010,SKU0000073,2026-05-19,3.0,0.0,Changed Mind,Pending
RET00000012,TXN000001941,TL0000006770,STR0012,SKU0000333,2026-04-18,1.0,0.0,Wrong Item,Completed
RET00000013,TXN000001284,TL0000004461,STR0014,SKU0000240,2026-06-08,2.0,121.93,Wrong Item,Pending
RET00000014,TXN000001787,TL0000006239,STR0024,SKU0000062,2026-05-27,1.0,123.26,Defective,Rejected
RET00000015,TXN000005861,TL0000020610,STR0010,SKU0000226,2026-05-04,1.0,188.01,Damaged,Completed
RET00000016,TXN000007071,TL0000024733,STR0020,SKU0000436,2026-04-16,,194.09,Defective,Pending
RET00000017,TXN000007252,TL0000025368,STR0003,SKU0000541,2026-05-23,1.0,144.85,Damaged,Completed
RET00000018,TXN000006199,TL0000021806,STR0015,SKU0000413,2026-05-10,3.0,0.0,Changed Mind,Pending
RET00000019,TXN000007528,TL_UNKNOWN,STR0011,SKU0000085,2026-04-27,1.0,0.0,Changed Mind,Rejected
RET00000020,TXN000006079,TL0000021380,STR0001,SKU0000162,2026-04-06,1.0,0.0,Defective,Completed
RET00000021,TXN000002455,TL0000008502,STR0008,SKU0000304,2026-06-04,3.0,183.31,Damaged,Pending
RET00000022,TXN000005806,TL0000020400,STR0008,SKU0000442,2026-05-25,1.0,0.0,Price Adjustment,Pending
RET00000023,TXN000002061,TL0000007175,STR0004,SKU0000404,2026-04-24,1.0,174.82,Changed Mind,Pending
RET00000024,TXN000004756,TL0000016636,STR0025,SKU0000041,2026-05-10,1.0,177.63,Changed Mind,Rejected
RET00000025,TXN000007706,TL0000027002,STR0001,SKU0000199,2026-05-22,1.0,0.0,Damaged,Pending
RET00000026,TXN000007431,TL0000026013,STR0019,SKU0000472,2026-06-06,3.0,0.0,Price Adjustment,Completed
RET00000027,TXN000004816,TL0000016867,STR0018,SKU0000113,2026-04-05,3.0,0.0,Damaged,Completed
RET00000028,TXN000006269,TL0000022051,STR0019,SKU0000369,2026-04-26,2.0,99.57,Price Adjustment,Pending
RET00000029,TXN000007769,TL0000027257,STR0021,SKU0000428,2026-04-21,1.0,162.77,Defective,Rejected
RET00000030,TXN000002903,TL0000010036,STR0006,SKU0000501,2026-05-29,3.0,0.0,Defective,Pending
RET00000031,TXN000005046,TL0000017712,STR0002,SKU0000182,2026-05-20,3.0,124.72,Defective,Rejected
RET00000032,TXN000002246,TL0000007814,STR0004,SKU0000519,2026-05-07,,93.05,Defective,Pending
RET00000033,TXN000006017,TL0000021162,STR0008,SKU0000426,2026-05-06,1.0,0.0,Price Adjustment,Pending
RET00000034,TXN000004577,TL0000016009,STR0009,SKU0000577,2026-05-16,,0.0,Changed Mind,Pending
RET00000035,TXN000002692,TL0000009296,STR0010,SKU0000253,2026-05-01,,0.0,Damaged,Completed
RET00000036,TXN000003169,TL0000010955,STR0014,SKU0000574,2026-05-07,,0.0,Changed Mind,Completed
RET00000037,TXN000001424,TL0000004974,STR0016,SKU0000567,2026-04-26,,126.5,Defective,Completed
RET00000038,TXN000005653,TL0000019850,STR0013,SKU0000449,2026-04-07,1.0,193.14,Price Adjustment,Completed
RET00000039,TXN000007409,TL0000025922,STR0008,SKU0000264,2026-04-18,,0.0,Changed Mind,Completed
RET00000040,TXN000003615,TL0000012587,STR0006,SKU0000339,2026-04-21,3.0,109.62,Wrong Item,Pending
RET00000041,TXN000003268,TL0000011306,STR0006,SKU0000167,2026-04-05,,134.27,Defective,Completed
RET00000042,TXN000005680,TL0000019957,STR0014,SKU0000396,2026-05-03,,0.0,Defective,Pending
RET00000043,TXN000000551,TL0000001894,STR0022,SKU0000553,2026-05-01,1.0,0.0,Wrong Item,Pending
RET00000044,TXN000004315,TL0000015060,STR0022,SKU0000342,2026-05-01,1.0,0.0,Wrong Item,Rejected
RET00000045,TXN000000431,TL0000001505,STR0012,SKU0000046,2026-05-05,3.0,0.0,Damaged,Pending
RET00000046,TXN000002991,TL0000010357,STR0014,SKU0000103,2026-05-20,1.0,0.0,Defective,Pending
RET00000047,TXN000003986,TL0000013888,STR0020,SKU0000396,2026-04-17,,0.0,Changed Mind,Rejected
RET00000048,TXN000002789,TL0000009642,STR0006,SKU0000216,2026-04-10,,92.2,Changed Mind,Completed
RET00000049,TXN000000457,TL0000001584,STR0009,SKU0000358,2026-05-07,1.0,0.0,Damaged,Completed
RET00000050,TXN000004926,TL0000017291,STR0025,SKU0000183,2026-04-21,2.0,80.51,Price Adjustment,Completed
RET00000051,TXN000002865,TL0000009895,STR0017,SKU0000495,2026-04-14,1.0,0.0,Wrong Item,Completed
RET00000052,TXN000001397,TL0000004886,STR0014,SKU0000191,2026-04-07,1.0,149.75,Defective,Rejected
RET00000053,TXN000001278,TL0000004435,STR0009,SKU0000459,2026-06-10,2.0,0.0,Changed Mind,Pending
RET00000054,TXN000002257,TL0000007846,STR0005,SKU0000143,2026-05-27,3.0,0.0,Wrong Item,Completed
RET00000055,TXN000007680,TL0000026918,STR0019,SKU0000247,2026-04-14,1.0,87.82,Damaged,Completed
RET00000056,TXN000001006,TL0000003498,STR0007,SKU0000170,2026-05-11,1.0,25.01,Defective,Completed
RET00000057,TXN000001754,TL0000006144,STR0025,SKU0000552,2026-04-13,,0.0,Changed Mind,Rejected
RET00000058,TXN000002813,TL0000009719,STR0024,SKU0000114,2026-05-06,,0.0,Wrong Item,Completed
RET00000059,TXN000002050,TL0000007143,STR0018,SKU0000077,2026-06-01,1.0,0.0,Defective,Completed
RET00000060,TXN000007047,TL0000024655,STR0019,SKU0000063,2026-05-18,3.0,152.21,Changed Mind,Completed
RET00000061,TXN000000587,TL0000002023,STR0001,SKU0000176,2026-05-16,,0.0,Price Adjustment,Completed
RET00000062,TXN000005471,TL0000019229,STR0004,SKU0000261,2026-04-06,,0.0,Price Adjustment,Completed
RET00000063,TXN000001557,TL0000005422,STR0014,SKU0000508,2026-04-18,2.0,69.33,Wrong Item,Completed
RET00000064,TXN000001802,TL0000006288,STR0015,SKU0000120,2026-05-31,2.0,0.0,Defective,Pending
RET00000065,TXN000002411,TL0000008370,STR0011,SKU0000251,2026-06-09,3.0,0.0,Wrong Item,Pending
RET00000066,TXN000002362,TL0000008207,STR0003,SKU0000521,2026-04-28,2.0,0.0,Changed Mind,Rejected
RET00000067,TXN000002034,TL0000007095,STR0003,SKU0000556,2026-04-15,1.0,0.0,Price Adjustment,Completed
RET00000068,TXN000005387,TL0000018924,STR0019,SKU0000397,2026-06-08,1.0,176.9,Defective,Rejected
RET00000069,TXN000007852,TL0000027567,STR0004,SKU0000421,2026-04-14,,0.0,Wrong Item,Completed
RET00000070,TXN000006426,TL0000022563,STR0006,SKU0000243,2026-05-31,3.0,0.0,Price Adjustment,Completed
RET00000071,TXN000005044,TL0000017706,STR0001,SKU0000429,2026-04-29,1.0,82.88,Price Adjustment,Rejected
RET00000072,TXN000002969,TL0000010275,STR0023,SKU0000321,2026-06-05,,0.0,Damaged,Completed
RET00000073,TXN000000197,TL0000000696,STR0004,SKU0000519,2026-05-29,,0.0,Price Adjustment,Completed
RET00000074,TXN000000230,TL0000000805,STR0006,SKU0000578,2026-04-11,,0.0,Damaged,Completed
RET00000075,TXN000007538,TL0000026414,STR0008,SKU0000024,2026-04-26,,0.0,Defective,Rejected
RET00000076,TXN000004549,TL0000015914,STR0007,SKU0000253,2026-06-03,3.0,0.0,Defective,Rejected
RET00000077,TXN000001295,TL0000004495,STR0020,SKU0000557,2026-05-19,2.0,114.76,Price Adjustment,Rejected
RET00000078,TXN000002448,TL0000008484,STR0020,SKU0000133,2026-04-22,2.0,0.0,Changed Mind,Pending
RET00000079,TXN000005398,TL0000018961,STR0001,SKU0000513,2026-05-14,,0.0,Damaged,Pending
RET00000080,TXN000004242,TL0000014790,STR0012,SKU0000324,2026-05-16,3.0,28.89,Defective,Completed
RET00000081,TXN000002731,TL0000009440,STR0025,SKU0000464,2026-05-18,,188.6,Wrong Item,Rejected
RET00000082,TXN000007590,TL0000026607,STR0021,SKU0000485,2026-06-03,,0.0,Price Adjustment,Rejected
RET00000083,TXN000003641,TL0000012678,STR0019,SKU0000418,2026-05-02,1.0,0.0,Price Adjustment,Completed
RET00000084,TXN000005380,TL0000018890,STR0018,SKU0000309,2026-04-17,2.0,0.0,Changed Mind,Completed
RET00000085,TXN000001637,TL0000005727,STR0012,SKU0000419,2026-06-03,1.0,0.0,Defective,Completed
RET00000086,TXN000004405,TL0000015362,STR0006,SKU0000106,2026-04-10,1.0,0.0,Damaged,Pending
RET00000087,TXN000006089,TL0000021424,STR0024,SKU0000155,2026-06-09,3.0,0.0,Damaged,Rejected
RET00000088,TXN000005973,TL0000020984,STR0018,SKU0000309,2026-06-06,3.0,0.0,Defective,Completed
RET00000089,TXN000007235,TL0000025308,STR0004,SKU0000382,2026-05-28,3.0,11.08,Price Adjustment,Completed
RET00000090,TXN000004392,TL0000015327,STR0024,SKU0000169,2026-04-18,3.0,0.0,Price Adjustment,Completed
RET00000091,TXN000001183,TL0000004115,STR0002,SKU0000288,2026-06-02,3.0,0.0,Price Adjustment,Pending
RET00000092,TXN000005157,TL0000018114,STR0008,SKU0000022,2026-04-15,2.0,185.1,Wrong Item,Rejected
RET00000093,TXN000005477,TL0000019256,STR0012,SKU0000017,2026-06-06,3.0,80.34,Price Adjustment,Completed
RET00000094,TXN000000840,TL0000002911,STR0016,SKU0000448,2026-05-31,1.0,0.0,Changed Mind,Completed
RET00000095,TXN000001427,TL0000004984,STR0004,SKU0000430,2026-05-04,1.0,104.33,Changed Mind,Completed
RET00000096,TXN000006009,TL0000021130,STR0018,SKU0000340,2026-06-01,1.0,0.0,Defective,Completed
RET00000097,TXN000004548,TL0000015907,STR0016,SKU0000545,2026-04-18,3.0,176.78,Changed Mind,Rejected
RET00000098,TXN000000221,TL0000000780,STR0019,SKU0000501,2026-04-29,,0.0,Damaged,Completed
RET00000099,TXN000006172,TL0000021721,STR0021,SKU0000460,2026-05-06,1.0,8.3,Wrong Item,Completed
RET00000100,TXN000002784,TL0000009632,STR0005,SKU0000114,2026-05-08,,0.0,Defective,Completed
RET00000101,TXN000001917,TL0000006688,STR0007,SKU0000114,2026-06-04,,117.67,Wrong Item,Completed
RET00000102,TXN000004054,TL0000014156,STR0024,SKU0000312,2026-04-22,1.0,0.0,Changed Mind,Completed
RET00000103,TXN000002079,TL0000007242,STR0020,SKU0000262,2026-06-03,2.0,0.0,Wrong Item,Rejected
RET00000104,TXN000004010,TL0000013986,STR0018,SKU0000494,2026-04-20,1.0,61.29,Wrong Item,Pending
RET00000105,TXN000004675,TL0000016346,STR0010,SKU0000136,2026-05-15,2.0,0.0,Wrong Item,Rejected
RET00000106,TXN000007417,TL0000025961,STR0014,SKU0000465,2026-06-02,3.0,191.05,Changed Mind,Completed
RET00000107,TXN000007901,TL0000027722,STR0012,SKU0000156,2026-04-13,3.0,0.0,Price Adjustment,Rejected
RET00000108,TXN000007625,TL0000026723,STR0023,SKU0000011,2026-06-02,1.0,0.0,Defective,Completed
RET00000109,TXN000007090,TL0000024799,STR0025,SKU0000036,2026-05-23,1.0,0.0,Wrong Item,Rejected
RET00000110,TXN000003252,TL0000011251,STR0014,SKU0000318,2026-05-27,1.0,0.0,Wrong Item,Completed
RET00000111,TXN000000457,TL0000001587,STR0007,SKU0000068,2026-05-24,,0.0,Wrong Item,Completed
RET00000112,TXN000006860,TL0000024032,STR0025,SKU0000021,2026-05-02,,0.0,Wrong Item,Completed
RET00000113,TXN000007507,TL0000026291,STR0025,SKU0000334,2026-04-18,,0.0,Defective,Completed
RET00000114,TXN000004575,TL0000016001,STR0012,SKU0000260,2026-05-17,3.0,125.99,Price Adjustment,Completed
RET00000115,TXN000002770,TL0000009583,STR0011,SKU0000333,2026-06-03,,0.0,Damaged,Completed
RET00000116,TXN000006968,TL0000024402,STR0015,SKU0000466,2026-04-15,1.0,46.04,Changed Mind,Completed
RET00000117,TXN000000879,TL0000003062,STR0002,SKU0000524,2026-04-15,2.0,0.0,Changed Mind,Completed
RET00000118,TXN000000440,TL0000001537,STR0008,SKU0000276,2026-05-23,,0.0,Changed Mind,Pending
RET00000119,TXN000002102,TL0000007326,STR0011,SKU0000145,2026-04-11,2.0,0.0,Wrong Item,Completed
RET00000120,TXN000003176,TL0000010983,STR0025,SKU0000470,2026-05-27,3.0,0.0,Wrong Item,Completed
RET00000121,TXN000006689,TL0000023461,STR0007,SKU0000529,2026-05-10,,0.0,Wrong Item,Completed
RET00000122,TXN000001788,TL0000006245,STR0008,SKU0000076,2026-05-03,,0.0,Wrong Item,Completed
RET00000123,TXN000005285,TL0000018548,STR0021,SKU0000431,2026-04-07,,0.0,Changed Mind,Pending
RET00000124,TXN000004259,TL0000014850,STR0012,SKU0000370,2026-05-24,1.0,98.4,Defective,Pending
RET00000125,TXN000006479,TL0000022751,STR0023,SKU0000092,2026-04-11,1.0,0.0,Damaged,Completed
RET00000126,TXN000000188,TL0000000664,STR0006,SKU0000270,2026-05-14,1.0,164.09,Price Adjustment,Rejected
RET00000127,TXN000002373,TL0000008246,STR0018,SKU0000023,2026-04-13,2.0,127.81,Damaged,Completed
RET00000128,TXN000002619,TL0000009072,STR0005,SKU0000184,2026-04-07,,0.0,Defective,Completed
RET00000129,TXN000004146,TL0000014481,STR0025,SKU0000546,2026-05-06,1.0,0.0,Damaged,Pending
RET00000130,TXN000003008,TL0000010430,STR0011,SKU0000315,2026-05-24,1.0,0.0,Changed Mind,Rejected
RET00000131,TXN000003322,TL0000011497,STR0020,SKU0000094,2026-05-04,,117.57,Damaged,Completed
RET00000132,TXN000004826,TL0000016901,STR0003,SKU0000563,2026-05-11,3.0,0.0,Wrong Item,Completed
RET00000133,TXN000004458,TL0000015569,STR0019,SKU0000539,2026-05-06,1.0,0.0,Changed Mind,Rejected
RET00000134,TXN000006460,TL0000022689,STR0005,SKU0000262,2026-04-10,3.0,0.0,Damaged,Completed
RET00000135,TXN000001618,TL0000005657,STR0005,SKU0000279,2026-04-12,2.0,0.0,Damaged,Pending
RET00000136,TXN000002211,TL0000007687,STR0004,SKU0000495,2026-05-14,2.0,157.5,Damaged,Completed
RET00000137,TXN000001533,TL0000005339,STR0016,SKU0000269,2026-04-16,3.0,0.0,Price Adjustment,Completed
RET00000138,TXN000006705,TL0000023514,STR0004,SKU0000506,2026-05-11,3.0,0.0,Defective,Completed
RET00000139,TXN000006846,TL0000023980,STR0015,SKU0000006,2026-05-13,1.0,0.0,Defective,Pending
RET00000140,TXN000007806,TL0000027397,STR0012,SKU0000364,2026-04-08,1.0,137.78,Price Adjustment,Rejected
RET00000141,TXN000004455,TL0000015551,STR0018,SKU0000472,2026-05-14,3.0,0.0,Price Adjustment,Completed
RET00000142,TXN000007589,TL0000026605,STR0022,SKU0000576,2026-04-10,1.0,0.0,Price Adjustment,Pending
RET00000143,TXN000004971,TL0000017454,STR0013,SKU_UNKNOWN,2026-04-16,,0.0,Damaged,Completed
RET00000144,TXN000003169,TL0000010953,STR0015,SKU0000175,2026-04-29,1.0,145.29,Damaged,Rejected
RET00000145,TXN000001336,TL0000004646,STR0022,SKU0000319,2026-04-28,2.0,0.0,Defective,Pending
RET00000146,TXN000006678,TL0000023423,STR0005,SKU0000081,2026-04-29,1.0,0.0,Damaged,Rejected
RET00000147,TXN000004876,TL0000017105,STR0008,SKU0000213,2026-05-27,3.0,0.0,Price Adjustment,Rejected
RET00000148,TXN000004337,TL0000015138,STR0017,SKU0000207,2026-05-29,,0.0,Defective,Completed
RET00000149,TXN000004708,TL0000016461,STR0014,SKU0000026,2026-04-14,3.0,0.0,Defective,Rejected
RET00000150,TXN000006889,TL0000024134,STR0023,SKU0000102,2026-04-10,3.0,170.3,Changed Mind,Rejected
RET00000151,TXN000003226,TL0000011160,STR0012,SKU0000170,2026-05-24,3.0,61.1,Damaged,Pending
RET00000152,TXN000001143,TL0000003981,STR0021,SKU0000020,2026-05-17,3.0,0.0,Damaged,Rejected
RET00000153,TXN000006296,TL0000022137,STR0007,SKU0000340,2026-04-13,1.0,0.0,Damaged,Pending
RET00000154,TXN000005657,TL0000019865,STR0004,SKU0000573,2026-04-25,1.0,118.46,Defective,Rejected
RET00000155,TXN000006815,TL0000023875,STR0015,SKU0000460,2026-06-10,1.0,163.46,Changed Mind,Completed
RET00000156,TXN000006636,TL0000023267,STR0005,SKU0000214,2026-04-19,3.0,0.0,Changed Mind,Completed
RET00000157,TXN000006988,TL0000024464,STR0018,SKU0000083,2026-05-06,2.0,0.0,Defective,Rejected
RET00000158,TXN000002063,TL0000007188,STR0022,SKU0000212,2026-04-30,1.0,0.0,Wrong Item,Completed
RET00000159,TXN000001383,TL0000004835,STR0015,SKU0000130,2026-05-18,,0.0,Damaged,Pending
RET00000160,TXN000003104,TL0000010735,STR0015,SKU0000227,2026-04-07,1.0,0.0,Changed Mind,Completed
RET00000161,TXN000003490,TL0000012136,STR0007,SKU0000315,2026-05-17,,0.0,Wrong Item,Pending
RET00000162,TXN000005616,TL0000019716,STR0001,SKU0000023,2026-04-06,,0.0,Changed Mind,Rejected
RET00000163,TXN000000268,TL0000000930,STR0023,SKU0000162,2026-04-16,1.0,78.7,Price Adjustment,Completed
RET00000164,TXN000005340,TL0000018747,STR0019,SKU0000249,2026-05-03,3.0,21.95,Changed Mind,Rejected
RET00000165,TXN000005060,TL0000017765,STR0004,SKU0000044,2026-05-12,3.0,180.51,Wrong Item,Completed
RET00000166,TXN000004151,TL0000014495,STR0004,SKU0000312,2026-04-30,1.0,0.0,Wrong Item,Completed
RET00000167,TXN000004031,TL0000014069,STR0016,SKU0000094,2026-05-09,1.0,0.0,Damaged,Pending
RET00000168,TXN000005518,TL0000019379,STR0018,SKU0000533,2026-05-15,3.0,0.0,Damaged,Completed
RET00000169,TXN000001153,TL0000004024,STR0004,SKU0000124,2026-05-17,,0.0,Changed Mind,Rejected
RET00000170,TXN000006327,TL0000022248,STR0025,SKU0000533,2026-06-02,1.0,0.0,Wrong Item,Completed
RET00000171,TXN000005468,TL0000019216,STR0012,SKU0000445,2026-04-19,1.0,0.0,Wrong Item,Completed
RET00000172,TXN000007334,TL0000025676,STR0017,SKU0000385,2026-04-16,,12.73,Damaged,Completed
RET00000173,TXN000007896,TL0000027704,STR0004,SKU0000361,2026-05-11,2.0,192.01,Damaged,Completed
RET00000174,TXN000003957,TL0000013787,STR0013,SKU0000347,2026-05-13,2.0,186.96,Defective,Completed
RET00000175,TXN000005730,TL0000020141,STR0016,SKU0000071,2026-04-29,2.0,120.98,Defective,Rejected
RET00000176,TXN000001086,TL0000003795,STR0008,SKU0000198,2026-04-09,,0.0,Changed Mind,Pending
RET00000177,TXN000006712,TL0000023545,STR0012,SKU0000556,2026-06-04,1.0,0.0,Wrong Item,Pending
RET00000178,TXN000004905,TL0000017218,STR0003,SKU0000382,2026-04-22,1.0,0.0,Changed Mind,Completed
RET00000179,TXN000007136,TL0000024971,STR0003,SKU0000163,2026-05-05,1.0,0.0,Changed Mind,Completed
RET00000180,TXN000006896,TL0000024161,STR0016,SKU0000035,2026-06-07,1.0,52.53,Changed Mind,Rejected
RET00000181,TXN000000627,TL_UNKNOWN,STR0025,SKU0000478,2026-04-19,3.0,0.0,Damaged,Rejected
RET00000182,TXN000007845,TL0000027539,STR0002,SKU0000173,2026-05-07,1.0,0.0,Defective,Completed
RET00000183,TXN000004573,TL0000015997,STR0007,SKU0000337,2026-05-02,1.0,0.0,Damaged,Rejected
RET00000184,TXN000006777,TL0000023764,STR0021,SKU0000068,2026-05-16,2.0,138.98,Defective,Pending
RET00000185,TXN000003148,TL0000010890,STR0019,SKU0000513,2026-04-20,,0.0,Defective,Pending
RET00000186,TXN000004606,TL0000016096,STR0014,SKU0000008,2026-05-10,1.0,0.0,Damaged,Completed
RET00000187,TXN000007479,TL0000026179,STR0023,SKU0000480,2026-04-08,1.0,65.09,Damaged,Completed
RET00000188,TXN000002330,TL0000008094,STR0014,SKU0000176,2026-05-29,,0.0,Damaged,Completed
RET00000189,TXN000001150,TL0000004012,STR0022,SKU0000036,2026-04-10,1.0,99.16,Price Adjustment,Completed
RET00000190,TXN000002235,TL0000007770,STR0004,SKU0000031,2026-06-02,1.0,0.0,Defective,Completed
RET00000191,TXN000006877,TL0000024092,STR0015,SKU0000234,2026-04-12,1.0,0.0,Wrong Item,Completed
RET00000192,TXN000004567,TL0000015976,STR0016,SKU0000474,2026-04-21,,0.0,Damaged,Pending
RET00000193,TXN000001133,TL0000003945,STR0001,SKU0000509,2026-05-10,,0.0,Wrong Item,Completed
RET00000194,TXN000001969,TL_UNKNOWN,STR0002,SKU0000100,2026-05-14,3.0,5.3,Changed Mind,Rejected
RET00000195,TXN000007167,TL0000025073,STR0019,SKU0000431,2026-04-15,1.0,87.27,Price Adjustment,Rejected
RET00000196,TXN000004266,TL0000014878,STR0002,SKU0000338,2026-04-18,2.0,0.0,Wrong Item,Pending
RET00000197,TXN000002926,TL0000010114,STR0001,SKU0000011,2026-04-10,1.0,0.0,Changed Mind,Pending
RET00000198,TXN000000927,TL0000003229,STR0015,SKU0000434,2026-06-01,,0.0,Price Adjustment,Completed
RET00000199,TXN000005615,TL0000019710,STR0006,SKU0000332,2026-04-22,3.0,0.0,Defective,Completed
RET00000200,TXN000005243,TL0000018412,STR0003,SKU0000547,2026-04-16,1.0,0.0,Wrong Item,Completed
RET00000201,TXN000006911,TL0000024218,STR0017,SKU0000371,2026-05-14,1.0,53.04,Defective,Completed
RET00000202,TXN000000212,TL0000000752,STR0019,SKU0000033,2026-05-18,,28.3,Price Adjustment,Pending
RET00000203,TXN000005846,TL0000020546,STR0007,SKU0000259,2026-04-09,1.0,0.0,Price Adjustment,Pending
RET00000204,TXN000003310,TL0000011464,STR0009,SKU0000203,2026-05-11,3.0,0.0,Price Adjustment,Pending
RET00000205,TXN000000386,TL0000001335,STR0007,SKU0000545,2026-05-19,1.0,143.16,Damaged,Completed
RET00000206,TXN000006299,TL0000022148,STR0019,SKU0000459,2026-06-06,1.0,0.0,Wrong Item,Pending
RET00000207,TXN000006671,TL0000023400,STR0005,SKU0000502,2026-06-01,,18.58,Defective,Rejected
RET00000208,TXN000005308,TL0000018634,STR0009,SKU0000567,2026-05-21,3.0,0.0,Price Adjustment,Completed
RET00000209,TXN000000820,TL0000002836,STR0002,SKU0000170,2026-06-01,,0.0,Damaged,Rejected
RET00000210,TXN000007760,TL0000027220,STR0004,SKU0000542,2026-04-20,1.0,0.0,Price Adjustment,Completed
RET00000211,TXN000001162,TL0000004046,STR0011,SKU0000197,2026-05-27,3.0,0.0,Defective,Completed
RET00000212,TXN000006644,TL0000023303,STR0022,SKU0000560,2026-05-21,2.0,85.36,Damaged,Pending
RET00000213,TXN000005950,TL0000020905,STR0012,SKU0000326,2026-04-28,2.0,0.0,Damaged,Completed
RET00000214,TXN000002800,TL0000009673,STR0015,SKU0000294,2026-04-24,2.0,0.0,Changed Mind,Rejected
RET00000215,TXN000003576,TL0000012435,STR0012,SKU0000433,2026-04-21,1.0,0.0,Changed Mind,Pending
RET00000216,TXN000003499,TL0000012165,STR0007,SKU0000486,2026-04-22,1.0,0.0,Price Adjustment,Completed
RET00000217,TXN000003034,TL0000010512,STR0022,SKU0000546,2026-05-17,1.0,54.11,Damaged,Completed
RET00000218,TXN000001393,TL0000004871,STR0003,SKU0000196,2026-06-02,1.0,0.0,Damaged,Completed
RET00000219,TXN000004957,TL0000017400,STR0007,SKU0000239,2026-05-25,,32.19,Price Adjustment,Completed
RET00000220,TXN000001973,TL0000006890,STR0009,SKU0000327,2026-04-13,1.0,0.0,Defective,Rejected
RET00000221,TXN000007813,TL0000027420,STR0017,SKU0000503,2026-04-06,3.0,199.83,Price Adjustment,Pending
RET00000222,TXN000000067,TL0000000210,STR0005,SKU0000230,2026-04-20,1.0,23.04,Damaged,Completed
RET00000223,TXN000003942,TL0000013737,STR0022,SKU0000116,2026-05-03,1.0,0.0,Price Adjustment,Pending
RET00000224,TXN000000414,TL0000001442,STR0006,SKU0000154,2026-04-23,2.0,162.41,Wrong Item,Rejected
RET00000225,TXN000005379,TL0000018886,STR0016,SKU0000122,2026-05-11,3.0,0.0,Defective,Pending
RET00000226,TXN000006012,TL0000021142,STR0007,SKU0000538,2026-05-09,3.0,0.0,Changed Mind,Completed
RET00000227,TXN000005705,TL0000020053,STR0015,SKU0000485,2026-05-09,,0.0,Damaged,Completed
RET00000228,TXN000005828,TL0000020475,STR0008,SKU0000075,2026-05-04,1.0,142.95,Defective,Pending
RET00000229,TXN000007350,TL0000025744,STR0008,SKU0000488,2026-04-28,,71.94,Defective,Rejected
RET00000230,TXN000005600,TL0000019648,STR0005,SKU0000165,2026-04-23,2.0,20.66,Price Adjustment,Rejected
RET00000231,TXN000000581,TL0000002001,STR0024,SKU0000578,2026-06-03,,160.53,Damaged,Completed
RET00000232,TXN000003200,TL0000011063,STR0023,SKU0000138,2026-04-28,1.0,0.0,Wrong Item,Completed
RET00000233,TXN000003999,TL0000013933,STR0009,SKU0000074,2026-04-26,1.0,0.0,Damaged,Completed
RET00000234,TXN000006529,TL0000022916,STR0022,SKU0000487,2026-05-12,2.0,188.49,Damaged,Rejected
RET00000235,TXN000007331,TL0000025666,STR0005,SKU0000021,2026-05-27,,0.0,Changed Mind,Completed
RET00000236,TXN000001016,TL0000003537,STR0002,SKU0000444,2026-04-28,1.0,37.21,Wrong Item,Completed
RET00000237,TXN000007587,TL0000026594,STR0002,SKU0000111,2026-05-02,3.0,0.0,Changed Mind,Pending
RET00000238,TXN000004152,TL0000014497,STR0006,SKU0000353,2026-06-09,2.0,149.89,Wrong Item,Completed
RET00000239,TXN000003645,TL0000012695,STR0012,SKU0000133,2026-05-01,,187.32,Changed Mind,Completed
RET00000240,TXN000004478,TL0000015647,STR0022,SKU0000115,2026-06-08,2.0,0.0,Changed Mind,Completed
RET00000241,TXN000007305,TL0000025565,STR0024,SKU0000106,2026-06-04,3.0,0.0,Price Adjustment,Pending
RET00000242,TXN000003893,TL0000013563,STR0021,SKU0000563,2026-04-18,2.0,0.0,Defective,Pending
RET00000243,TXN000000543,TL0000001868,STR0012,SKU0000075,2026-04-11,1.0,0.0,Damaged,Pending
RET00000244,TXN000004871,TL0000017086,STR0016,SKU0000280,2026-05-13,3.0,0.0,Defective,Completed
RET00000245,TXN000002085,TL0000007259,STR0010,SKU0000138,2026-04-13,3.0,35.75,Price Adjustment,Rejected
RET00000246,TXN000006941,TL0000024321,STR0017,SKU0000343,2026-06-02,,0.0,Wrong Item,Pending
RET00000247,TXN000004185,TL0000014613,STR0006,SKU0000301,2026-05-28,2.0,0.0,Changed Mind,Completed
RET00000248,TXN000001180,TL0000004099,STR0013,SKU0000551,2026-05-05,,0.0,Defective,Pending
RET00000249,TXN000007625,TL0000026726,STR0024,SKU0000286,2026-05-19,,0.0,Changed Mind,Rejected
RET00000250,TXN000003602,TL0000012537,STR0003,SKU0000491,2026-04-18,2.0,73.5,Defective,Completed
RET00000251,TXN000006989,TL0000024469,STR0014,SKU0000458,2026-05-22,1.0,95.01,Defective,Completed
RET00000252,TXN000002714,TL0000009376,STR0025,SKU0000163,2026-05-17,2.0,0.0,Defective,Pending
RET00000253,TXN000000627,TL0000002161,STR0023,SKU0000062,2026-06-10,3.0,0.0,Wrong Item,Completed
RET00000254,TXN000007835,TL0000027505,STR0016,SKU0000574,2026-04-12,3.0,0.0,Changed Mind,Completed
RET00000255,TXN000000607,TL0000002097,STR0004,SKU0000322,2026-05-03,1.0,0.0,Wrong Item,Pending
RET00000256,TXN000004131,TL0000014427,STR0003,SKU0000100,2026-06-09,1.0,0.0,Wrong Item,Completed
RET00000257,TXN000004572,TL0000015995,STR0006,SKU0000046,2026-04-23,,171.49,Damaged,Pending
RET00000258,TXN000000741,TL0000002584,STR0017,SKU0000521,2026-04-26,1.0,0.0,Price Adjustment,Completed
RET00000259,TXN000002539,TL0000008799,STR0015,SKU0000349,2026-05-23,,0.0,Damaged,Completed
RET00000260,TXN000006664,TL0000023378,STR0024,SKU0000045,2026-05-04,,0.0,Price Adjustment,Pending
RET00000261,TXN000002139,TL0000007450,STR0020,SKU0000150,2026-05-23,1.0,0.0,Changed Mind,Rejected
RET00000262,TXN000004124,TL0000014409,STR0023,SKU0000578,2026-06-02,2.0,19.95,Defective,Completed
RET00000263,TXN000000826,TL0000002865,STR0023,SKU0000143,2026-04-21,1.0,0.0,Price Adjustment,Rejected
RET00000264,TXN000001788,TL0000006243,STR0021,SKU0000187,2026-05-14,1.0,0.0,Defective,Completed
RET00000265,TXN000000873,TL0000003040,STR0020,SKU0000174,2026-04-10,,0.0,Defective,Completed
RET00000266,TXN000001703,TL0000005954,STR0011,SKU0000545,2026-05-16,1.0,0.0,Price Adjustment,Rejected
RET00000267,TXN000001187,TL0000004120,STR0012,SKU0000160,2026-05-10,,143.33,Defective,Completed
RET00000268,TXN000001658,TL0000005799,STR0003,SKU0000507,2026-04-21,2.0,0.0,Defective,Pending
RET00000269,TXN000004651,TL0000016250,STR0023,SKU0000090,2026-04-14,1.0,0.0,Price Adjustment,Rejected
RET00000270,TXN000005021,TL0000017632,STR0017,SKU0000059,2026-05-23,2.0,130.4,Defective,Rejected
RET00000271,TXN000005719,TL0000020105,STR0023,SKU0000070,2026-06-05,3.0,0.0,Damaged,Rejected
RET00000272,TXN000001860,TL0000006477,STR0012,SKU0000397,2026-04-18,1.0,0.0,Wrong Item,Rejected
RET00000273,TXN000006175,TL0000021732,STR0016,SKU0000434,2026-05-17,1.0,0.0,Wrong Item,Completed
RET00000274,TXN000001945,TL0000006785,STR0017,SKU0000400,2026-04-25,1.0,0.0,Changed Mind,Completed
RET00000275,TXN000002812,TL0000009715,STR0025,SKU0000318,2026-05-14,3.0,0.0,Damaged,Pending
RET00000276,TXN000003173,TL0000010973,STR0012,SKU0000380,2026-05-23,2.0,29.54,Price Adjustment,Completed
RET00000277,TXN000003166,TL0000010949,STR0020,SKU0000146,2026-05-05,1.0,105.44,Defective,Completed
RET00000278,TXN000006882,TL0000024109,STR0023,SKU0000105,2026-05-09,1.0,0.0,Wrong Item,Pending
RET00000279,TXN000006122,TL0000021530,STR0020,SKU0000165,2026-04-22,1.0,56.82,Defective,Completed
RET00000280,TXN000001146,TL0000003993,STR0002,SKU0000505,2026-05-19,1.0,82.63,Wrong Item,Pending
RET00000281,TXN000004350,TL0000015192,STR0001,SKU0000487,2026-05-19,1.0,0.0,Changed Mind,Rejected
RET00000282,TXN000007922,TL0000027792,STR0005,SKU0000128,2026-04-16,1.0,0.0,Damaged,Pending
RET00000283,TXN000003396,TL0000011797,STR0009,SKU0000534,2026-05-02,1.0,0.0,Wrong Item,Completed
RET00000284,TXN000001709,TL0000005974,STR0020,SKU0000111,2026-05-12,1.0,0.0,Changed Mind,Rejected
RET00000285,TXN000000354,TL0000001242,STR0025,SKU0000112,2026-06-08,1.0,5.23,Changed Mind,Completed
RET00000286,TXN000004020,TL0000014022,STR0013,SKU0000002,2026-05-15,2.0,0.0,Changed Mind,Completed
RET00000287,TXN000004351,TL0000015196,STR0025,SKU0000118,2026-06-10,2.0,0.0,Defective,Rejected
RET00000288,TXN000001678,TL0000005866,STR0015,SKU0000020,2026-05-01,1.0,63.46,Price Adjustment,Rejected
RET00000289,TXN000003631,TL0000012648,STR0002,SKU0000010,2026-04-10,2.0,0.0,Defective,Pending
RET00000290,TXN000006511,TL0000022863,STR0017,SKU0000087,2026-04-21,3.0,0.0,Wrong Item,Completed
RET00000291,TXN000004947,TL0000017365,STR0001,SKU0000041,2026-04-11,2.0,55.18,Changed Mind,Completed
RET00000292,TXN000006701,TL0000023502,STR0012,SKU0000573,2026-05-07,1.0,79.27,Wrong Item,Rejected
RET00000293,TXN000004740,TL0000016571,STR0003,SKU0000371,2026-05-17,2.0,0.0,Damaged,Completed
RET00000294,TXN000005168,TL0000018150,STR0010,SKU0000088,2026-05-07,2.0,0.0,Defective,Completed
RET00000295,TXN000005021,TL0000017630,STR0020,SKU0000570,2026-04-21,,0.0,Changed Mind,Completed
RET00000296,TXN000004051,TL0000014143,STR0016,SKU0000314,2026-04-18,,57.2,Wrong Item,Rejected
RET00000297,TXN000005845,TL0000020538,STR0010,SKU0000048,2026-04-18,1.0,47.76,Defective,Completed
RET00000298,TXN000003217,TL0000011125,STR0021,SKU0000317,2026-04-17,,0.0,Damaged,Rejected
RET00000299,TXN000003835,TL0000013368,STR0014,SKU0000298,2026-06-04,1.0,90.51,Price Adjustment,Completed
RET00000300,TXN000004987,TL0000017515,STR0021,SKU0000152,2026-05-06,1.0,0.0,Changed Mind,Completed
RET00000301,TXN000004857,TL_UNKNOWN,STR0007,SKU0000051,2026-05-10,3.0,0.0,Defective,Rejected
RET00000302,TXN000002752,TL0000009510,STR0005,SKU0000410,2026-05-27,2.0,0.0,Changed Mind,Rejected
RET00000303,TXN000005631,TL0000019764,STR0017,SKU0000388,2026-04-29,3.0,0.0,Defective,Completed
RET00000304,TXN000000744,TL0000002591,STR0018,SKU0000450,2026-05-18,3.0,167.97,Wrong Item,Pending
RET00000305,TXN000003963,TL0000013806,STR0004,SKU0000108,2026-05-13,2.0,0.0,Damaged,Rejected
RET00000306,TXN000005612,TL0000019695,STR0005,SKU0000298,2026-05-03,2.0,131.41,Defective,Pending
RET00000307,TXN000007698,TL0000026979,STR0005,SKU0000138,2026-06-03,1.0,50.09,Damaged,Completed
RET00000308,TXN_UNKNOWN,TL0000015233,STR0021,SKU0000310,2026-05-28,,54.07,Price Adjustment,Rejected
RET00000309,TXN000000595,TL0000002053,STR0001,SKU0000177,2026-05-23,1.0,0.0,Damaged,Completed
RET00000310,TXN000005529,TL0000019421,STR0002,SKU0000258,2026-04-28,3.0,0.0,Changed Mind,Completed
RET00000311,TXN000000615,TL0000002120,STR0011,SKU0000166,2026-04-08,,0.0,Price Adjustment,Rejected
RET00000312,TXN000002008,TL0000007007,STR0018,SKU0000453,2026-04-16,2.0,0.0,Wrong Item,Completed
RET00000313,TXN000007227,TL0000025277,STR0007,SKU0000480,2026-05-20,1.0,110.05,Wrong Item,Pending
RET00000314,TXN000000806,TL0000002795,STR0008,SKU0000568,2026-04-07,,108.28,Defective,Pending
RET00000315,TXN000002525,TL0000008754,STR0003,SKU0000153,2026-05-21,1.0,121.01,Wrong Item,Completed
RET00000316,TXN000005613,TL0000019700,STR0005,SKU0000297,2026-04-21,3.0,106.98,Wrong Item,Completed
RET00000317,TXN000001392,TL0000004866,STR0004,SKU0000486,2026-06-08,3.0,0.0,Changed Mind,Completed
RET00000318,TXN000000317,TL0000001100,STR0001,SKU0000271,2026-04-28,,0.0,Damaged,Rejected
RET00000319,TXN000000681,TL0000002367,STR0008,SKU0000363,2026-05-22,1.0,0.0,Defective,Completed
RET00000320,TXN000006942,TL0000024322,STR0025,SKU0000082,2026-06-01,3.0,0.0,Defective,Pending
RET00000321,TXN000006025,TL0000021196,STR0023,SKU0000263,2026-04-14,2.0,0.0,Changed Mind,Completed
RET00000322,TXN000007266,TL0000025422,STR0014,SKU0000131,2026-05-01,3.0,0.0,Price Adjustment,Rejected
RET00000323,TXN000001641,TL0000005739,STR0004,SKU0000323,2026-04-16,,0.0,Defective,Rejected
RET00000324,TXN000004377,TL0000015278,STR0021,SKU0000091,2026-05-17,3.0,0.0,Damaged,Pending
RET00000325,TXN000006559,TL0000022999,STR0011,SKU0000353,2026-04-18,2.0,183.52,Defective,Completed
RET00000326,TXN000003113,TL0000010761,STR0012,SKU0000254,2026-04-20,2.0,0.0,Price Adjustment,Completed
RET00000327,TXN000000747,TL0000002606,STR0006,SKU0000218,2026-04-09,3.0,0.0,Defective,Completed
RET00000328,TXN000003693,TL0000012842,STR0008,SKU0000307,2026-04-24,1.0,0.0,Changed Mind,Completed
RET00000329,TXN000007795,TL0000027351,STR0017,SKU0000265,2026-05-15,3.0,0.0,Wrong Item,Pending
RET00000330,TXN000007739,TL0000027130,STR0009,SKU0000125,2026-05-07,2.0,170.28,Changed Mind,Pending
RET00000331,TXN000001573,TL_UNKNOWN,STR0012,SKU0000495,2026-05-02,2.0,0.0,Price Adjustment,Completed
RET00000332,TXN000004757,TL0000016642,STR0020,SKU0000450,2026-05-09,1.0,138.19,Price Adjustment,Completed
RET00000333,TXN000000083,TL0000000275,STR0007,SKU0000493,2026-05-13,,0.0,Changed Mind,Pending
RET00000334,TXN000006541,TL0000022951,STR0020,SKU0000430,2026-05-04,,76.78,Price Adjustment,Rejected
RET00000335,TXN000002263,TL0000007861,STR0015,SKU0000240,2026-05-06,1.0,0.0,Changed Mind,Rejected
RET00000336,TXN000007284,TL0000025484,STR0021,SKU0000542,2026-04-27,,0.0,Wrong Item,Completed
RET00000337,TXN000002048,TL0000007132,STR0016,SKU0000007,2026-05-22,,0.0,Changed Mind,Completed
RET00000338,TXN000005670,TL_UNKNOWN,STR0017,SKU0000322,2026-05-12,2.0,196.33,Defective,Completed
RET00000339,TXN000000557,TL0000001914,STR0024,SKU0000373,2026-05-21,2.0,46.29,Defective,Completed
RET00000340,TXN000002764,TL0000009561,STR0015,SKU0000293,2026-04-16,1.0,0.0,Damaged,Rejected
RET00000341,TXN000006087,TL0000021412,STR0006,SKU0000032,2026-05-07,3.0,52.67,Wrong Item,Pending
RET00000342,TXN000004296,TL0000014985,STR0001,SKU0000165,2026-05-18,,0.0,Damaged,Pending
RET00000343,TXN000003281,TL0000011352,STR0024,SKU0000402,2026-04-08,2.0,0.0,Wrong Item,Rejected
RET00000344,TXN000003145,TL0000010872,STR0005,SKU0000231,2026-05-21,2.0,0.0,Defective,Completed
RET00000345,TXN000006722,TL0000023578,STR0009,SKU0000505,2026-04-16,3.0,0.0,Changed Mind,Completed
RET00000346,TXN000002627,TL0000009099,STR0018,SKU0000200,2026-04-08,,0.0,Wrong Item,Pending
RET00000347,TXN000004497,TL0000015709,STR0022,SKU0000424,2026-04-29,1.0,83.52,Price Adjustment,Completed
RET00000348,TXN000004495,TL0000015698,STR0008,SKU0000532,2026-05-03,1.0,199.33,Wrong Item,Pending
RET00000349,TXN000003279,TL0000011346,STR0017,SKU0000118,2026-05-13,1.0,0.0,Damaged,Completed
RET00000350,TXN000007005,TL0000024518,STR0023,SKU0000392,2026-05-09,3.0,0.0,Wrong Item,Completed
RET00000351,TXN000001349,TL0000004703,STR0014,SKU0000504,2026-04-27,3.0,0.0,Price Adjustment,Rejected
RET00000352,TXN000005271,TL0000018495,STR0012,SKU0000386,2026-04-29,1.0,0.0,Changed Mind,Completed
RET00000353,TXN000007807,TL0000027402,STR0005,SKU0000569,2026-05-07,1.0,0.0,Price Adjustment,Pending
RET00000354,TXN000007482,TL0000026191,STR0022,SKU0000111,2026-05-20,,165.01,Changed Mind,Completed
RET00000355,TXN000000406,TL0000001400,STR0006,SKU0000444,2026-04-26,1.0,0.0,Changed Mind,Rejected
RET00000356,TXN000001310,TL0000004556,STR0007,SKU0000070,2026-06-07,3.0,0.0,Changed Mind,Completed
RET00000357,TXN000001132,TL0000003940,STR0021,SKU0000278,2026-04-19,3.0,0.0,Wrong Item,Completed
RET00000358,TXN000007672,TL0000026893,STR0025,SKU0000310,2026-04-09,2.0,0.0,Wrong Item,Rejected
RET00000359,TXN000003667,TL0000012764,STR0006,SKU0000468,2026-06-03,3.0,104.11,Damaged,Pending
RET00000360,TXN000007978,TL0000027993,STR0007,SKU0000580,2026-05-09,3.0,0.0,Defective,Rejected
RET00000361,TXN000006138,TL0000021591,STR0012,SKU0000574,2026-05-12,1.0,0.0,Price Adjustment,Pending
RET00000362,TXN000001903,TL0000006629,STR0019,SKU0000396,2026-05-03,3.0,0.0,Price Adjustment,Rejected
RET00000363,TXN000006289,TL0000022106,STR0007,SKU0000295,2026-05-09,2.0,0.0,Defective,Completed
RET00000364,TXN000004440,TL0000015490,STR0011,SKU0000177,2026-06-08,1.0,0.0,Price Adjustment,Pending
RET00000365,TXN000001482,TL0000005168,STR0005,SKU0000333,2026-06-04,1.0,52.2,Changed Mind,Completed
RET00000366,TXN000001608,TL0000005621,STR0005,SKU0000578,2026-04-27,,78.49,Changed Mind,Rejected
RET00000367,TXN000002783,TL0000009626,STR0013,SKU0000468,2026-04-26,3.0,64.43,Wrong Item,Rejected
RET00000368,TXN000005448,TL0000019142,STR0003,SKU0000135,2026-05-11,,88.23,Defective,Completed
RET00000369,TXN000006323,TL0000022234,STR0018,SKU0000044,2026-04-13,1.0,47.61,Wrong Item,Completed
RET00000370,TXN000006340,TL0000022287,STR0008,SKU0000365,2026-04-11,1.0,12.72,Wrong Item,Completed
RET00000371,TXN000004256,TL0000014834,STR0023,SKU0000253,2026-04-14,,0.0,Wrong Item,Completed
RET00000372,TXN000004290,TL0000014967,STR0010,SKU0000030,2026-05-13,,0.0,Defective,Completed
RET00000373,TXN000006614,TL0000023182,STR0008,SKU0000513,2026-04-15,3.0,0.0,Defective,Rejected
RET00000374,TXN000000726,TL0000002532,STR0012,SKU0000095,2026-05-30,,0.0,Price Adjustment,Rejected
RET00000375,TXN000006535,TL0000022933,STR0015,SKU0000345,2026-04-27,2.0,0.0,Wrong Item,Completed
RET00000376,TXN000001065,TL0000003729,STR0018,SKU0000543,2026-04-11,,0.0,Price Adjustment,Pending
RET00000377,TXN000002837,TL0000009810,STR0025,SKU0000149,2026-05-30,1.0,0.0,Changed Mind,Completed
RET00000378,TXN000007570,TL0000026533,STR0005,SKU0000140,2026-04-08,3.0,0.0,Wrong Item,Completed
RET00000379,TXN000001826,TL0000006359,STR0025,SKU0000238,2026-06-10,1.0,0.0,Damaged,Pending
RET00000380,TXN000002990,TL0000010353,STR0002,SKU0000543,2026-05-23,3.0,0.0,Price Adjustment,Rejected
RET00000381,TXN000004848,TL0000016995,STR0015,SKU0000294,2026-04-14,1.0,26.14,Defective,Completed
RET00000382,TXN000001371,TL0000004775,STR0015,SKU0000426,2026-05-26,1.0,0.0,Changed Mind,Completed
RET00000383,TXN000003732,TL0000012980,STR0019,SKU0000306,2026-04-23,3.0,0.0,Price Adjustment,Completed
RET00000384,TXN000005697,TL0000020021,STR0019,SKU0000180,2026-05-14,3.0,0.0,Wrong Item,Completed
RET00000385,TXN000005575,TL0000019565,STR0001,SKU0000037,2026-04-16,,24.67,Price Adjustment,Rejected
RET00000386,TXN000003060,TL0000010591,STR0024,SKU0000320,2026-06-07,1.0,0.0,Damaged,Completed
RET00000387,TXN000004331,TL0000015119,STR0002,SKU0000121,2026-04-30,1.0,0.0,Price Adjustment,Completed
RET00000388,TXN000006319,TL0000022217,STR0015,SKU0000046,2026-04-30,1.0,0.0,Damaged,Completed
RET00000389,TXN000001086,TL0000003797,STR0002,SKU0000295,2026-05-18,2.0,96.82,Price Adjustment,Completed
RET00000390,TXN000000341,TL0000001197,STR0008,SKU0000454,2026-05-31,1.0,0.0,Wrong Item,Completed
RET00000391,TXN000001275,TL0000004426,STR0003,SKU0000385,2026-04-27,1.0,0.0,Wrong Item,Completed
RET00000392,TXN000001151,TL0000004017,STR0020,SKU0000021,2026-05-10,3.0,114.63,Defective,Completed
RET00000393,TXN000006967,TL0000024401,STR0018,SKU0000355,2026-06-10,1.0,0.0,Wrong Item,Completed
RET00000394,TXN000001996,TL0000006968,STR0015,SKU0000484,2026-05-01,,19.41,Damaged,Rejected
RET00000395,TXN000003100,TL0000010726,STR0006,SKU0000532,2026-04-26,2.0,0.0,Price Adjustment,Rejected
RET00000396,TXN000004648,TL0000016234,STR0021,SKU0000157,2026-04-11,3.0,124.87,Changed Mind,Pending
RET00000397,TXN000003058,TL0000010586,STR0012,SKU0000204,2026-06-06,2.0,0.0,Damaged,Completed
RET00000398,TXN000003843,TL0000013393,STR0019,SKU0000459,2026-05-17,1.0,0.0,Damaged,Pending
RET00000399,TXN000003201,TL0000011066,STR0005,SKU0000221,2026-04-19,3.0,91.69,Changed Mind,Pending
RET00000400,TXN000002815,TL0000009726,STR0012,SKU0000340,2026-05-22,1.0,0.0,Price Adjustment,Rejected
RET00000401,TXN000001541,TL0000005375,STR0023,SKU0000458,2026-04-09,2.0,0.0,Changed Mind,Completed
RET00000402,TXN000000379,TL0000001321,STR0023,SKU0000084,2026-06-01,,6.87,Wrong Item,Completed
RET00000403,TXN000002215,TL0000007705,STR0007,SKU0000493,2026-06-08,3.0,19.59,Defective,Completed
RET00000404,TXN000005377,TL0000018879,STR0020,SKU0000433,2026-04-12,1.0,0.0,Price Adjustment,Completed
RET00000405,TXN000006399,TL0000022477,STR0010,SKU0000324,2026-04-06,2.0,146.92,Wrong Item,Completed
RET00000406,TXN000004746,TL0000016595,STR0020,SKU0000469,2026-05-07,1.0,0.0,Price Adjustment,Completed
RET00000407,TXN000004462,TL0000015583,STR0002,SKU0000070,2026-05-04,1.0,0.0,Wrong Item,Pending
RET00000408,TXN000005916,TL0000020793,STR0012,SKU0000191,2026-04-21,2.0,0.0,Changed Mind,Completed
RET00000409,TXN000006613,TL0000023180,STR0001,SKU0000580,2026-05-09,2.0,0.0,Changed Mind,Completed
RET00000410,TXN000001036,TL0000003618,STR0011,SKU0000298,2026-04-20,3.0,0.0,Price Adjustment,Rejected
RET00000411,TXN000001682,TL0000005876,STR0002,SKU0000288,2026-05-09,2.0,48.24,Wrong Item,Completed
RET00000412,TXN000007838,TL0000027516,STR0013,SKU0000533,2026-05-31,3.0,117.64,Damaged,Rejected
RET00000413,TXN000005206,TL0000018278,STR0023,SKU0000240,2026-05-26,3.0,0.0,Damaged,Completed
RET00000414,TXN000003373,TL0000011707,STR0015,SKU0000035,2026-06-07,2.0,17.08,Wrong Item,Pending
RET00000415,TXN000003810,TL0000013275,STR0025,SKU0000237,2026-05-12,1.0,0.0,Damaged,Completed
RET00000416,TXN000005059,TL0000017756,STR0019,SKU0000519,2026-06-07,3.0,118.01,Wrong Item,Rejected
RET00000417,TXN000000050,TL0000000149,STR0019,SKU0000209,2026-06-01,1.0,163.36,Defective,Completed
RET00000418,TXN000003454,TL0000012018,STR0006,SKU0000083,2026-04-20,1.0,20.92,Wrong Item,Completed
RET00000419,TXN000001737,TL0000006082,STR0002,SKU0000377,2026-05-25,1.0,0.0,Changed Mind,Completed
RET00000420,TXN000003998,TL0000013926,STR0023,SKU0000006,2026-04-15,1.0,0.0,Defective,Completed
RET00000421,TXN_UNKNOWN,TL0000017004,STR0007,SKU0000227,2026-05-02,3.0,100.26,Price Adjustment,Pending
RET00000422,TXN000007095,TL0000024825,STR0008,SKU0000361,2026-05-30,1.0,0.0,Price Adjustment,Pending
RET00000423,TXN000001670,TL0000005834,STR0013,SKU0000458,2026-04-14,,0.0,Changed Mind,Completed
RET00000424,TXN000004046,TL0000014115,STR0015,SKU0000566,2026-05-23,,88.12,Changed Mind,Pending
RET00000425,TXN000001125,TL0000003921,STR0012,SKU0000324,2026-05-11,1.0,161.73,Changed Mind,Completed
RET00000426,TXN000004686,TL0000016383,STR0016,SKU0000324,2026-05-09,1.0,0.0,Damaged,Pending
RET00000427,TXN000006242,TL0000021941,STR0018,SKU0000284,2026-04-07,1.0,0.0,Price Adjustment,Completed
RET00000428,TXN000004838,TL0000016954,STR0004,SKU0000373,2026-05-12,1.0,0.0,Changed Mind,Pending
RET00000429,TXN000006887,TL0000024126,STR0024,SKU0000379,2026-04-13,1.0,14.97,Changed Mind,Completed
RET00000430,TXN000006642,TL0000023292,STR0016,SKU0000332,2026-05-03,,34.13,Damaged,Completed
RET00000431,TXN000002232,TL0000007757,STR0015,SKU0000418,2026-04-11,1.0,0.0,Changed Mind,Completed
RET00000432,TXN000002131,TL0000007420,STR0020,SKU0000162,2026-05-24,1.0,162.88,Wrong Item,Rejected
RET00000433,TXN000006614,TL0000023183,STR0015,SKU0000453,2026-04-07,1.0,0.0,Wrong Item,Completed
RET00000434,TXN000001782,TL0000006224,STR0024,SKU0000328,2026-04-18,2.0,0.0,Changed Mind,Rejected
RET00000435,TXN000007607,TL0000026669,STR0014,SKU0000556,2026-04-06,2.0,0.0,Price Adjustment,Rejected
RET00000436,TXN000003557,TL0000012374,STR0020,SKU0000334,2026-05-29,2.0,0.0,Damaged,Pending
RET00000437,TXN000001642,TL0000005745,STR0016,SKU0000110,2026-04-21,,0.0,Wrong Item,Rejected
RET00000438,TXN000000744,TL0000002595,STR0019,SKU0000507,2026-04-07,3.0,0.0,Damaged,Pending
RET00000439,TXN000007429,TL0000026006,STR0025,SKU0000565,2026-04-26,1.0,0.0,Price Adjustment,Rejected
RET00000440,TXN000000909,TL0000003163,STR0008,SKU0000246,2026-04-05,,170.98,Wrong Item,Completed
RET00000441,TXN000001842,TL0000006416,STR0017,SKU0000510,2026-04-18,,0.0,Price Adjustment,Completed
RET00000442,TXN000007638,TL0000026766,STR0007,SKU0000544,2026-05-29,2.0,25.31,Price Adjustment,Pending
RET00000443,TXN000005487,TL0000019288,STR0018,SKU0000060,2026-04-30,,184.62,Changed Mind,Rejected
RET00000444,TXN000006936,TL0000024293,STR0013,SKU0000219,2026-04-05,,0.0,Wrong Item,Rejected
RET00000445,TXN000006595,TL0000023129,STR0017,SKU0000314,2026-04-24,3.0,0.0,Defective,Completed
RET00000446,TXN000001857,TL0000006470,STR0021,SKU0000211,2026-06-08,3.0,0.0,Defective,Rejected
RET00000447,TXN000000059,TL0000000183,STR0006,SKU0000225,2026-04-05,,9.16,Wrong Item,Completed
RET00000448,TXN000000118,TL0000000402,STR0022,SKU0000355,2026-04-25,1.0,0.0,Damaged,Pending
RET00000449,TXN000007051,TL0000024669,STR0025,SKU0000313,2026-04-12,1.0,160.23,Defective,Rejected
RET00000450,TXN000003559,TL0000012382,STR0004,SKU0000508,2026-04-16,2.0,135.15,Damaged,Pending
RET00000451,TXN000005382,TL0000018900,STR0009,SKU0000319,2026-05-15,1.0,0.0,Defective,Completed
RET00000452,TXN000004767,TL_UNKNOWN,STR0010,SKU0000465,2026-06-08,1.0,0.0,Damaged,Rejected
RET00000453,TXN000006583,TL0000023091,STR0003,SKU0000574,2026-04-12,3.0,0.0,Price Adjustment,Pending
RET00000454,TXN000003960,TL0000013796,STR0007,SKU0000164,2026-04-09,1.0,48.46,Price Adjustment,Completed
RET00000455,TXN000002625,TL0000009089,STR0016,SKU0000122,2026-04-16,1.0,0.0,Wrong Item,Rejected
RET00000456,TXN000002398,TL0000008327,STR0005,SKU0000035,2026-04-11,1.0,0.0,Changed Mind,Completed
RET00000457,TXN000000343,TL0000001207,STR0009,SKU0000203,2026-06-10,3.0,0.0,Damaged,Completed
RET00000458,TXN000007823,TL0000027461,STR0015,SKU0000334,2026-06-01,1.0,0.0,Damaged,Completed
RET00000459,TXN000001950,TL0000006808,STR0017,SKU0000169,2026-04-24,1.0,0.0,Changed Mind,Rejected
RET00000460,TXN000000616,TL0000002130,STR0005,SKU0000326,2026-04-10,,0.0,Damaged,Completed
RET00000461,TXN000002574,TL0000008913,STR0005,SKU0000087,2026-05-02,,0.0,Wrong Item,Rejected
RET00000462,TXN000006266,TL0000022037,STR0017,SKU0000327,2026-05-25,,0.0,Price Adjustment,Rejected
RET00000463,TXN000006022,TL0000021183,STR0002,SKU0000507,2026-05-03,1.0,97.98,Damaged,Completed
RET00000464,TXN000000191,TL0000000678,STR0010,SKU0000349,2026-05-11,2.0,0.0,Damaged,Completed
RET00000465,TXN000003303,TL0000011439,STR0017,SKU0000070,2026-05-16,,190.78,Damaged,Pending
RET00000466,TXN000003237,TL0000011204,STR0022,SKU0000483,2026-06-10,,0.0,Wrong Item,Rejected
RET00000467,TXN000004139,TL0000014459,STR0013,SKU0000328,2026-05-30,2.0,0.0,Wrong Item,Completed
RET00000468,TXN000003246,TL0000011227,STR0024,SKU0000431,2026-04-14,1.0,0.0,Wrong Item,Completed
RET00000469,TXN000005637,TL0000019790,STR0010,SKU0000173,2026-04-23,,0.0,Damaged,Rejected
RET00000470,TXN000001063,TL0000003720,STR0016,SKU0000514,2026-04-16,2.0,127.47,Defective,Pending
RET00000471,TXN000004282,TL0000014943,STR0022,SKU0000250,2026-04-23,,0.0,Changed Mind,Completed
RET00000472,TXN000001433,TL0000005006,STR0018,SKU0000535,2026-04-13,1.0,48.55,Defective,Pending
RET00000473,TXN000005062,TL0000017775,STR0021,SKU0000137,2026-05-13,1.0,0.0,Defective,Pending
RET00000474,TXN000000913,TL0000003186,STR0004,SKU0000202,2026-05-15,1.0,0.0,Damaged,Rejected
RET00000475,TXN000003324,TL0000011501,STR0005,SKU0000360,2026-04-11,3.0,0.0,Price Adjustment,Pending
RET00000476,TXN000006722,TL0000023575,STR0007,SKU0000427,2026-06-02,2.0,37.4,Defective,Pending
RET00000477,TXN000004982,TL0000017499,STR0004,SKU0000135,2026-05-14,2.0,0.0,Changed Mind,Rejected
RET00000478,TXN000001866,TL0000006500,STR0008,SKU0000220,2026-04-17,1.0,99.06,Changed Mind,Pending
RET00000479,TXN000005303,TL0000018613,STR0014,SKU0000408,2026-04-21,1.0,0.0,Changed Mind,Pending
RET00000480,TXN000007336,TL0000025683,STR0002,SKU0000021,2026-06-04,,85.94,Defective,Pending
RET00000481,TXN000007426,TL0000025988,STR0017,SKU0000383,2026-04-06,1.0,0.0,Damaged,Completed
RET00000482,TXN000004818,TL0000016871,STR0018,SKU0000154,2026-05-07,1.0,186.38,Price Adjustment,Completed
RET00000483,TXN000006719,TL0000023564,STR0019,SKU0000378,2026-04-24,1.0,0.0,Wrong Item,Completed
RET00000484,TXN000007129,TL0000024943,STR0022,SKU0000143,2026-04-21,1.0,0.0,Price Adjustment,Completed
RET00000485,TXN000002756,TL0000009529,STR0021,SKU0000049,2026-04-12,1.0,0.0,Wrong Item,Pending
RET00000486,TXN000001280,TL0000004442,STR0018,SKU0000415,2026-05-03,1.0,0.0,Changed Mind,Rejected
RET00000487,TXN000001179,TL0000004097,STR0017,SKU0000071,2026-06-09,1.0,42.51,Wrong Item,Rejected
RET00000488,TXN000005522,TL0000019392,STR0025,SKU0000475,2026-05-23,1.0,0.0,Damaged,Pending
RET00000489,TXN000001552,TL0000005406,STR0008,SKU0000461,2026-05-31,1.0,0.0,Wrong Item,Rejected
RET00000490,TXN000001787,TL0000006236,STR0002,SKU0000458,2026-06-10,2.0,0.0,Changed Mind,Completed
RET00000491,TXN000001199,TL0000004156,STR0006,SKU0000114,2026-04-24,1.0,0.0,Changed Mind,Completed
RET00000492,TXN000007378,TL0000025829,STR0019,SKU0000433,2026-05-21,,0.0,Damaged,Completed
RET00000493,TXN000006542,TL0000022953,STR0008,SKU0000565,2026-05-12,1.0,0.0,Wrong Item,Rejected
RET00000494,TXN000001998,TL0000006977,STR0009,SKU0000353,2026-06-07,3.0,0.0,Defective,Pending
RET00000495,TXN000000603,TL0000002082,STR0004,SKU0000464,2026-05-14,2.0,46.54,Wrong Item,Completed
RET00000496,TXN000005282,TL0000018531,STR0014,SKU0000348,2026-04-15,2.0,0.0,Price Adjustment,Completed
RET00000497,TXN000000051,TL0000000153,STR0021,SKU0000060,2026-05-29,,114.89,Changed Mind,Completed
RET00000498,TXN000006719,TL0000023561,STR0020,SKU0000378,2026-05-28,3.0,0.0,Defective,Completed
RET00000499,TXN000004704,TL0000016445,STR0017,SKU0000525,2026-04-30,1.0,85.85,Defective,Completed
RET00000500,TXN000005939,TL0000020868,STR0009,SKU0000407,2026-05-06,,0.0,Price Adjustment,Pending
RET00000501,TXN000004510,TL0000015757,STR0001,SKU0000118,2026-04-19,1.0,0.0,Defective,Rejected
RET00000502,TXN000001866,TL0000006503,STR0007,SKU0000239,2026-05-08,1.0,0.0,Damaged,Completed
RET00000503,TXN000007445,TL0000026059,STR0018,SKU0000380,2026-04-16,1.0,0.0,Wrong Item,Pending
RET00000504,TXN000005664,TL0000019893,STR0019,SKU0000155,2026-04-30,2.0,0.0,Damaged,Completed
RET00000505,TXN000006411,TL0000022517,STR0001,SKU0000322,2026-04-26,1.0,197.87,Price Adjustment,Rejected
RET00000506,TXN000004301,TL0000015004,STR0023,SKU0000552,2026-04-17,1.0,0.0,Changed Mind,Pending
RET00000507,TXN000000695,TL0000002417,STR0023,SKU0000364,2026-05-12,2.0,34.4,Wrong Item,Rejected
RET00000508,TXN000005957,TL0000020924,STR0009,SKU0000159,2026-05-24,3.0,0.0,Price Adjustment,Completed
RET00000509,TXN000002708,TL0000009355,STR0011,SKU0000019,2026-04-14,1.0,0.0,Price Adjustment,Completed
RET00000510,TXN000004812,TL0000016852,STR0013,SKU0000490,2026-05-01,1.0,85.98,Defective,Pending
RET00000511,TXN000003205,TL0000011087,STR0008,SKU0000545,2026-04-26,,0.0,Defective,Completed
RET00000512,TXN000007057,TL0000024682,STR0024,SKU0000188,2026-04-27,,0.0,Price Adjustment,Rejected
RET00000513,TXN000003042,TL0000010538,STR0009,SKU0000098,2026-06-05,2.0,0.0,Defective,Completed
RET00000514,TXN000000120,TL0000000413,STR0024,SKU0000382,2026-04-05,1.0,0.0,Changed Mind,Completed
RET00000515,TXN000001616,TL0000005651,STR0019,SKU0000252,2026-06-07,,0.0,Defective,Completed
RET00000516,TXN000002462,TL0000008528,STR0009,SKU0000157,2026-04-05,3.0,0.0,Wrong Item,Completed
RET00000517,TXN000007841,TL0000027523,STR0004,SKU0000535,2026-04-12,1.0,67.51,Wrong Item,Completed
RET00000518,TXN000000798,TL0000002772,STR0015,SKU0000359,2026-05-25,2.0,104.06,Price Adjustment,Completed
RET00000519,TXN000006318,TL0000022215,STR0005,SKU0000259,2026-04-09,1.0,0.0,Wrong Item,Rejected
RET00000520,TXN000000345,TL0000001216,STR0012,SKU0000350,2026-05-27,1.0,0.0,Damaged,Completed
RET00000521,TXN000004701,TL0000016434,STR0018,SKU0000213,2026-04-08,1.0,137.38,Defective,Rejected
RET00000522,TXN000005226,TL0000018353,STR0014,SKU0000385,2026-05-06,,0.0,Damaged,Completed
RET00000523,TXN000002576,TL0000008925,STR0012,SKU0000109,2026-06-04,1.0,44.36,Price Adjustment,Rejected
RET00000524,TXN000002644,TL0000009161,STR0009,SKU0000527,2026-05-03,3.0,0.0,Changed Mind,Rejected
RET00000525,TXN000007702,TL0000026991,STR0013,SKU0000483,2026-05-19,,0.0,Changed Mind,Rejected
RET00000526,TXN000000412,TL0000001432,STR0010,SKU0000302,2026-04-10,2.0,0.0,Price Adjustment,Completed
RET00000527,TXN000004720,TL0000016497,STR0025,SKU0000215,2026-06-01,2.0,0.0,Changed Mind,Completed
RET00000528,TXN000004032,TL0000014071,STR0016,SKU0000192,2026-05-28,1.0,0.0,Changed Mind,Completed
RET00000529,TXN000003937,TL0000013724,STR0019,SKU0000510,2026-05-29,,0.0,Wrong Item,Completed
RET00000530,TXN000007577,TL0000026562,STR0013,SKU0000323,2026-05-10,,0.0,Changed Mind,Completed
RET00000531,TXN000004080,TL0000014252,STR0003,SKU0000364,2026-06-01,1.0,90.12,Price Adjustment,Completed
RET00000532,TXN000006043,TL0000021261,STR0012,SKU0000346,2026-05-28,2.0,0.0,Defective,Pending
RET00000533,TXN000006298,TL0000022144,STR0013,SKU0000094,2026-05-15,,0.0,Wrong Item,Rejected
RET00000534,TXN000000619,TL0000002137,STR0003,SKU0000520,2026-04-18,,0.0,Changed Mind,Pending
RET00000535,TXN000001811,TL0000006316,STR0018,SKU0000256,2026-04-28,,134.6,Changed Mind,Rejected
RET00000536,TXN000003805,TL0000013252,STR0008,SKU0000282,2026-04-06,2.0,0.0,Changed Mind,Completed
RET00000537,TXN000003249,TL0000011238,STR0009,SKU0000352,2026-04-12,,0.0,Damaged,Pending
RET00000538,TXN000002049,TL0000007140,STR0018,SKU0000462,2026-05-27,1.0,0.0,Changed Mind,Rejected
RET00000539,TXN000004848,TL0000016996,STR0020,SKU0000312,2026-04-23,3.0,0.0,Wrong Item,Rejected
RET00000540,TXN000007599,TL0000026646,STR0012,SKU0000149,2026-05-05,1.0,96.96,Changed Mind,Rejected
RET00000541,TXN000004692,TL0000016406,STR0022,SKU0000244,2026-05-22,,0.0,Wrong Item,Pending
RET00000542,TXN000007308,TL0000025577,STR0009,SKU0000365,2026-04-28,1.0,151.35,Changed Mind,Pending
RET00000543,TXN000004922,TL0000017273,STR0017,SKU0000302,2026-06-08,1.0,0.0,Changed Mind,Rejected
RET00000544,TXN000005712,TL0000020080,STR0017,SKU0000526,2026-05-08,2.0,0.0,Changed Mind,Rejected
RET00000545,TXN000003877,TL0000013524,STR0002,SKU0000397,2026-04-08,,29.26,Damaged,Completed
RET00000546,TXN000003756,TL0000013066,STR0018,SKU0000556,2026-05-18,2.0,0.0,Changed Mind,Completed
RET00000547,TXN000002457,TL0000008512,STR0024,SKU0000005,2026-04-30,1.0,0.0,Defective,Completed
RET00000548,TXN000007153,TL0000025028,STR0009,SKU0000189,2026-04-10,2.0,98.93,Changed Mind,Completed
RET00000549,TXN000003448,TL0000011994,STR0024,SKU0000570,2026-05-28,3.0,131.05,Price Adjustment,Pending
RET00000550,TXN000002448,TL0000008485,STR0002,SKU0000160,2026-04-29,1.0,0.0,Defective,Pending
RET00000551,TXN000002885,TL0000009966,STR0014,SKU0000422,2026-05-02,3.0,0.0,Changed Mind,Completed
RET00000552,TXN000000430,TL0000001501,STR0001,SKU0000211,2026-04-19,,149.47,Defective,Completed
RET00000553,TXN000007529,TL0000026374,STR0019,SKU0000466,2026-05-11,2.0,0.0,Changed Mind,Rejected
RET00000554,TXN000001803,TL0000006292,STR0019,SKU0000548,2026-05-21,3.0,0.0,Changed Mind,Completed
RET00000555,TXN000003757,TL0000013072,STR0006,SKU0000197,2026-05-11,,147.84,Changed Mind,Completed
RET00000556,TXN000000891,TL0000003105,STR0002,SKU0000566,2026-06-03,1.0,0.0,Defective,Rejected
RET00000557,TXN000003409,TL0000011842,STR0011,SKU0000440,2026-04-09,,147.76,Price Adjustment,Completed
RET00000558,TXN000006567,TL0000023027,STR0009,SKU0000223,2026-05-07,1.0,0.0,Defective,Rejected
RET00000559,TXN000007072,TL0000024738,STR0024,SKU0000322,2026-04-12,2.0,0.0,Wrong Item,Completed
RET00000560,TXN000004598,TL0000016073,STR0020,SKU0000396,2026-05-30,2.0,0.0,Changed Mind,Pending
RET00000561,TXN000003967,TL0000013816,STR0022,SKU0000399,2026-04-09,2.0,0.0,Changed Mind,Completed
RET00000562,TXN000000674,TL0000002334,STR0003,SKU0000433,2026-05-14,2.0,0.0,Price Adjustment,Pending
RET00000563,TXN000006769,TL0000023727,STR0020,SKU0000365,2026-05-05,1.0,0.0,Price Adjustment,Pending
RET00000564,TXN000001508,TL0000005247,STR0017,SKU0000540,2026-06-07,,156.7,Price Adjustment,Completed
RET00000565,TXN000006186,TL0000021768,STR0005,SKU0000125,2026-06-07,2.0,0.0,Changed Mind,Completed
RET00000566,TXN_UNKNOWN,TL0000012011,STR0021,SKU0000321,2026-05-04,3.0,0.0,Changed Mind,Rejected
RET00000567,TXN000007929,TL0000027819,STR0013,SKU0000062,2026-06-08,1.0,0.0,Damaged,Pending
RET00000568,TXN000000492,TL0000001704,STR0013,SKU0000438,2026-05-26,,46.65,Wrong Item,Completed
RET00000569,TXN000007893,TL0000027690,STR0025,SKU0000262,2026-05-03,3.0,64.61,Price Adjustment,Rejected
RET00000570,TXN000001905,TL0000006639,STR0015,SKU0000535,2026-05-02,2.0,0.0,Wrong Item,Rejected
RET00000571,TXN000006635,TL0000023265,STR0008,SKU0000539,2026-04-29,,0.0,Changed Mind,Completed
RET00000572,TXN_UNKNOWN,TL0000014617,STR0013,SKU0000526,2026-06-07,3.0,14.23,Damaged,Pending
RET00000573,TXN000004469,TL0000015612,STR0016,SKU0000073,2026-05-13,2.0,0.0,Price Adjustment,Pending
RET00000574,TXN000000862,TL0000002994,STR0011,SKU0000425,2026-05-14,3.0,89.81,Wrong Item,Rejected
RET00000575,TXN000001561,TL0000005441,STR0006,SKU0000177,2026-05-10,,65.1,Changed Mind,Pending
RET00000576,TXN000006420,TL0000022547,STR0012,SKU0000377,2026-05-14,1.0,0.0,Defective,Completed
RET00000577,TXN000003832,TL0000013357,STR0007,SKU0000031,2026-04-22,,0.0,Price Adjustment,Rejected
RET00000578,TXN000003626,TL0000012627,STR0003,SKU0000057,2026-04-13,,0.0,Defective,Completed
RET00000579,TXN000000306,TL0000001057,STR0018,SKU0000005,2026-04-19,,0.0,Defective,Completed
RET00000580,TXN000005983,TL0000021023,STR0020,SKU0000556,2026-05-07,3.0,0.0,Price Adjustment,Completed
RET00000581,TXN000001954,TL0000006826,STR0009,SKU0000301,2026-04-23,3.0,20.67,Wrong Item,Completed
RET00000582,TXN000007270,TL0000025433,STR0023,SKU0000157,2026-04-27,3.0,0.0,Wrong Item,Rejected
RET00000583,TXN000001506,TL0000005242,STR0014,SKU0000508,2026-05-11,1.0,0.0,Wrong Item,Completed
RET00000584,TXN000004171,TL0000014564,STR0007,SKU0000022,2026-04-14,3.0,0.0,Wrong Item,Rejected
RET00000585,TXN000003364,TL0000011667,STR0012,SKU0000186,2026-05-29,1.0,2.34,Wrong Item,Completed
RET00000586,TXN000001735,TL0000006069,STR0008,SKU0000277,2026-04-24,,0.0,Defective,Completed
RET00000587,TXN000003488,TL0000012126,STR0007,SKU0000498,2026-05-20,1.0,167.27,Wrong Item,Rejected
RET00000588,TXN000005641,TL0000019807,STR0025,SKU0000119,2026-05-29,3.0,20.44,Damaged,Rejected
RET00000589,TXN000001804,TL0000006294,STR0004,SKU0000259,2026-04-13,1.0,94.41,Defective,Completed
RET00000590,TXN000001941,TL0000006771,STR0001,SKU0000355,2026-06-05,1.0,51.75,Price Adjustment,Rejected
RET00000591,TXN000003434,TL0000011944,STR0002,SKU0000413,2026-04-11,1.0,0.0,Damaged,Pending
RET00000592,TXN000007385,TL0000025850,STR0022,SKU0000262,2026-05-01,,0.0,Changed Mind,Rejected
RET00000593,TXN000007846,TL0000027544,STR0008,SKU0000323,2026-04-11,3.0,0.0,Wrong Item,Pending
RET00000594,TXN000001906,TL0000006644,STR0007,SKU0000128,2026-04-06,3.0,0.0,Changed Mind,Completed
RET00000595,TXN000003312,TL0000011467,STR0021,SKU0000497,2026-05-17,2.0,0.0,Defective,Completed
RET00000596,TXN000000073,TL0000000233,STR0021,SKU0000498,2026-04-25,2.0,197.57,Defective,Completed
RET00000597,TXN000001447,TL0000005045,STR0004,SKU0000194,2026-04-16,2.0,77.59,Wrong Item,Completed
RET00000598,TXN000006565,TL0000023023,STR0021,SKU0000501,2026-06-02,,0.0,Wrong Item,Pending
RET00000599,TXN000000502,TL0000001740,STR0022,SKU0000164,2026-06-08,2.0,0.0,Damaged,Pending
RET00000600,TXN000000992,TL0000003453,STR0022,SKU0000485,2026-04-22,1.0,0.0,Price Adjustment,Rejected
