customer_id,customer_name,segment,city,state,region,signup_date,credit_class,autopay_flag,active_flag
CUST0000001,Urban Homes 1,Municipal,Phoenix,AZ,West,2025-09-06,B,Yes,N
CUST0000002,Green Manufacturing 2,Industrial,Austin,TX,South,2023-05-12,A,Y,N
CUST0000003,Sunrise Manufacturing 3,,Denver,CO,West,2022-07-28,A,N,Y
CUST0000004,North Manufacturing 4,,Denver,CO,West,2019-07-13,A,0,Y
CUST0000005,Green Retail 5,Municipal,Denver,CO,West,01/10/2021,C,No,Y
CUST0000006,Blue Retail 6,Commercial,Seattle,WA,West,2020/12/25,A,Yes,Y
CUST0000007,Ever Foods 7,Industrial,Austin,TX,South,11/09/2018,D,N,Y
CUST0000008,Prime Manufacturing 8,Commercial,Dallas,TX,South,2022-08-11,D,Y,N
CUST0000009,Green Labs 9,,Phoenix,AZ,West,06/23/2020,B,1,Y
CUST0000010,Green Manufacturing 10,Municipal,Dallas,TX,South,2021-06-22,A,0,Y
CUST0000011,Green Homes 11,Commercial,Dallas,TX,South,2022/07/28,D,0,Y
CUST0000012,Green Schools 12,,Albany,NY,Northeast,2021-04-02,B,N,Y
CUST0000013,North Services 13,Municipal,Chicago,IL,Midwest,2023-05-12,B,1,Y
CUST0000014,Prime Properties 14,Industrial,Denver,CO,West,10/18/2019,D,0,Y
CUST0000015,Ever Labs 15,Commercial,Austin,TX,South,2021-07-01,B,Y,True
CUST0000016,Green Schools 16,Commercial,Austin,TX,South,2020/01/15,D,N,Y
CUST0000017,Blue Services 17,Commercial,Atlanta,GA,South,2019/07/06,B,1,N
CUST0000018,Green Properties 18,Commercial,Springfield,IL,Midwest,02/01/2026,a,0,Y
CUST0000019,Prime Homes 19,,Denver,CO,West,10/05/2024,D,Yes,Y
CUST0000020,Green Retail 20,Commercial,Atlanta,GA,South,2018/03/10,C,1,Y
CUST0000021,Green Manufacturing 21,Municipal,Chicago,IL,Midwest,03/18/2019,a,Y,Y
CUST0000022,Sunrise Services 22,,Seattle,WA,West,2021/05/07,B,1,N
CUST0000023,Blue Foods 23,Municipal,Atlanta,GA,South,10/11/2022,D,Yes,N
CUST0000024,Ever Properties 24,Residential,Albany,NY,Northeast,2025-12-17,a,No,N
CUST0000025,Metro Properties 25,Municipal,Denver,CO,West,2023-12-16,B,N,Y
CUST0000026,Urban Services 26,Industrial,Atlanta,GA,South,2022/05/15,C,Y,True
CUST0000027,Green Retail 27,Municipal,Seattle,WA,West,2023-12-15,A,N,Y
CUST0000028,Prime Services 28,Municipal,Denver,CO,West,2023-03-31,D,N,Y
CUST0000029,Sunrise Labs 29,Commercial,Atlanta,GA,South,2020/12/25,B,Y,N
CUST0000030,Sunrise Homes 30,Municipal,Dallas,TX,South,03/27/2022,C,Y,Y
CUST0000031,Urban Services 31,Residential,Springfield,IL,Midwest,10/11/2023,a,0,Y
CUST0000032,Prime Properties 32,Residential,Phoenix,AZ,West,2023-02-27,D,Y,Y
CUST0000033,Blue Retail 33,Residential,Dallas,TX,South,2025/04/01,a,1,Y
CUST0000034,Metro Manufacturing 34,Residential,Austin,TX,South,03/31/2025,B,1,Y
CUST0000035,Ever Services 35,,Denver,CO,West,2018/06/14,C,1,True
CUST0000036,Urban Retail 36,Municipal,Denver,CO,West,05/05/2023,a,1,Y
CUST0000037,North Schools 37,Commercial,Chicago,IL,Midwest,2024-05-14,C,1,Y
CUST0000038,Blue Retail 38,Municipal,Phoenix,AZ,West,12/01/2022,B,0,Y
CUST0000039,Blue Retail 39,Residential,Albany,NY,Northeast,2018/03/21,B,Y,N
CUST0000040,Sunrise Services 40,Industrial,Seattle,WA,West,03/26/2023,a,No,True
CUST0000041,Ever Retail 41,,Boston,MA,Northeast,2024/03/05,A,Y,N
CUST0000042,Green Homes 42,Commercial,Springfield,IL,Midwest,04/22/2020,D,N,Y
CUST0000043,Sunrise Manufacturing 43,,Denver,CO,West,2020/06/22,a,1,Y
CUST0000044,Urban Schools 44,Residential,Springfield,IL,Midwest,07/31/2023,B,0,Y
CUST0000045,Green Homes 45,Commercial,Austin,TX,South,08/31/2020,a,Yes,Y
CUST0000046,Sunrise Retail 46,Commercial,Albany,NY,Northeast,2023-03-11,a,0,True
CUST0000047,Prime Labs 47,Residential,Seattle,WA,West,2024/09/23,D,No,Y
CUST0000048,North Schools 48,Commercial,Seattle,WA,West,2023/07/28,D,1,Y
CUST0000049,Green Services 49,,Boston,MA,Northeast,2021/01/24,a,0,Y
CUST0000050,North Homes 50,,Denver,CO,West,01/24/2020,C,0,Y
CUST0000051,North Retail 51,Residential,Dallas,TX,South,2023-07-02,B,0,N
CUST0000052,Sunrise Services 52,Residential,Springfield,IL,Midwest,2019/01/03,A,1,Y
CUST0000053,Urban Foods 53,Commercial,Boston,MA,Northeast,05/19/2024,C,No,Y
CUST0000054,Green Foods 54,Municipal,Dallas,TX,South,12/09/2018,D,Y,True
CUST0000055,Ever Schools 55,,Springfield,IL,Midwest,2022-06-04,C,No,Y
CUST0000056,Blue Retail 56,,Denver,CO,West,2022/12/31,A,No,N
CUST0000057,Prime Properties 57,Commercial,Denver,CO,West,06/08/2018,a,N,Y
CUST0000058,Ever Manufacturing 58,,Springfield,IL,Midwest,06/24/2022,B,0,Y
CUST0000059,Green Schools 59,,Boston,MA,Northeast,2020-09-26,B,Yes,True
CUST0000060,Blue Labs 60,,Denver,CO,West,2022-11-28,C,No,Y
CUST0000061,Ever Services 61,Industrial,Phoenix,AZ,West,06/26/2018,a,1,Y
CUST0000062,Sunrise Labs 62,Commercial,Albany,NY,Northeast,07/29/2018,a,Yes,N
CUST0000063,Ever Properties 63,Municipal,Albany,NY,Northeast,2020-07-23,C,0,N
CUST0000064,Green Services 64,,Seattle,WA,West,2018/03/22,B,Yes,Y
CUST0000065,Metro Properties 65,Industrial,Denver,CO,West,09/16/2018,D,Y,Y
CUST0000066,Sunrise Manufacturing 66,Commercial,Seattle,WA,West,2023-04-24,a,No,N
CUST0000067,Metro Properties 67,Commercial,Denver,CO,West,2019-04-03,B,0,Y
CUST0000068,Blue Foods 68,Municipal,albany,NY,Northeast,2023-07-05,D,Yes,True
CUST0000069,Urban Foods 69,,Phoenix,AZ,West,2019/10/22,A,Yes,N
CUST0000070,Prime Properties 70,Industrial,Boston,MA,Northeast,2024/12/21,B,Y,Y
CUST0000071,Blue Homes 71,Municipal,Phoenix,AZ,West,10/18/2025,a,N,Y
CUST0000072,Metro Labs 72,Commercial,Seattle,WA,West,12/29/2020,D,Y,Y
CUST0000073,Urban Schools 73,Residential,Chicago,IL,Midwest,2021/08/06,A,N,Y
CUST0000074,Sunrise Foods 74,Municipal,Boston,MA,Northeast,2018-05-17,C,Y,N
CUST0000075,Prime Labs 75,Industrial,Boston,MA,Northeast,2021/05/23,a,Yes,True
CUST0000076,Metro Services 76,,Albany,NY,Northeast,2025/10/29,D,Y,N
CUST0000077,Green Foods 77,Commercial,Springfield,IL,Midwest,2021-09-15,B,N,N
CUST0000078,Green Schools 78,,Seattle,WA,West,2019-05-31,A,1,Y
CUST0000079,Prime Schools 79,Residential,Dallas,TX,South,2021-03-11,C,1,Y
CUST0000080,Ever Labs 80,,Seattle,WA,West,2019-02-28,B,No,True
CUST0000081,Ever Properties 81,Municipal,Springfield,IL,Midwest,02/18/2025,B,0,Y
CUST0000082,Sunrise Manufacturing 82,Municipal,albany,NY,Northeast,03/22/2025,A,Y,True
CUST0000083,Urban Services 83,Industrial,Springfield,IL,Midwest,01/15/2020,A,N,Y
CUST0000084,Metro Schools 84,Residential,Phoenix,AZ,West,03/28/2018,B,Y,Y
CUST0000085,Blue Foods 85,Commercial,Boston,MA,Northeast,2018/05/06,a,No,Y
CUST0000086,Sunrise Services 86,Residential,Dallas,TX,South,10/08/2021,C,1,Y
CUST0000087,Green Labs 87,Commercial,Denver,CO,West,01/21/2024,a,Y,Y
CUST0000088,North Labs 88,Residential,Boston,MA,Northeast,2020/05/07,a,Yes,Y
CUST0000089,Blue Homes 89,,Denver,CO,West,2021-06-30,a,0,True
CUST0000090,Sunrise Retail 90,,Atlanta,GA,South,11/05/2018,C,0,Y
CUST0000091,Green Retail 91,Residential,Seattle,WA,West,01/22/2026,D,Yes,True
CUST0000092,Green Schools 92,Municipal,Seattle,WA,West,06/08/2019,B,No,Y
CUST0000093,Metro Properties 93,Industrial,Boston,MA,Northeast,2025-10-27,D,1,True
CUST0000094,Prime Labs 94,,Atlanta,GA,South,10/24/2021,A,No,Y
CUST0000095,Metro Homes 95,,Denver,CO,West,2022/02/22,B,No,Y
CUST0000096,Blue Foods 96,Municipal,Boston,MA,Northeast,11/09/2020,D,0,Y
CUST0000097,North Services 97,Residential,Seattle,WA,West,2024/08/14,A,No,True
CUST0000098,Ever Properties 98,,Austin,TX,South,2023-01-26,A,Y,N
CUST0000099,Blue Schools 99,Industrial,Phoenix,AZ,West,10/10/2020,a,Y,True
CUST0000100,Blue Schools 100,Residential,Chicago,IL,Midwest,03/12/2020,D,Yes,N
CUST0000101,Green Properties 101,Commercial,Seattle,WA,West,2024/09/23,A,Yes,True
CUST0000102,Prime Properties 102,Commercial,Atlanta,GA,South,2023/08/29,C,Y,N
CUST0000103,North Services 103,Industrial,Atlanta,GA,South,09/13/2024,B,No,True
CUST0000104,Urban Schools 104,,Atlanta,GA,South,04/03/2024,B,No,Y
CUST0000105,Ever Properties 105,Industrial,Dallas,TX,South,2022-06-18,D,Y,Y
CUST0000106,Prime Services 106,Commercial,Albany,NY,Northeast,2023-08-22,C,1,Y
CUST0000107,Prime Services 107,,Chicago,IL,Midwest,07/03/2022,C,Y,Y
CUST0000108,Green Properties 108,Commercial,Atlanta,GA,South,04/13/2024,C,N,Y
CUST0000109,Prime Manufacturing 109,Residential,Denver,CO,West,11/30/2019,D,0,Y
CUST0000110,North Manufacturing 110,Industrial,Denver,CO,West,04/16/2018,D,1,Y
CUST0000111,Prime Schools 111,Residential,Albany,NY,Northeast,2022/08/31,A,Yes,Y
CUST0000112,North Properties 112,,Austin,TX,South,2024-08-19,C,Yes,True
CUST0000113,Metro Manufacturing 113,,Dallas,TX,South,08/19/2022,C,No,Y
CUST0000114,Sunrise Homes 114,Industrial,Springfield,IL,Midwest,2021-01-03,D,No,N
CUST0000115,Metro Homes 115,,Dallas,TX,South,2022-03-30,A,No,Y
CUST0000116,Sunrise Retail 116,Municipal,Springfield,IL,Midwest,2018-06-12,D,0,Y
CUST0000117,Blue Services 117,Residential,Albany,NY,Northeast,01/02/2020,A,N,Y
CUST0000118,Blue Labs 118,Industrial,Boston,MA,Northeast,2023-02-14,C,No,N
CUST0000119,North Properties 119,Industrial,Phoenix,AZ,West,2020/09/28,D,No,Y
CUST0000120,Ever Homes 120,Commercial,Denver,CO,West,2018-10-11,a,Y,N
CUST0000121,Blue Schools 121,Residential,Springfield,IL,Midwest,2023/05/04,D,N,Y
CUST0000122,Metro Schools 122,Commercial,Seattle,WA,West,2023-06-08,D,0,True
CUST0000123,North Services 123,Residential,Dallas,TX,South,2024/09/23,C,N,Y
CUST0000124,Blue Retail 124,Industrial,Atlanta,GA,South,2022/05/08,A,Yes,Y
CUST0000125,Prime Schools 125,Residential,Seattle,WA,West,2024-01-02,a,0,Y
CUST0000126,Blue Homes 126,,Albany,NY,Northeast,2019-11-01,a,Yes,Y
CUST0000127,Prime Labs 127,,Atlanta,GA,South,2024/08/17,C,Yes,Y
CUST0000128,North Retail 128,Industrial,Springfield,IL,Midwest,12/10/2023,A,0,Y
CUST0000129,Blue Manufacturing 129,Commercial,Austin,TX,South,2022-01-03,A,1,Y
CUST0000130,Green Retail 130,,Atlanta,GA,South,10/23/2024,B,1,True
CUST0000131,North Foods 131,Residential,Albany,NY,Northeast,2019/01/31,a,0,Y
CUST0000132,Blue Retail 132,Municipal,Denver,CO,West,2023/03/07,a,Y,Y
CUST0000133,Green Manufacturing 133,Commercial,Springfield,IL,Midwest,09/22/2022,A,N,N
CUST0000134,Prime Schools 134,Commercial,Denver,CO,West,2022-04-19,B,0,Y
CUST0000135,Prime Homes 135,Residential,Dallas,TX,South,2025/07/12,D,Y,Y
CUST0000136,North Schools 136,Commercial,Denver,CO,West,2019-10-23,D,0,Y
CUST0000137,Ever Retail 137,Industrial,Springfield,IL,Midwest,2025-08-29,A,Y,Y
CUST0000138,Prime Labs 138,,Chicago,IL,Midwest,06/15/2019,D,Y,Y
CUST0000139,Ever Properties 139,Residential,Springfield,IL,Midwest,08/16/2019,A,No,True
CUST0000140,Ever Labs 140,Commercial,Springfield,IL,Midwest,2019-12-26,A,No,N
CUST0000141,Sunrise Foods 141,Residential,Seattle,WA,West,04/26/2021,A,No,True
CUST0000142,Metro Schools 142,,Springfield,IL,Midwest,2024/06/01,D,N,Y
CUST0000143,Urban Properties 143,Commercial,Phoenix,AZ,West,06/02/2019,B,No,Y
CUST0000144,Prime Retail 144,Residential,Denver,CO,West,2019/01/11,C,Yes,Y
CUST0000145,Metro Homes 145,Industrial,Chicago,IL,Midwest,2024/11/14,B,N,True
CUST0000146,Urban Services 146,,Springfield,IL,Midwest,2018/08/13,B,Yes,Y
CUST0000147,Blue Retail 147,Commercial,Boston,MA,Northeast,2019-03-16,D,Y,Y
CUST0000148,Sunrise Manufacturing 148,Municipal,Boston,MA,Northeast,2021/11/05,a,0,N
CUST0000149,Blue Properties 149,Residential,Springfield,IL,Midwest,12/22/2025,A,0,Y
CUST0000150,Metro Labs 150,Residential,Chicago,IL,Midwest,01/10/2019,B,Yes,Y
CUST0000151,Metro Homes 151,Residential,Phoenix,AZ,West,2020/03/16,a,1,N
CUST0000152,Sunrise Foods 152,Municipal,Phoenix,AZ,West,03/02/2023,D,N,True
CUST0000153,Green Properties 153,Industrial,Albany,NY,Northeast,06/13/2020,a,Y,Y
CUST0000154,Green Homes 154,Commercial,Dallas,TX,South,2019/02/28,a,0,N
CUST0000155,Urban Services 155,,Atlanta,GA,South,2023/10/04,D,0,N
CUST0000156,Green Properties 156,Residential,Boston,MA,Northeast,2025/11/08,a,0,True
CUST0000157,Sunrise Labs 157,Residential,Atlanta,GA,South,2023/12/09,B,No,Y
CUST0000158,Sunrise Labs 158,Commercial,Springfield,IL,Midwest,07/30/2019,B,N,Y
CUST0000159,Sunrise Properties 159,Municipal,Albany,NY,Northeast,2020-12-05,a,1,True
CUST0000160,Urban Homes 160,Industrial,Chicago,IL,Midwest,11/17/2021,A,N,Y
CUST0000161,Prime Properties 161,Residential,Dallas,TX,South,2018/07/02,A,N,Y
CUST0000162,Blue Manufacturing 162,Residential,Austin,TX,South,12/11/2025,D,Y,Y
CUST0000163,Metro Labs 163,Residential,Boston,MA,Northeast,2020/06/02,D,Yes,N
CUST0000164,Ever Labs 164,,Springfield,IL,Midwest,2021/09/19,D,Y,Y
CUST0000165,Blue Foods 165,Commercial,Austin,TX,South,2021-03-04,a,N,Y
CUST0000166,Urban Foods 166,,Chicago,IL,Midwest,2023-08-02,A,Y,N
CUST0000167,Blue Services 167,Residential,Seattle,WA,West,2021/10/02,B,1,Y
CUST0000168,Metro Manufacturing 168,Municipal,Chicago,IL,Midwest,2021-05-09,A,Yes,N
CUST0000169,Urban Services 169,Industrial,Chicago,IL,Midwest,09/28/2021,C,N,N
CUST0000170,Prime Manufacturing 170,Industrial,Chicago,IL,Midwest,2018-06-16,a,1,Y
CUST0000171,Ever Services 171,Municipal,Austin,TX,South,2018/02/22,D,No,Y
CUST0000172,Ever Labs 172,Municipal,Seattle,WA,West,01/23/2023,B,Yes,N
CUST0000173,Blue Foods 173,Industrial,Atlanta,GA,South,2025-01-05,a,Y,Y
CUST0000174,Prime Homes 174,Municipal,Springfield,IL,Midwest,2019-06-16,a,No,Y
CUST0000175,North Labs 175,Residential,Atlanta,GA,South,2022-07-30,D,Y,Y
CUST0000176,Blue Manufacturing 176,Residential,Phoenix,AZ,West,2021/10/15,D,1,True
CUST0000177,Blue Retail 177,Industrial,Austin,TX,South,2025/01/30,B,0,Y
CUST0000178,North Schools 178,Industrial,Boston,MA,Northeast,2018/12/05,C,No,Y
CUST0000179,Blue Retail 179,Industrial,Atlanta,GA,South,2021/10/14,D,Yes,Y
CUST0000180,Green Retail 180,Industrial,Springfield,IL,Midwest,12/03/2025,D,Yes,N
CUST0000181,Urban Manufacturing 181,Commercial,Atlanta,GA,South,02/25/2022,C,No,Y
CUST0000182,Sunrise Manufacturing 182,Industrial,Dallas,TX,South,2024/01/12,D,0,Y
CUST0000183,Metro Labs 183,Industrial,Atlanta,GA,South,01/13/2025,A,Y,Y
CUST0000184,Urban Properties 184,Industrial,Denver,CO,West,10/21/2025,a,0,True
CUST0000185,Ever Services 185,Industrial,Denver,CO,West,03/25/2021,C,Y,Y
CUST0000186,Ever Homes 186,,Boston,MA,Northeast,2019-10-19,B,0,Y
CUST0000187,Metro Homes 187,Residential,Chicago,IL,Midwest,03/26/2018,C,N,N
CUST0000188,Blue Properties 188,Municipal,Dallas,TX,South,2022-08-24,D,Y,Y
CUST0000189,Metro Services 189,Commercial,Springfield,IL,Midwest,2019-12-28,A,1,Y
CUST0000190,Urban Labs 190,Industrial,Austin,TX,South,2025-08-31,B,0,Y
CUST0000191,Blue Foods 191,Commercial,Boston,MA,Northeast,2023/11/01,B,Yes,Y
CUST0000192,Ever Labs 192,Municipal,Dallas,TX,South,01/04/2020,C,No,Y
CUST0000193,Ever Homes 193,Residential,Seattle,WA,West,2022/04/01,a,1,Y
CUST0000194,Urban Services 194,Residential,Austin,TX,South,2023/03/20,a,Yes,Y
CUST0000195,Sunrise Properties 195,Municipal,Austin,TX,South,2025/08/22,A,1,True
CUST0000196,Sunrise Properties 196,Commercial,Boston,MA,Northeast,2024-05-30,C,N,Y
CUST0000197,North Properties 197,,Albany,NY,Northeast,2019/07/21,B,0,True
CUST0000198,Urban Properties 198,Industrial,Austin,TX,South,2021-04-24,a,No,Y
CUST0000199,Sunrise Manufacturing 199,Commercial,Denver,CO,West,12/31/2023,B,1,Y
CUST0000200,North Properties 200,Municipal,Seattle,WA,West,2018/04/20,B,1,Y
CUST0000201,Blue Retail 201,Commercial,Phoenix,AZ,West,06/24/2022,B,0,True
CUST0000202,Prime Labs 202,Municipal,Seattle,WA,West,2018-08-05,a,1,Y
CUST0000203,Sunrise Services 203,Commercial,Chicago,IL,Midwest,08/13/2024,A,N,N
CUST0000204,Blue Foods 204,Residential,Chicago,IL,Midwest,2021/03/17,a,Y,N
CUST0000205,Green Services 205,Residential,Chicago,IL,Midwest,2019/03/06,D,N,N
CUST0000206,Metro Schools 206,Residential,Albany,NY,Northeast,2019-08-25,C,N,N
CUST0000207,Blue Manufacturing 207,Municipal,Austin,TX,South,08/22/2018,C,Yes,True
CUST0000208,Blue Foods 208,Residential,Denver,CO,West,2025/06/12,a,Y,Y
CUST0000209,North Properties 209,Municipal,Austin,TX,South,05/03/2020,D,0,N
CUST0000210,North Properties 210,Commercial,Springfield,IL,Midwest,2025/07/04,a,Y,True
CUST0000211,Urban Homes 211,Industrial,Boston,MA,Northeast,02/24/2025,C,0,True
CUST0000212,Sunrise Schools 212,Industrial,chicago,IL,Midwest,07/09/2022,C,No,Y
CUST0000213,Blue Properties 213,Residential,Seattle,WA,West,2020-10-16,B,N,N
CUST0000214,Blue Manufacturing 214,,Seattle,WA,West,2023-09-15,C,1,Y
CUST0000215,Urban Labs 215,Commercial,Phoenix,AZ,West,07/01/2024,A,No,True
CUST0000216,Metro Schools 216,Municipal,dallas,TX,South,2024/04/11,A,Yes,Y
CUST0000217,Sunrise Services 217,,Denver,CO,West,2023-04-13,D,Y,True
CUST0000218,Sunrise Retail 218,,Chicago,IL,Midwest,2025/05/04,a,N,True
CUST0000219,Ever Manufacturing 219,Residential,Atlanta,GA,South,03/21/2022,A,Y,Y
CUST0000220,Metro Services 220,Residential,Springfield,IL,Midwest,03/21/2025,C,No,N
CUST0000221,Ever Services 221,Commercial,Austin,TX,South,2020/07/15,C,Yes,Y
CUST0000222,North Retail 222,,Atlanta,GA,South,2021/12/05,A,Y,N
CUST0000223,North Schools 223,Commercial,Phoenix,AZ,West,2023-07-23,a,1,Y
CUST0000224,Urban Properties 224,Commercial,Phoenix,AZ,West,11/09/2019,C,Yes,Y
CUST0000225,North Schools 225,Residential,Atlanta,GA,South,2026/02/06,B,Yes,Y
CUST0000226,Urban Schools 226,Industrial,Dallas,TX,South,10/24/2024,a,No,Y
CUST0000227,Metro Retail 227,,Seattle,WA,West,2024/08/20,C,No,Y
CUST0000228,Urban Properties 228,Residential,Albany,NY,Northeast,2020-09-04,B,1,Y
CUST0000229,Ever Retail 229,Residential,Albany,NY,Northeast,2021-04-15,D,Y,Y
CUST0000230,Urban Labs 230,,Austin,TX,South,2021-01-11,A,1,Y
CUST0000231,Blue Retail 231,Commercial,Chicago,IL,Midwest,2025/06/29,a,Y,Y
CUST0000232,North Homes 232,,Denver,CO,West,11/17/2025,D,No,Y
CUST0000233,Metro Properties 233,Commercial,Phoenix,AZ,West,09/26/2024,C,No,Y
CUST0000234,Ever Schools 234,Commercial,Seattle,WA,West,2021-08-29,D,Yes,Y
CUST0000235,Blue Homes 235,Industrial,Springfield,IL,Midwest,04/21/2024,a,No,Y
CUST0000236,Green Services 236,Municipal,Seattle,WA,West,2020/03/08,B,Yes,Y
CUST0000237,Urban Homes 237,Industrial,Dallas,TX,South,2024/03/01,D,Yes,Y
CUST0000238,Ever Services 238,Municipal,Boston,MA,Northeast,2019/02/24,A,No,N
CUST0000239,Sunrise Properties 239,Commercial,Dallas,TX,South,2025/12/04,a,1,N
CUST0000240,Ever Retail 240,Municipal,Atlanta,GA,South,2021-05-03,B,Y,N
CUST0000241,Blue Schools 241,Residential,Seattle,WA,West,07/18/2018,B,1,Y
CUST0000242,Urban Schools 242,,Albany,NY,Northeast,2020/11/01,C,1,N
CUST0000243,North Homes 243,Industrial,Springfield,IL,Midwest,2023/05/24,D,Y,N
CUST0000244,Urban Services 244,Commercial,Chicago,IL,Midwest,09/16/2018,B,N,Y
CUST0000245,Metro Labs 245,,Dallas,TX,South,2023-03-03,C,0,Y
CUST0000246,Blue Services 246,,Springfield,IL,Midwest,05/11/2024,A,N,Y
CUST0000247,Sunrise Homes 247,Commercial,Seattle,WA,West,2019/12/10,A,1,Y
CUST0000248,Urban Retail 248,,Austin,TX,South,12/17/2018,C,Y,Y
CUST0000249,Urban Properties 249,Commercial,Austin,TX,South,2018-04-13,C,0,Y
CUST0000250,Metro Labs 250,Residential,Dallas,TX,South,2023-11-11,B,1,Y
CUST0000251,Ever Properties 251,Municipal,Boston,MA,Northeast,10/13/2021,C,1,Y
CUST0000252,Sunrise Properties 252,Municipal,Springfield,IL,Midwest,2022/02/19,a,1,Y
CUST0000253,Sunrise Manufacturing 253,Residential,Seattle,WA,West,2022-11-20,C,0,Y
CUST0000254,Green Services 254,Municipal,Boston,MA,Northeast,2022/05/11,D,N,Y
CUST0000255,Metro Foods 255,Industrial,Seattle,WA,West,2023-03-12,a,Yes,N
CUST0000256,Prime Properties 256,Municipal,Denver,CO,West,2018/04/23,B,1,Y
CUST0000257,Urban Manufacturing 257,Commercial,Denver,CO,West,2020-10-05,C,0,Y
CUST0000258,Prime Foods 258,,Albany,NY,Northeast,2025-06-09,C,1,Y
CUST0000259,North Retail 259,,Dallas,TX,South,2023/11/22,a,Y,Y
CUST0000260,Ever Properties 260,Industrial,Phoenix,AZ,West,2021/04/03,A,1,True
CUST0000261,Sunrise Foods 261,Municipal,Phoenix,AZ,West,2022/07/06,B,1,Y
CUST0000262,North Foods 262,Industrial,Phoenix,AZ,West,04/15/2023,D,No,N
CUST0000263,North Labs 263,Municipal,Austin,TX,South,2020-11-25,a,0,Y
CUST0000264,Metro Labs 264,Residential,Seattle,WA,West,2018/05/16,B,No,Y
CUST0000265,Metro Foods 265,Municipal,Springfield,IL,Midwest,04/21/2022,D,No,Y
CUST0000266,Ever Properties 266,,Albany,NY,Northeast,2025-12-12,A,No,Y
CUST0000267,Ever Manufacturing 267,Residential,Phoenix,AZ,West,07/16/2023,C,Yes,N
CUST0000268,Urban Manufacturing 268,Commercial,Denver,CO,West,2018-04-18,A,No,Y
CUST0000269,Green Manufacturing 269,,Austin,TX,South,2024/05/14,D,Yes,True
CUST0000270,Blue Foods 270,Residential,Atlanta,GA,South,2021-12-19,B,Y,N
CUST0000271,North Foods 271,Municipal,Dallas,TX,South,2023/06/25,D,1,N
CUST0000272,Sunrise Homes 272,Municipal,Chicago,IL,Midwest,2022-06-02,A,Yes,N
CUST0000273,Green Manufacturing 273,Industrial,Phoenix,AZ,West,2023-10-14,A,Yes,Y
CUST0000274,Green Schools 274,,Atlanta,GA,South,02/25/2026,D,N,True
CUST0000275,Ever Foods 275,Municipal,Atlanta,GA,South,2022/03/30,C,Yes,Y
CUST0000276,Blue Properties 276,,Seattle,WA,West,2019-02-20,a,0,True
CUST0000277,North Retail 277,Residential,Boston,MA,Northeast,2022/02/21,D,0,N
CUST0000278,Metro Manufacturing 278,Industrial,Albany,NY,Northeast,12/03/2022,D,N,Y
CUST0000279,North Homes 279,Residential,Seattle,WA,West,2021/12/22,B,No,N
CUST0000280,North Labs 280,Residential,Springfield,IL,Midwest,01/22/2024,A,No,Y
CUST0000281,North Properties 281,Residential,Austin,TX,South,2026/01/27,B,N,N
CUST0000282,Prime Homes 282,Residential,Seattle,WA,West,05/15/2021,C,Yes,True
CUST0000283,Prime Schools 283,Commercial,Albany,NY,Northeast,2019-04-22,A,1,True
CUST0000284,Green Properties 284,Residential,Springfield,IL,Midwest,01/04/2019,A,No,True
CUST0000285,Blue Homes 285,,Atlanta,GA,South,2020-07-20,A,Yes,True
CUST0000286,Prime Manufacturing 286,Industrial,Boston,MA,Northeast,2021/07/25,C,No,True
CUST0000287,Blue Foods 287,Residential,Chicago,IL,Midwest,2022/09/21,B,1,True
CUST0000288,Metro Retail 288,Industrial,Boston,MA,Northeast,2021-04-12,D,0,Y
CUST0000289,Sunrise Manufacturing 289,Residential,Chicago,IL,Midwest,2023-03-01,B,No,True
CUST0000290,Blue Homes 290,Commercial,Denver,CO,West,01/01/2025,D,No,Y
CUST0000291,Ever Services 291,Municipal,Boston,MA,Northeast,2023/03/09,C,No,Y
CUST0000292,Prime Properties 292,Industrial,Dallas,TX,South,2023/08/09,a,1,True
CUST0000293,Prime Homes 293,Industrial,Albany,NY,Northeast,12/11/2021,a,Y,Y
CUST0000294,Prime Properties 294,Residential,Denver,CO,West,2018-05-10,B,N,Y
CUST0000295,North Labs 295,Commercial,Chicago,IL,Midwest,08/08/2018,A,N,Y
CUST0000296,Green Manufacturing 296,Residential,Dallas,TX,South,2020-10-03,A,0,Y
CUST0000297,Green Services 297,Industrial,Atlanta,GA,South,2019/03/13,a,N,Y
CUST0000298,North Homes 298,Municipal,Seattle,WA,West,2023-05-27,C,0,Y
CUST0000299,Prime Manufacturing 299,Commercial,Dallas,TX,South,2020/03/22,a,N,True
CUST0000300,Blue Foods 300,Industrial,Albany,NY,Northeast,02/19/2026,D,No,True
CUST0000301,Urban Properties 301,Industrial,Chicago,IL,Midwest,12/15/2020,A,N,N
CUST0000302,Sunrise Manufacturing 302,,Denver,CO,West,04/19/2024,a,1,Y
CUST0000303,Prime Properties 303,,Boston,MA,Northeast,03/25/2021,A,Y,Y
CUST0000304,Prime Retail 304,Industrial,Albany,NY,Northeast,2025/07/06,B,Yes,Y
CUST0000305,Sunrise Manufacturing 305,Industrial,Dallas,TX,South,2018-11-16,D,Yes,Y
CUST0000306,Prime Manufacturing 306,Municipal,Chicago,IL,Midwest,04/30/2022,C,Yes,Y
CUST0000307,Metro Schools 307,Residential,Chicago,IL,Midwest,2021-01-18,C,N,N
CUST0000308,North Services 308,Industrial,Seattle,WA,West,03/01/2018,a,Yes,Y
CUST0000309,North Services 309,Industrial,Seattle,WA,West,2025-01-21,B,No,Y
CUST0000310,Metro Foods 310,Industrial,Atlanta,GA,South,2023-09-23,B,0,True
CUST0000311,Metro Foods 311,Industrial,Dallas,TX,South,2026-01-18,a,Yes,True
CUST0000312,Urban Labs 312,Residential,Albany,NY,Northeast,01/01/2018,A,Yes,N
CUST0000313,North Services 313,Industrial,Denver,CO,West,2018/08/27,C,Y,Y
CUST0000314,Urban Manufacturing 314,Industrial,Springfield,IL,Midwest,2019/09/04,A,No,N
CUST0000315,Prime Homes 315,Industrial,Seattle,WA,West,2018-05-23,a,Yes,Y
CUST0000316,Sunrise Services 316,Residential,Phoenix,AZ,West,2021-05-25,B,No,True
CUST0000317,Ever Services 317,,Dallas,TX,South,2021-11-02,A,Yes,Y
CUST0000318,North Foods 318,Commercial,Atlanta,GA,South,2020/10/21,D,N,True
CUST0000319,Green Services 319,,Phoenix,AZ,West,10/10/2021,A,Yes,Y
CUST0000320,Green Services 320,Commercial,Albany,NY,Northeast,2025/01/03,a,0,Y
CUST0000321,Sunrise Labs 321,,Austin,TX,South,2020-11-21,a,0,Y
CUST0000322,Urban Retail 322,Municipal,Boston,MA,Northeast,2018-06-19,C,1,Y
CUST0000323,Urban Foods 323,,Atlanta,GA,South,2023-05-10,D,Yes,Y
CUST0000324,Metro Services 324,Residential,Boston,MA,Northeast,2024-11-09,A,Y,Y
CUST0000325,Urban Manufacturing 325,Residential,Denver,CO,West,2018/12/30,D,Yes,Y
CUST0000326,Green Labs 326,,Albany,NY,Northeast,10/23/2019,A,N,Y
CUST0000327,Prime Properties 327,Commercial,Phoenix,AZ,West,03/08/2020,a,Yes,Y
CUST0000328,North Homes 328,Municipal,Albany,NY,Northeast,2020-03-28,a,0,True
CUST0000329,Urban Schools 329,Commercial,Chicago,IL,Midwest,2019/08/21,D,0,True
CUST0000330,Blue Homes 330,Municipal,Chicago,IL,Midwest,2025/10/26,B,No,Y
CUST0000331,Ever Retail 331,Residential,Austin,TX,South,2021/07/03,B,N,True
CUST0000332,Prime Homes 332,Residential,Atlanta,GA,South,04/13/2022,A,1,Y
CUST0000333,Blue Labs 333,,Phoenix,AZ,West,2023-11-23,a,No,N
CUST0000334,Metro Labs 334,Municipal,Phoenix,AZ,West,2025/10/22,B,1,N
CUST0000335,Blue Schools 335,Residential,Springfield,IL,Midwest,2020/02/06,A,Y,Y
CUST0000336,Prime Schools 336,Industrial,Chicago,IL,Midwest,2021/11/11,C,Y,Y
CUST0000337,Ever Schools 337,Residential,Austin,TX,South,2022-11-05,B,N,Y
CUST0000338,Blue Schools 338,,Albany,NY,Northeast,2020/05/15,D,Yes,Y
CUST0000339,North Manufacturing 339,,Austin,TX,South,03/31/2020,B,0,N
CUST0000340,Green Services 340,Residential,Springfield,IL,Midwest,04/21/2023,D,0,True
CUST0000341,North Services 341,Industrial,Atlanta,GA,South,2020-02-17,a,No,Y
CUST0000342,Green Schools 342,Residential,Albany,NY,Northeast,03/21/2022,B,N,Y
CUST0000343,Green Foods 343,Commercial,Atlanta,GA,South,2019/11/08,A,Yes,Y
CUST0000344,North Properties 344,Municipal,Dallas,TX,South,2021/01/18,D,Y,N
CUST0000345,Sunrise Retail 345,Municipal,Atlanta,GA,South,01/06/2022,a,Y,Y
CUST0000346,Sunrise Retail 346,Residential,Atlanta,GA,South,2021-12-14,C,0,Y
CUST0000347,Ever Retail 347,Commercial,Boston,MA,Northeast,2020/07/06,a,Y,True
CUST0000348,Metro Properties 348,Residential,Austin,TX,South,09/09/2024,D,No,Y
CUST0000349,Sunrise Schools 349,Municipal,Denver,CO,West,05/11/2024,A,1,True
CUST0000350,Prime Homes 350,Commercial,Springfield,IL,Midwest,10/29/2018,C,Yes,N
CUST0000351,Sunrise Services 351,Municipal,Dallas,TX,South,11/22/2023,a,N,True
CUST0000352,Ever Retail 352,Industrial,Dallas,TX,South,2025/12/20,A,Yes,True
CUST0000353,Urban Schools 353,Industrial,Denver,CO,West,02/25/2020,a,1,Y
CUST0000354,Prime Labs 354,Municipal,Denver,CO,West,2019-08-30,B,No,True
CUST0000355,Metro Foods 355,Residential,Denver,CO,West,06/30/2023,A,1,True
CUST0000356,Sunrise Services 356,Industrial,Springfield,IL,Midwest,2018-02-15,B,Yes,Y
CUST0000357,Green Services 357,Commercial,Chicago,IL,Midwest,09/13/2023,B,0,True
CUST0000358,Green Schools 358,Industrial,Dallas,TX,South,02/11/2018,a,N,Y
CUST0000359,Green Properties 359,Commercial,Springfield,IL,Midwest,07/07/2020,A,0,True
CUST0000360,Blue Properties 360,Industrial,Phoenix,AZ,West,08/25/2023,C,N,Y
CUST0000361,Blue Services 361,Residential,Seattle,WA,West,2022-08-31,C,N,Y
CUST0000362,Blue Homes 362,Municipal,Seattle,WA,West,06/25/2018,a,Yes,Y
CUST0000363,Blue Homes 363,Industrial,Austin,TX,South,2023-12-04,B,0,Y
CUST0000364,Urban Foods 364,Commercial,Phoenix,AZ,West,2018-03-01,B,1,True
CUST0000365,Green Properties 365,Residential,Dallas,TX,South,2023-11-30,D,N,Y
CUST0000366,North Labs 366,Municipal,Boston,MA,Northeast,03/21/2020,D,N,Y
CUST0000367,Blue Services 367,Commercial,Phoenix,AZ,West,09/25/2021,C,No,Y
CUST0000368,North Foods 368,Municipal,Albany,NY,Northeast,04/03/2018,C,0,Y
CUST0000369,Prime Retail 369,Commercial,Austin,TX,South,04/24/2024,a,No,N
CUST0000370,Urban Services 370,,Springfield,IL,Midwest,2018-02-21,B,0,Y
CUST0000371,Blue Schools 371,,Dallas,TX,South,2022/11/26,a,No,Y
CUST0000372,Prime Labs 372,Municipal,Seattle,WA,West,2020/01/25,C,Y,N
CUST0000373,Green Retail 373,Municipal,Phoenix,AZ,West,09/08/2019,C,N,N
CUST0000374,Metro Services 374,Industrial,Austin,TX,South,05/14/2020,A,0,Y
CUST0000375,Metro Properties 375,Residential,Dallas,TX,South,2024/11/07,C,No,N
CUST0000376,Green Homes 376,Residential,Austin,TX,South,03/22/2018,A,1,Y
CUST0000377,Ever Schools 377,,Springfield,IL,Midwest,2021-07-14,A,No,Y
CUST0000378,Metro Services 378,Municipal,Denver,CO,West,2024-01-22,C,1,True
CUST0000379,Green Services 379,Residential,Austin,TX,South,2023-11-12,B,1,Y
CUST0000380,Blue Labs 380,,Denver,CO,West,02/24/2022,a,No,Y
CUST0000381,Blue Manufacturing 381,Residential,Seattle,WA,West,2020/12/10,C,Yes,True
CUST0000382,Prime Services 382,Commercial,Seattle,WA,West,2018/05/02,C,N,N
CUST0000383,Sunrise Retail 383,,Seattle,WA,West,2018-11-26,C,Y,True
CUST0000384,Green Retail 384,Residential,Dallas,TX,South,2023-12-06,A,No,True
CUST0000385,Ever Retail 385,Residential,Atlanta,GA,South,2020/05/12,a,No,Y
CUST0000386,Metro Homes 386,Residential,Dallas,TX,South,11/24/2024,B,N,N
CUST0000387,Metro Foods 387,Commercial,Atlanta,GA,South,2020-08-28,B,N,True
CUST0000388,Prime Labs 388,Commercial,Austin,TX,South,04/03/2020,B,Y,N
CUST0000389,Sunrise Labs 389,,Atlanta,GA,South,2020-04-05,a,No,N
CUST0000390,Prime Foods 390,Municipal,Atlanta,GA,South,2025/07/05,a,N,True
CUST0000391,Prime Homes 391,,Denver,CO,West,06/15/2022,A,1,Y
CUST0000392,Blue Retail 392,Industrial,Albany,NY,Northeast,2022/04/14,A,1,N
CUST0000393,Sunrise Schools 393,Residential,Dallas,TX,South,03/25/2022,A,1,N
CUST0000394,Metro Homes 394,Municipal,Springfield,IL,Midwest,03/13/2019,A,N,Y
CUST0000395,North Properties 395,Municipal,Springfield,IL,Midwest,2023-10-16,a,Yes,Y
CUST0000396,Blue Retail 396,Municipal,Albany,NY,Northeast,09/22/2023,C,No,Y
CUST0000397,Green Homes 397,Municipal,Denver,CO,West,2022/11/16,B,1,Y
CUST0000398,Green Manufacturing 398,,Seattle,WA,West,2018/01/06,a,Y,N
CUST0000399,Green Schools 399,Industrial,Springfield,IL,Midwest,2022-02-11,a,Y,Y
CUST0000400,Metro Services 400,Commercial,Boston,MA,Northeast,03/10/2019,D,N,True
CUST0000401,Ever Manufacturing 401,Municipal,Seattle,WA,West,02/17/2019,B,N,Y
CUST0000402,Urban Homes 402,,Seattle,WA,West,2018-12-15,C,No,True
CUST0000403,Blue Retail 403,Industrial,Chicago,IL,Midwest,2025-08-17,C,N,Y
CUST0000404,Ever Retail 404,,Denver,CO,West,2019-08-13,D,0,Y
CUST0000405,Green Properties 405,Residential,Denver,CO,West,2025-07-18,A,N,Y
CUST0000406,Sunrise Schools 406,,Seattle,WA,West,12/21/2022,C,Yes,Y
CUST0000407,North Services 407,Industrial,Albany,NY,Northeast,08/24/2024,D,No,True
CUST0000408,North Manufacturing 408,Residential,Austin,TX,South,10/13/2020,D,Y,Y
CUST0000409,Prime Schools 409,Residential,Atlanta,GA,South,01/04/2020,D,1,Y
CUST0000410,Prime Labs 410,Industrial,Springfield,IL,Midwest,08/13/2025,D,0,Y
CUST0000411,Ever Properties 411,,Atlanta,GA,South,2025/10/27,A,No,Y
CUST0000412,Green Labs 412,,Austin,TX,South,2026/01/26,B,No,Y
CUST0000413,Urban Labs 413,Industrial,Seattle,WA,West,02/02/2020,D,0,Y
CUST0000414,Ever Schools 414,Industrial,Albany,NY,Northeast,08/04/2019,A,0,Y
CUST0000415,North Homes 415,Commercial,Chicago,IL,Midwest,2019/02/21,B,No,True
CUST0000416,Green Foods 416,Commercial,Seattle,WA,West,2022-07-28,D,Y,True
CUST0000417,Metro Services 417,,Springfield,IL,Midwest,2024-06-04,C,N,Y
CUST0000418,North Manufacturing 418,Commercial,Denver,CO,West,11/25/2023,B,1,N
CUST0000419,Urban Manufacturing 419,Commercial,Springfield,IL,Midwest,2019/03/15,D,1,Y
CUST0000420,Metro Services 420,Municipal,Springfield,IL,Midwest,2025-06-15,B,0,Y
CUST0000421,Ever Labs 421,,Chicago,IL,Midwest,2019-07-20,a,Yes,True
CUST0000422,Sunrise Labs 422,Industrial,Atlanta,GA,South,04/15/2024,C,Y,Y
CUST0000423,Ever Homes 423,Municipal,Springfield,IL,Midwest,2022-05-21,a,No,N
CUST0000424,Prime Schools 424,Commercial,Atlanta,GA,South,2019/06/02,a,Yes,Y
CUST0000425,North Schools 425,Commercial,Dallas,TX,South,03/20/2025,B,N,True
CUST0000426,Ever Manufacturing 426,Residential,Phoenix,AZ,West,2018/08/29,a,N,N
CUST0000427,Ever Services 427,,Dallas,TX,South,2019/04/24,C,No,Y
CUST0000428,Metro Schools 428,Commercial,Atlanta,GA,South,11/17/2021,D,Yes,True
CUST0000429,Ever Retail 429,Municipal,Boston,MA,Northeast,2018/04/20,B,No,Y
CUST0000430,Metro Retail 430,Municipal,Springfield,IL,Midwest,2019/07/07,B,1,Y
CUST0000431,Ever Schools 431,Municipal,Chicago,IL,Midwest,04/01/2023,A,Y,True
CUST0000432,Sunrise Labs 432,Residential,Seattle,WA,West,2024/08/27,a,Y,Y
CUST0000433,Green Labs 433,Residential,Albany,NY,Northeast,2020-02-18,a,Y,N
CUST0000434,Urban Properties 434,Industrial,Austin,TX,South,01/01/2020,C,No,Y
CUST0000435,Prime Foods 435,,Dallas,TX,South,2025-07-21,B,N,Y
CUST0000436,Metro Services 436,Industrial,Denver,CO,West,2020/06/10,D,Y,Y
CUST0000437,Metro Services 437,Commercial,Atlanta,GA,South,02/17/2020,A,Y,Y
CUST0000438,Blue Homes 438,Residential,Seattle,WA,West,12/24/2024,B,0,Y
CUST0000439,Sunrise Homes 439,Commercial,Albany,NY,Northeast,01/08/2026,A,Y,Y
CUST0000440,Sunrise Foods 440,,Springfield,IL,Midwest,2021-12-04,A,No,Y
CUST0000441,Prime Services 441,Commercial,Springfield,IL,Midwest,2020/02/15,B,1,Y
CUST0000442,Metro Foods 442,Municipal,Springfield,IL,Midwest,2023-08-30,D,Y,Y
CUST0000443,Urban Services 443,Residential,Springfield,IL,Midwest,2018/12/18,C,1,Y
CUST0000444,North Schools 444,,Phoenix,AZ,West,2020-08-15,B,1,Y
CUST0000445,Metro Foods 445,Residential,Phoenix,AZ,West,2024/10/28,B,N,Y
CUST0000446,Ever Schools 446,,Austin,TX,South,2020-02-23,A,N,Y
CUST0000447,Urban Services 447,Municipal,Seattle,WA,West,08/23/2018,B,Y,Y
CUST0000448,Metro Labs 448,Commercial,Albany,NY,Northeast,2024/02/08,C,N,Y
CUST0000449,North Properties 449,Residential,Austin,TX,South,09/28/2018,a,1,Y
CUST0000450,Prime Manufacturing 450,Residential,Atlanta,GA,South,2024/07/18,A,Y,True
CUST0000451,Green Foods 451,Residential,Dallas,TX,South,01/10/2019,A,Y,True
CUST0000452,Green Homes 452,Municipal,Atlanta,GA,South,03/14/2020,A,Y,True
CUST0000453,North Services 453,Residential,Austin,TX,South,08/13/2025,A,Yes,True
CUST0000454,Ever Manufacturing 454,Municipal,Phoenix,AZ,West,2023-01-12,D,1,N
CUST0000455,Blue Homes 455,Industrial,Seattle,WA,West,2025-10-12,B,0,N
CUST0000456,Prime Manufacturing 456,Municipal,Phoenix,AZ,West,2022-03-09,a,0,Y
CUST0000457,Green Labs 457,Industrial,Phoenix,AZ,West,2022-06-15,A,No,Y
CUST0000458,Prime Schools 458,Municipal,Boston,MA,Northeast,2024-04-04,C,No,Y
CUST0000459,North Homes 459,,Atlanta,GA,South,06/18/2021,a,N,Y
CUST0000460,Ever Schools 460,Municipal,Albany,NY,Northeast,04/28/2021,A,No,Y
CUST0000461,North Schools 461,Municipal,Atlanta,GA,South,2019/12/05,C,No,Y
CUST0000462,Sunrise Manufacturing 462,Residential,Austin,TX,South,2018/12/31,B,Y,N
CUST0000463,North Retail 463,Residential,Denver,CO,West,2023/12/28,B,0,Y
CUST0000464,Urban Homes 464,Residential,Phoenix,AZ,West,2018-12-06,A,Y,True
CUST0000465,North Foods 465,Municipal,Chicago,IL,Midwest,2023-12-13,A,Y,Y
CUST0000466,Green Foods 466,Commercial,Denver,CO,West,2018/11/12,a,Yes,True
CUST0000467,Green Services 467,,Atlanta,GA,South,2021-01-02,C,Yes,Y
CUST0000468,Sunrise Labs 468,Residential,Chicago,IL,Midwest,08/04/2022,C,1,Y
CUST0000469,Prime Retail 469,Commercial,Boston,MA,Northeast,2024/12/15,C,Y,Y
CUST0000470,Blue Properties 470,Industrial,Albany,NY,Northeast,2021-08-30,D,0,N
CUST0000471,Metro Foods 471,Residential,Denver,CO,West,2020-11-29,B,N,Y
CUST0000472,Blue Labs 472,Commercial,Austin,TX,South,2020/01/05,C,No,Y
CUST0000473,Metro Schools 473,Municipal,Boston,MA,Northeast,2025-11-17,B,N,N
CUST0000474,Green Properties 474,Commercial,Dallas,TX,South,03/12/2021,a,1,Y
CUST0000475,Sunrise Labs 475,Commercial,Phoenix,AZ,West,01/16/2020,D,Yes,Y
CUST0000476,Green Foods 476,Industrial,Austin,TX,South,2020-01-05,B,No,True
CUST0000477,Blue Retail 477,Municipal,Albany,NY,Northeast,05/01/2020,D,1,Y
CUST0000478,Urban Foods 478,Industrial,Phoenix,AZ,West,2022-01-20,B,No,Y
CUST0000479,North Foods 479,,Atlanta,GA,South,2023-06-13,A,Y,Y
CUST0000480,Metro Homes 480,Residential,Dallas,TX,South,03/26/2024,A,No,True
CUST0000481,Metro Manufacturing 481,Municipal,Chicago,IL,Midwest,02/10/2023,C,Y,N
CUST0000482,Blue Homes 482,Municipal,Austin,TX,South,2024-07-29,B,No,Y
CUST0000483,Blue Properties 483,Municipal,Albany,NY,Northeast,08/25/2018,C,1,N
CUST0000484,Blue Labs 484,Industrial,Boston,MA,Northeast,2019/11/15,A,Yes,True
CUST0000485,Prime Foods 485,Municipal,Chicago,IL,Midwest,2022/07/11,A,0,N
CUST0000486,Blue Services 486,Commercial,Albany,NY,Northeast,05/13/2024,a,Yes,Y
CUST0000487,Metro Retail 487,,Boston,MA,Northeast,05/20/2019,a,N,N
CUST0000488,Ever Homes 488,Industrial,Atlanta,GA,South,2023-08-13,D,1,Y
CUST0000489,Green Retail 489,Industrial,Seattle,WA,West,06/26/2024,D,Yes,N
CUST0000490,Green Schools 490,,Chicago,IL,Midwest,2022/10/27,D,Y,Y
CUST0000491,Metro Services 491,Commercial,Denver,CO,West,11/06/2018,D,N,Y
CUST0000492,Metro Retail 492,Industrial,Springfield,IL,Midwest,2022-02-07,A,Yes,True
CUST0000493,Metro Labs 493,Commercial,Chicago,IL,Midwest,05/07/2019,D,1,True
CUST0000494,Sunrise Services 494,,Denver,CO,West,2023-07-20,A,Yes,Y
CUST0000495,Sunrise Manufacturing 495,Industrial,Dallas,TX,South,09/12/2020,C,Y,Y
CUST0000496,Green Homes 496,Residential,Albany,NY,Northeast,03/22/2023,a,0,True
CUST0000497,Metro Labs 497,Residential,Chicago,IL,Midwest,2023-04-01,C,N,Y
CUST0000498,North Labs 498,Residential,Atlanta,GA,South,2022/12/10,D,N,Y
CUST0000499,Urban Manufacturing 499,Industrial,Springfield,IL,Midwest,2020/09/10,a,Yes,Y
CUST0000500,Ever Foods 500,Industrial,Phoenix,AZ,West,2023-10-24,C,Yes,Y
CUST0000501,Urban Manufacturing 501,Municipal,Phoenix,AZ,West,12/18/2019,C,N,N
CUST0000502,Metro Services 502,Commercial,Denver,CO,West,2020/07/10,B,1,N
CUST0000503,Blue Homes 503,,Albany,NY,Northeast,12/12/2025,a,N,True
CUST0000504,Metro Schools 504,Commercial,Chicago,IL,Midwest,06/20/2020,D,N,Y
CUST0000505,Ever Homes 505,Residential,Boston,MA,Northeast,2018/05/13,A,1,Y
CUST0000506,Ever Retail 506,Residential,Boston,MA,Northeast,2021/07/02,a,No,Y
CUST0000507,Urban Homes 507,Commercial,Atlanta,GA,South,2022/02/07,a,No,Y
CUST0000508,Ever Labs 508,,Chicago,IL,Midwest,2018-09-14,A,0,N
CUST0000509,Ever Labs 509,Residential,Phoenix,AZ,West,2023/07/09,B,1,N
CUST0000510,Prime Foods 510,Industrial,Boston,MA,Northeast,09/21/2024,B,Y,True
CUST0000511,Ever Homes 511,Municipal,Boston,MA,Northeast,2021-04-27,C,1,Y
CUST0000512,Urban Properties 512,Commercial,Chicago,IL,Midwest,2024/10/22,A,Y,Y
CUST0000513,Metro Homes 513,Municipal,Albany,NY,Northeast,08/09/2021,D,1,Y
CUST0000514,Ever Properties 514,Industrial,Albany,NY,Northeast,04/02/2022,B,No,N
CUST0000515,North Services 515,Commercial,Atlanta,GA,South,2023/11/22,B,1,True
CUST0000516,Ever Foods 516,Commercial,Seattle,WA,West,2019/02/05,A,0,Y
CUST0000517,Prime Schools 517,,Springfield,IL,Midwest,2021-07-10,B,Yes,Y
CUST0000518,Ever Foods 518,Commercial,Albany,NY,Northeast,2023/01/09,B,Y,Y
CUST0000519,Metro Foods 519,Municipal,Chicago,IL,Midwest,12/06/2018,A,0,Y
CUST0000520,Metro Foods 520,Residential,Atlanta,GA,South,2025-08-20,a,1,Y
CUST0000521,North Manufacturing 521,Municipal,Chicago,IL,Midwest,2019-07-26,D,0,Y
CUST0000522,Green Schools 522,Municipal,Boston,MA,Northeast,2018-07-15,D,Y,Y
CUST0000523,Urban Services 523,Municipal,Denver,CO,West,11/28/2020,D,Y,Y
CUST0000524,Sunrise Retail 524,,Austin,TX,South,03/10/2022,a,Yes,N
CUST0000525,Prime Homes 525,Commercial,Albany,NY,Northeast,10/04/2020,a,0,Y
CUST0000526,Blue Retail 526,Commercial,Boston,MA,Northeast,2021/12/21,D,1,Y
CUST0000527,Sunrise Services 527,Residential,Boston,MA,Northeast,02/04/2019,A,No,Y
CUST0000528,Green Foods 528,Commercial,Boston,MA,Northeast,05/23/2023,D,Yes,Y
CUST0000529,Sunrise Services 529,Residential,Denver,CO,West,2023/11/15,B,N,True
CUST0000530,North Manufacturing 530,Municipal,Springfield,IL,Midwest,2026-01-25,B,0,Y
CUST0000531,North Retail 531,Industrial,Seattle,WA,West,2024-07-02,a,Y,N
CUST0000532,Urban Manufacturing 532,,Denver,CO,West,05/27/2021,A,Yes,Y
CUST0000533,Sunrise Foods 533,Commercial,Phoenix,AZ,West,08/10/2025,A,No,Y
CUST0000534,Green Retail 534,Municipal,Springfield,IL,Midwest,07/18/2025,D,Y,Y
CUST0000535,Urban Foods 535,Municipal,Boston,MA,Northeast,09/24/2023,a,1,True
CUST0000536,Ever Foods 536,Industrial,Albany,NY,Northeast,02/18/2018,B,Yes,Y
CUST0000537,North Foods 537,,Denver,CO,West,09/18/2019,C,No,Y
CUST0000538,North Foods 538,Commercial,Seattle,WA,West,2025-09-14,B,N,Y
CUST0000539,Metro Foods 539,Municipal,Dallas,TX,South,2018/09/23,A,No,Y
CUST0000540,Urban Homes 540,Municipal,Chicago,IL,Midwest,2024/12/26,A,Y,Y
CUST0000541,Metro Schools 541,Residential,Denver,CO,West,09/26/2023,D,Y,Y
CUST0000542,Sunrise Manufacturing 542,Residential,Seattle,WA,West,2018/06/20,a,No,Y
CUST0000543,Sunrise Schools 543,,Springfield,IL,Midwest,11/14/2021,B,N,True
CUST0000544,Prime Schools 544,,Austin,TX,South,2020/08/27,C,N,Y
CUST0000545,Ever Foods 545,Municipal,Denver,CO,West,11/17/2024,A,No,Y
CUST0000546,Urban Labs 546,Municipal,Phoenix,AZ,West,03/18/2022,D,0,N
CUST0000547,Metro Schools 547,Industrial,Boston,MA,Northeast,05/12/2025,A,No,True
CUST0000548,Metro Homes 548,Municipal,Albany,NY,Northeast,2025/11/16,a,0,Y
CUST0000549,Metro Foods 549,,Seattle,WA,West,10/16/2019,C,N,Y
CUST0000550,Urban Manufacturing 550,Industrial,Boston,MA,Northeast,2025-06-25,D,Yes,Y
CUST0000551,Prime Schools 551,Municipal,Springfield,IL,Midwest,2024-05-26,a,Yes,True
CUST0000552,Blue Schools 552,Industrial,Springfield,IL,Midwest,2018/04/09,A,1,N
CUST0000553,Prime Homes 553,Industrial,Seattle,WA,West,2018/12/24,a,Y,Y
CUST0000554,Prime Labs 554,Industrial,Austin,TX,South,11/09/2025,A,Y,Y
CUST0000555,North Foods 555,Residential,Dallas,TX,South,2021-02-16,A,No,Y
CUST0000556,Sunrise Manufacturing 556,Industrial,Austin,TX,South,12/15/2018,D,0,N
CUST0000557,Ever Labs 557,Industrial,Boston,MA,Northeast,10/02/2024,C,No,Y
CUST0000558,Prime Labs 558,,Phoenix,AZ,West,2022-05-23,A,Yes,Y
CUST0000559,Blue Properties 559,Municipal,Chicago,IL,Midwest,2019/02/02,a,N,N
CUST0000560,Sunrise Schools 560,Industrial,Boston,MA,Northeast,02/05/2021,a,N,Y
CUST0000561,Green Foods 561,,Boston,MA,Northeast,12/06/2021,D,N,Y
CUST0000562,Urban Manufacturing 562,,Springfield,IL,Midwest,2020-02-14,a,Y,Y
CUST0000563,Sunrise Labs 563,Industrial,Denver,CO,West,05/28/2025,D,1,N
CUST0000564,Ever Schools 564,Residential,Chicago,IL,Midwest,2018/08/10,a,No,Y
CUST0000565,Metro Services 565,Industrial,Denver,CO,West,2024-12-26,C,No,True
CUST0000566,Metro Homes 566,Residential,Phoenix,AZ,West,2021/08/22,B,0,Y
CUST0000567,Ever Services 567,Commercial,Austin,TX,South,2019/08/27,a,N,Y
CUST0000568,Sunrise Foods 568,Municipal,Chicago,IL,Midwest,2018/02/13,a,0,Y
CUST0000569,Green Foods 569,Residential,Atlanta,GA,South,2018/10/29,C,Y,True
CUST0000570,Urban Schools 570,,Boston,MA,Northeast,2024-10-27,D,N,Y
CUST0000571,Sunrise Labs 571,Municipal,Denver,CO,West,2022-07-31,C,0,Y
CUST0000572,Metro Schools 572,Industrial,Dallas,TX,South,01/16/2023,C,Yes,Y
CUST0000573,Metro Schools 573,Municipal,Dallas,TX,South,05/24/2019,A,0,N
CUST0000574,Metro Manufacturing 574,Residential,Austin,TX,South,2024-09-02,a,Y,N
CUST0000575,Sunrise Manufacturing 575,Municipal,Austin,TX,South,2021/01/26,a,N,Y
CUST0000576,Blue Schools 576,,Seattle,WA,West,01/18/2025,C,Y,Y
CUST0000577,Metro Manufacturing 577,Residential,Denver,CO,West,05/11/2022,B,N,Y
CUST0000578,North Foods 578,Municipal,Austin,TX,South,2018-12-23,A,Yes,Y
CUST0000579,Metro Labs 579,Municipal,Denver,CO,West,09/26/2023,a,0,Y
CUST0000580,Green Foods 580,,Denver,CO,West,2021/02/08,A,Yes,True
CUST0000581,Metro Homes 581,Commercial,Albany,NY,Northeast,2022-07-20,C,N,Y
CUST0000582,Prime Retail 582,,Denver,CO,West,2020/04/16,C,N,Y
CUST0000583,Urban Retail 583,Municipal,Springfield,IL,Midwest,02/11/2019,C,N,Y
CUST0000584,Blue Labs 584,,Denver,CO,West,12/11/2024,D,Y,Y
CUST0000585,Urban Manufacturing 585,Industrial,Austin,TX,South,2021/09/24,C,0,Y
CUST0000586,Metro Manufacturing 586,,Dallas,TX,South,2019-09-10,C,0,Y
CUST0000587,Prime Labs 587,Industrial,Austin,TX,South,06/07/2019,C,Y,True
CUST0000588,Sunrise Schools 588,Industrial,Denver,CO,West,2020-09-12,A,Yes,N
CUST0000589,Green Manufacturing 589,Municipal,Albany,NY,Northeast,2020/10/23,D,1,Y
CUST0000590,Blue Services 590,Residential,Chicago,IL,Midwest,06/01/2020,D,N,Y
CUST0000591,Sunrise Services 591,Commercial,Chicago,IL,Midwest,2025/11/25,A,1,True
CUST0000592,Green Properties 592,Commercial,Phoenix,AZ,West,09/21/2018,B,1,Y
CUST0000593,North Homes 593,Residential,Austin,TX,South,05/29/2019,A,N,Y
CUST0000594,Metro Homes 594,Residential,Chicago,IL,Midwest,01/17/2024,C,Y,N
CUST0000595,North Properties 595,,Austin,TX,South,2020/01/21,D,Y,True
CUST0000596,Urban Retail 596,Commercial,Boston,MA,Northeast,06/18/2021,B,1,True
CUST0000597,Green Labs 597,Residential,Springfield,IL,Midwest,2023-06-12,a,Yes,True
CUST0000598,Blue Schools 598,Municipal,Denver,CO,West,06/10/2021,D,N,Y
CUST0000599,Sunrise Services 599,Municipal,Seattle,WA,West,2021-05-26,C,1,N
CUST0000600,Blue Homes 600,,Springfield,IL,Midwest,12/15/2025,B,No,Y
CUST0000601,Prime Foods 601,,Dallas,TX,South,01/25/2022,a,Y,Y
CUST0000602,Metro Homes 602,Municipal,Seattle,WA,West,03/27/2020,B,0,Y
CUST0000603,Sunrise Homes 603,,Boston,MA,Northeast,08/22/2025,B,Yes,N
CUST0000604,Sunrise Schools 604,Commercial,Seattle,WA,West,01/21/2023,C,Yes,True
CUST0000605,Metro Schools 605,Residential,Boston,MA,Northeast,2024-10-14,C,Yes,True
CUST0000606,Urban Services 606,Commercial,seattle,WA,West,2021/11/15,A,Yes,Y
CUST0000607,Green Foods 607,Residential,Albany,NY,Northeast,2021-03-14,D,N,Y
CUST0000608,Green Retail 608,Commercial,Denver,CO,West,2019/05/25,D,No,Y
CUST0000609,Blue Manufacturing 609,Commercial,Boston,MA,Northeast,2023/09/22,a,1,True
CUST0000610,Prime Homes 610,Municipal,Seattle,WA,West,05/09/2018,C,0,Y
CUST0000611,North Homes 611,,Albany,NY,Northeast,2018-12-22,D,1,Y
CUST0000612,Blue Manufacturing 612,Industrial,Boston,MA,Northeast,2022-09-30,a,N,Y
CUST0000613,Prime Manufacturing 613,Residential,Chicago,IL,Midwest,2019/08/12,B,No,Y
CUST0000614,Sunrise Homes 614,Municipal,Albany,NY,Northeast,2019/12/28,A,1,Y
CUST0000615,Ever Retail 615,Industrial,Denver,CO,West,11/06/2018,B,1,Y
CUST0000616,Metro Services 616,Commercial,Atlanta,GA,South,2025-05-29,a,N,N
CUST0000617,Green Homes 617,Municipal,Phoenix,AZ,West,2022-08-07,C,0,N
CUST0000618,Sunrise Properties 618,,Austin,TX,South,2022-06-13,a,No,Y
CUST0000619,Metro Labs 619,Residential,Seattle,WA,West,2018-06-06,C,No,Y
CUST0000620,Ever Services 620,Commercial,Atlanta,GA,South,08/13/2022,D,Yes,Y
CUST0000621,North Manufacturing 621,,Denver,CO,West,2019-07-31,D,N,Y
CUST0000622,Green Manufacturing 622,Industrial,Dallas,TX,South,07/19/2018,B,No,Y
CUST0000623,Blue Homes 623,Municipal,Denver,CO,West,2024-06-04,D,N,N
CUST0000624,Sunrise Services 624,,Denver,CO,West,2024-01-20,a,N,Y
CUST0000625,Ever Homes 625,Commercial,Denver,CO,West,2019/12/31,A,Yes,N
CUST0000626,Sunrise Manufacturing 626,Commercial,Dallas,TX,South,2018-09-24,D,N,N
CUST0000627,Urban Services 627,Municipal,Denver,CO,West,2024-02-11,B,Yes,N
CUST0000628,Green Properties 628,Municipal,Boston,MA,Northeast,2021-03-31,a,Yes,N
CUST0000629,Prime Retail 629,,Boston,MA,Northeast,02/23/2026,C,No,Y
CUST0000630,Sunrise Properties 630,Municipal,Austin,TX,South,2020-08-29,a,1,Y
CUST0000631,Urban Foods 631,,Springfield,IL,Midwest,2018-01-31,a,N,Y
CUST0000632,Green Retail 632,Commercial,Springfield,IL,Midwest,2019-11-06,A,0,N
CUST0000633,Green Properties 633,Commercial,Phoenix,AZ,West,2024-02-15,a,N,Y
CUST0000634,Blue Labs 634,Commercial,Dallas,TX,South,2023-09-05,D,0,N
CUST0000635,North Labs 635,Commercial,Austin,TX,South,08/15/2024,B,0,Y
CUST0000636,Sunrise Services 636,Residential,Austin,TX,South,2020-04-15,C,1,Y
CUST0000637,Sunrise Homes 637,,Seattle,WA,West,2023/02/02,D,1,N
CUST0000638,Ever Foods 638,,Dallas,TX,South,04/15/2023,B,Y,True
CUST0000639,Prime Retail 639,,Boston,MA,Northeast,07/14/2022,A,Y,Y
CUST0000640,Metro Schools 640,Residential,Seattle,WA,West,2021-07-06,A,N,True
CUST0000641,Ever Homes 641,Commercial,Seattle,WA,West,2025/06/28,C,1,Y
CUST0000642,Sunrise Retail 642,Municipal,Springfield,IL,Midwest,2018-01-14,B,No,Y
CUST0000643,Green Schools 643,Commercial,Austin,TX,South,2023/10/07,D,0,True
CUST0000644,Prime Services 644,Residential,Springfield,IL,Midwest,2021/04/04,a,1,Y
CUST0000645,Ever Homes 645,Industrial,Denver,CO,West,02/11/2024,A,Yes,Y
CUST0000646,Metro Services 646,Commercial,Chicago,IL,Midwest,06/19/2022,a,1,Y
CUST0000647,Ever Homes 647,,Albany,NY,Northeast,01/17/2020,A,Y,Y
CUST0000648,Metro Schools 648,Commercial,Boston,MA,Northeast,2022-06-21,A,1,N
CUST0000649,Prime Foods 649,Municipal,Boston,MA,Northeast,2024-02-15,A,Y,Y
CUST0000650,Urban Manufacturing 650,Industrial,Chicago,IL,Midwest,2020-12-13,D,No,Y
CUST0000651,Urban Manufacturing 651,Commercial,Dallas,TX,South,2025-04-15,B,Y,Y
CUST0000652,Metro Services 652,Industrial,Seattle,WA,West,07/31/2022,B,No,N
CUST0000653,Prime Retail 653,,Seattle,WA,West,2021/06/08,a,1,N
CUST0000654,Sunrise Schools 654,,Phoenix,AZ,West,2024/11/13,D,N,Y
CUST0000655,North Schools 655,Residential,Seattle,WA,West,2023-09-27,A,No,N
CUST0000656,Blue Foods 656,Industrial,Austin,TX,South,2018/08/20,A,0,True
CUST0000657,North Foods 657,Industrial,Atlanta,GA,South,2022-09-12,B,N,True
CUST0000658,Prime Manufacturing 658,Industrial,Springfield,IL,Midwest,05/17/2024,D,Yes,Y
CUST0000659,North Properties 659,Municipal,Albany,NY,Northeast,05/27/2025,D,Yes,Y
CUST0000660,Prime Foods 660,Commercial,Austin,TX,South,08/18/2022,a,0,True
CUST0000661,Sunrise Services 661,Industrial,Seattle,WA,West,10/08/2019,D,Y,Y
CUST0000662,Prime Manufacturing 662,Industrial,Austin,TX,South,2025/01/29,A,No,Y
CUST0000663,Blue Homes 663,Municipal,Seattle,WA,West,2022/02/08,D,1,N
CUST0000664,Metro Foods 664,Municipal,Springfield,IL,Midwest,2019/08/30,C,Y,Y
CUST0000665,Urban Manufacturing 665,Municipal,Phoenix,AZ,West,2025-02-22,B,No,Y
CUST0000666,Ever Schools 666,Residential,Seattle,WA,West,01/24/2021,a,No,N
CUST0000667,Prime Retail 667,Municipal,Seattle,WA,West,2023-02-16,B,No,Y
CUST0000668,North Manufacturing 668,,Boston,MA,Northeast,02/17/2019,C,Yes,Y
CUST0000669,North Retail 669,Municipal,Chicago,IL,Midwest,2025-09-27,B,Y,N
CUST0000670,Prime Manufacturing 670,Municipal,Atlanta,GA,South,2019-09-14,A,Yes,True
CUST0000671,Blue Services 671,Residential,Chicago,IL,Midwest,2024/01/26,C,0,Y
CUST0000672,Metro Homes 672,Industrial,Austin,TX,South,2019/06/21,a,1,Y
CUST0000673,Sunrise Manufacturing 673,,Chicago,IL,Midwest,2021/01/30,B,1,Y
CUST0000674,Metro Labs 674,Industrial,Dallas,TX,South,10/16/2025,B,Y,Y
CUST0000675,Urban Retail 675,Industrial,Atlanta,GA,South,2021-06-27,C,No,N
CUST0000676,Prime Foods 676,Residential,Boston,MA,Northeast,2019-04-14,A,1,N
CUST0000677,Prime Labs 677,Residential,Dallas,TX,South,12/01/2019,D,N,Y
CUST0000678,Blue Foods 678,Residential,Atlanta,GA,South,2024/05/18,a,N,Y
CUST0000679,Metro Properties 679,Commercial,Albany,NY,Northeast,2024/09/25,D,N,Y
CUST0000680,Urban Homes 680,Industrial,Austin,TX,South,2019-09-09,D,N,Y
CUST0000681,Ever Services 681,,Dallas,TX,South,2022-09-25,B,Y,N
CUST0000682,Metro Labs 682,,Boston,MA,Northeast,05/07/2020,B,Yes,N
CUST0000683,North Manufacturing 683,Residential,Springfield,IL,Midwest,2024/10/28,C,1,Y
CUST0000684,Ever Retail 684,Municipal,Seattle,WA,West,04/28/2024,a,0,True
CUST0000685,Ever Homes 685,,Springfield,IL,Midwest,2025/11/23,B,Yes,N
CUST0000686,Prime Homes 686,Commercial,Austin,TX,South,2019-08-08,B,Yes,N
CUST0000687,Urban Homes 687,Residential,Dallas,TX,South,2025/03/31,a,N,True
CUST0000688,Green Foods 688,Industrial,Chicago,IL,Midwest,2025-02-14,A,Yes,Y
CUST0000689,Sunrise Properties 689,Residential,Dallas,TX,South,01/01/2021,C,Yes,Y
CUST0000690,Prime Retail 690,Municipal,Dallas,TX,South,03/05/2020,C,1,True
CUST0000691,Green Retail 691,Residential,Springfield,IL,Midwest,2018-10-05,a,0,N
CUST0000692,Prime Services 692,Residential,Boston,MA,Northeast,01/30/2021,A,Y,Y
CUST0000693,Sunrise Labs 693,,Denver,CO,West,04/17/2022,B,Y,Y
CUST0000694,Sunrise Labs 694,,Denver,CO,West,2023-01-06,B,0,True
CUST0000695,Green Properties 695,Commercial,Austin,TX,South,09/03/2021,A,No,Y
CUST0000696,North Retail 696,Commercial,Denver,CO,West,04/25/2020,a,N,True
CUST0000697,North Schools 697,,Dallas,TX,South,2021/07/19,D,N,Y
CUST0000698,Metro Homes 698,Municipal,Austin,TX,South,2025/11/24,B,No,N
CUST0000699,Prime Homes 699,,Seattle,WA,West,01/25/2020,D,Y,Y
CUST0000700,Urban Foods 700,,Denver,CO,West,2023/02/19,C,0,Y
CUST0000701,Urban Retail 701,Residential,Atlanta,GA,South,06/19/2019,a,N,True
CUST0000702,Urban Properties 702,Residential,Boston,MA,Northeast,2022/10/11,D,Y,Y
CUST0000703,Urban Foods 703,Municipal,Chicago,IL,Midwest,2022-11-12,A,N,N
CUST0000704,Sunrise Properties 704,Industrial,Albany,NY,Northeast,2020/07/18,A,1,Y
CUST0000705,Ever Foods 705,Municipal,Seattle,WA,West,12/03/2021,a,Yes,Y
CUST0000706,North Homes 706,Residential,Austin,TX,South,08/22/2019,C,Yes,Y
CUST0000707,North Services 707,Municipal,Albany,NY,Northeast,07/03/2019,A,Yes,Y
CUST0000708,Urban Retail 708,Industrial,Dallas,TX,South,06/13/2024,D,No,True
CUST0000709,Green Manufacturing 709,Industrial,Seattle,WA,West,2024-10-04,C,No,True
CUST0000710,Blue Properties 710,Industrial,Albany,NY,Northeast,2024/08/20,a,Yes,Y
CUST0000711,North Services 711,Municipal,Atlanta,GA,South,2026/03/01,D,0,Y
CUST0000712,North Manufacturing 712,Commercial,Denver,CO,West,2022/08/24,a,1,True
CUST0000713,Green Labs 713,Residential,Seattle,WA,West,2018/02/13,a,Y,Y
CUST0000714,North Services 714,,Seattle,WA,West,2023/10/23,B,No,N
CUST0000715,Prime Retail 715,Municipal,Phoenix,AZ,West,2025/04/05,A,1,Y
CUST0000716,Sunrise Services 716,,Albany,NY,Northeast,2025/10/18,C,0,Y
CUST0000717,Sunrise Foods 717,Municipal,Denver,CO,West,11/29/2024,D,1,Y
CUST0000718,Ever Schools 718,Commercial,Boston,MA,Northeast,2019/02/26,B,No,Y
CUST0000719,Green Labs 719,Residential,Phoenix,AZ,West,03/18/2020,A,1,Y
CUST0000720,Sunrise Services 720,Industrial,Denver,CO,West,2024-10-05,a,N,N
CUST0000721,Green Schools 721,Residential,Springfield,IL,Midwest,2025/07/21,C,0,N
CUST0000722,Blue Properties 722,,Chicago,IL,Midwest,2020/12/31,D,N,True
CUST0000723,Urban Services 723,Commercial,Boston,MA,Northeast,04/10/2018,a,No,N
CUST0000724,Metro Services 724,Industrial,Atlanta,GA,South,2019/02/14,C,Yes,Y
CUST0000725,Green Retail 725,Residential,Dallas,TX,South,2019-06-21,a,N,Y
CUST0000726,Green Schools 726,Industrial,Seattle,WA,West,2020-03-24,A,No,Y
CUST0000727,Blue Retail 727,,Albany,NY,Northeast,2023-09-27,A,1,Y
CUST0000728,Green Labs 728,Residential,Springfield,IL,Midwest,2023-04-12,a,0,Y
CUST0000729,Ever Manufacturing 729,,Chicago,IL,Midwest,2024-01-26,B,Y,True
CUST0000730,Ever Properties 730,Industrial,Chicago,IL,Midwest,04/17/2024,D,N,Y
CUST0000731,Urban Schools 731,Commercial,Atlanta,GA,South,2018-08-27,D,1,Y
CUST0000732,Sunrise Properties 732,Commercial,Springfield,IL,Midwest,04/26/2025,B,Y,Y
CUST0000733,Blue Retail 733,Industrial,Albany,NY,Northeast,01/22/2020,C,Yes,True
CUST0000734,Ever Labs 734,Industrial,Atlanta,GA,South,09/13/2022,B,0,Y
CUST0000735,Sunrise Manufacturing 735,Municipal,Atlanta,GA,South,08/04/2018,a,0,True
CUST0000736,Ever Retail 736,Municipal,Phoenix,AZ,West,2024-01-01,B,N,Y
CUST0000737,Blue Homes 737,,Springfield,IL,Midwest,2018-10-17,B,1,Y
CUST0000738,Prime Manufacturing 738,Municipal,Seattle,WA,West,2024/06/21,C,1,N
CUST0000739,North Services 739,Commercial,Denver,CO,West,05/20/2021,A,No,True
CUST0000740,Blue Retail 740,Industrial,Boston,MA,Northeast,01/15/2021,A,No,True
CUST0000741,Prime Homes 741,Commercial,Springfield,IL,Midwest,2018-01-09,B,0,Y
CUST0000742,Blue Schools 742,,Chicago,IL,Midwest,09/29/2020,a,0,N
CUST0000743,Prime Labs 743,Municipal,Chicago,IL,Midwest,04/06/2018,A,N,Y
CUST0000744,Ever Foods 744,Municipal,Atlanta,GA,South,2022/06/11,a,Y,True
CUST0000745,Ever Properties 745,Industrial,Austin,TX,South,04/29/2022,C,1,Y
CUST0000746,Green Labs 746,Commercial,Seattle,WA,West,07/12/2021,B,0,Y
CUST0000747,Sunrise Labs 747,Municipal,Phoenix,AZ,West,2021-05-12,a,N,Y
CUST0000748,Blue Retail 748,Commercial,Phoenix,AZ,West,2024/03/19,a,Y,Y
CUST0000749,Blue Schools 749,Residential,Austin,TX,South,09/27/2020,a,Y,True
CUST0000750,Blue Properties 750,Commercial,Springfield,IL,Midwest,2019-01-28,D,0,N
CUST0000751,Green Manufacturing 751,Municipal,Denver,CO,West,2022-01-16,a,Yes,True
CUST0000752,Green Services 752,Commercial,Dallas,TX,South,11/18/2020,a,N,True
CUST0000753,Green Retail 753,,Springfield,IL,Midwest,2019/02/04,C,N,Y
CUST0000754,Prime Manufacturing 754,Industrial,Dallas,TX,South,2018-05-01,C,Yes,True
CUST0000755,North Services 755,Residential,Boston,MA,Northeast,11/10/2020,D,1,Y
CUST0000756,Ever Foods 756,Municipal,Atlanta,GA,South,2018/09/29,B,1,Y
CUST0000757,Urban Manufacturing 757,Industrial,Springfield,IL,Midwest,04/26/2021,C,Y,Y
CUST0000758,Ever Homes 758,Commercial,Atlanta,GA,South,2021-11-30,B,No,Y
CUST0000759,Blue Manufacturing 759,Municipal,Denver,CO,West,2022/10/10,D,Yes,True
CUST0000760,Blue Properties 760,Residential,Boston,MA,Northeast,2023/07/11,C,0,Y
CUST0000761,Ever Labs 761,,Albany,NY,Northeast,02/07/2025,a,1,Y
CUST0000762,Ever Foods 762,Industrial,Austin,TX,South,2025-04-01,B,Yes,True
CUST0000763,Blue Foods 763,Commercial,Chicago,IL,Midwest,2018/07/21,a,Y,Y
CUST0000764,Prime Properties 764,Municipal,Phoenix,AZ,West,08/15/2021,a,No,Y
CUST0000765,Sunrise Properties 765,Residential,Albany,NY,Northeast,2021-01-22,C,No,Y
CUST0000766,Sunrise Services 766,Residential,Chicago,IL,Midwest,2018/08/06,C,0,Y
CUST0000767,Ever Schools 767,Industrial,Atlanta,GA,South,2019-06-22,a,Y,Y
CUST0000768,Prime Schools 768,Commercial,Phoenix,AZ,West,2021/03/10,a,No,Y
CUST0000769,Ever Retail 769,Industrial,Chicago,IL,Midwest,09/26/2025,D,No,Y
CUST0000770,Prime Manufacturing 770,,Albany,NY,Northeast,08/02/2019,B,0,Y
CUST0000771,Blue Manufacturing 771,Municipal,Seattle,WA,West,2024/02/26,B,Yes,Y
CUST0000772,Blue Retail 772,,Springfield,IL,Midwest,2019-05-26,A,0,True
CUST0000773,Urban Foods 773,,Boston,MA,Northeast,2020-05-14,B,Yes,Y
CUST0000774,Blue Schools 774,Industrial,Phoenix,AZ,West,01/30/2019,D,N,Y
CUST0000775,Ever Properties 775,Commercial,Denver,CO,West,07/11/2020,a,No,True
CUST0000776,North Manufacturing 776,Commercial,Dallas,TX,South,2025/02/03,D,0,Y
CUST0000777,Sunrise Labs 777,Industrial,Chicago,IL,Midwest,2026-01-27,D,No,True
CUST0000778,Ever Schools 778,Industrial,Phoenix,AZ,West,06/26/2025,a,0,Y
CUST0000779,Sunrise Homes 779,Municipal,Boston,MA,Northeast,2023-02-06,C,0,True
CUST0000780,Urban Services 780,Industrial,Austin,TX,South,2019-09-11,B,No,Y
CUST0000781,North Retail 781,Industrial,Chicago,IL,Midwest,2021/01/03,A,No,Y
CUST0000782,Prime Retail 782,,Boston,MA,Northeast,2018-12-09,A,N,True
CUST0000783,Prime Schools 783,Commercial,Seattle,WA,West,2020/12/05,a,No,Y
CUST0000784,Prime Labs 784,Commercial,Seattle,WA,West,09/08/2022,A,N,Y
CUST0000785,Blue Services 785,Industrial,Dallas,TX,South,2023/08/02,A,Y,N
CUST0000786,Metro Homes 786,Industrial,Denver,CO,West,2020-05-09,C,1,True
CUST0000787,Prime Labs 787,,Albany,NY,Northeast,07/07/2018,B,0,Y
CUST0000788,Metro Labs 788,,Dallas,TX,South,2021/07/04,D,Y,Y
CUST0000789,Prime Services 789,,Springfield,IL,Midwest,2023-06-11,a,N,Y
CUST0000790,Ever Properties 790,Industrial,Phoenix,AZ,West,2018-04-17,A,1,True
CUST0000791,Metro Services 791,Municipal,Phoenix,AZ,West,04/17/2021,A,No,Y
CUST0000792,Green Foods 792,Industrial,Boston,MA,Northeast,2018/10/26,a,1,Y
CUST0000793,Prime Manufacturing 793,Commercial,Austin,TX,South,2018-12-17,B,0,True
CUST0000794,Prime Retail 794,,Phoenix,AZ,West,2022/03/07,D,Yes,N
CUST0000795,Sunrise Foods 795,,Dallas,TX,South,2021-02-07,B,Yes,Y
CUST0000796,Green Homes 796,Commercial,Albany,NY,Northeast,07/31/2023,B,No,True
CUST0000797,Sunrise Properties 797,Residential,Springfield,IL,Midwest,03/11/2020,D,N,Y
CUST0000798,Green Schools 798,Residential,Atlanta,GA,South,2020-02-03,a,0,N
CUST0000799,Urban Properties 799,,Dallas,TX,South,2025-12-25,A,No,True
CUST0000800,Metro Labs 800,Residential,Seattle,WA,West,08/06/2022,B,Y,Y
CUST0000043,Sunrise Manufacturing 43,,Denver,CO,West,2020/06/22,a,1,Y
