meter_id,customer_id,site_id,meter_type,install_date,multiplier,status,firmware_version
MTR0000001,CUST0000408,SITE0017,Commercial Meter,2020-10-19,10,Disconnected,v1.3
MTR0000002,CUST0000075,SITE0028,Industrial Meter,2023-03-15,bad,Disconnected,
MTR0000003,CUST0000305,SITE0029,smart meter,2022-04-06,10,Active,v1.3
MTR0000004,CUST0000644,SITE0003,Smart Meter,08/15/2021,10,Active,v1.3
MTR0000005,CUST0000562,SITE0015,Net Meter,08/03/2024,100,Inactive,v1.2
MTR0000006,CUST0000577,SITE0026,smart meter,10/02/2020,10,Inactive,v1.3
MTR0000007,CUST0000006,SITE0011,Commercial Meter,10/19/2018,1,Active,v2.1
MTR0000008,CUST0000577,SITE0008,Commercial Meter,03/04/2020,1,Inactive,v1.2
MTR0000009,CUST0000072,SITE0023,Commercial Meter,2018-05-02,1,Active,v1.2
MTR0000010,CUST0000310,SITE0025,Smart Meter,02/05/2021,100,active ,v1.3
MTR0000011,CUST0000341,SITE0024,Commercial Meter,07/29/2020,1,active ,v1.3
MTR0000012,CUST0000074,SITE0028,smart meter,02/01/2020,1,Inactive,
MTR0000013,CUST0000442,SITE0016,Commercial Meter,2023-11-14,1,Active,
MTR0000014,CUST0000375,SITE0003,Commercial Meter,2019-03-12,bad,Disconnected,v2.1
MTR0000015,CUST0000563,SITE0002,Smart Meter,2022-11-29,1,Active,
MTR0000016,CUST0000146,SITE0026,Commercial Meter,06/03/2023,100,Disconnected,v1.3
MTR0000017,CUST0000039,SITE0014,Industrial Meter,01/25/2021,bad,active ,v1.3
MTR0000018,CUST0000627,SITE0027,Commercial Meter,04/29/2023,bad,Disconnected,
MTR0000019,CUST0000052,SITE0028,Industrial Meter,2019-05-31,1,Active,
MTR0000020,CUST0000169,SITE0025,Smart Meter,02/09/2021,1,Disconnected,v1.3
MTR0000021,CUST0000444,SITE0029,smart meter,02/23/2024,bad,active ,v2.1
MTR0000022,CUST0000298,SITE0002,Smart Meter,2021-08-17,bad,active ,v1.3
MTR0000023,CUST0000290,SITE0017,smart meter,02/25/2023,100,Disconnected,v1.3
MTR0000024,CUST0000505,SITE0009,Commercial Meter,10/16/2019,1,active ,
MTR0000025,CUST0000173,SITE_UNKNOWN,Industrial Meter,07/23/2021,10,Disconnected,v1.3
MTR0000026,CUST0000785,SITE0023,Net Meter,05/13/2020,1,active ,
MTR0000027,CUST0000237,SITE0019,Smart Meter,11/13/2024,1,Disconnected,v2.1
MTR0000028,CUST0000282,SITE0002,Commercial Meter,2019-10-07,10,Disconnected,v1.2
MTR0000029,CUST0000707,SITE0003,Industrial Meter,2022-10-13,100,active ,v2.0
MTR0000030,CUST0000072,SITE0015,Net Meter,2025-01-14,10,Inactive,v2.0
MTR0000031,CUST0000794,SITE0012,Smart Meter,07/09/2020,1,active ,v2.0
MTR0000032,CUST0000697,SITE0019,Smart Meter,09/17/2019,1,Inactive,v2.0
MTR0000033,CUST0000066,SITE0007,Net Meter,11/03/2021,10,active ,v1.2
MTR0000034,CUST0000708,SITE0027,smart meter,07/03/2021,1,Active,v1.2
MTR0000035,CUST0000223,SITE0022,Commercial Meter,2018-10-30,1,Disconnected,
MTR0000036,CUST0000760,SITE0015,Smart Meter,05/17/2022,1,Disconnected,v1.2
MTR0000037,CUST0000794,SITE0019,Commercial Meter,04/27/2019,1,Disconnected,v2.1
MTR0000038,CUST0000362,SITE0016,Industrial Meter,2022-02-01,10,Inactive,v1.2
MTR0000039,CUST0000402,SITE0020,smart meter,2024-01-15,10,Active,v2.0
MTR0000040,CUST0000493,SITE0001,smart meter,09/14/2025,10,Disconnected,v1.3
MTR0000041,CUST0000279,SITE0007,Industrial Meter,2025-04-15,10,Disconnected,v1.2
MTR0000042,CUST0000393,SITE0013,Smart Meter,10/25/2022,1,Active,v2.1
MTR0000043,CUST0000483,SITE0006,Smart Meter,2021-05-29,1,Inactive,v1.3
MTR0000044,CUST0000198,SITE0022,smart meter,2025-09-28,10,Inactive,v1.2
MTR0000045,CUST0000419,SITE0022,smart meter,01/29/2018,100,active ,v2.1
MTR0000046,CUST0000020,SITE0015,Smart Meter,01/08/2020,1,active ,
MTR0000047,CUST0000720,SITE0030,smart meter,08/28/2021,100,active ,v1.3
MTR0000048,CUST0000210,SITE0014,Industrial Meter,07/22/2018,100,active ,v2.1
MTR0000049,CUST0000091,SITE0025,Industrial Meter,2021-04-29,1,Disconnected,v1.2
MTR0000050,CUST0000546,SITE0016,Net Meter,01/18/2019,100,Inactive,v1.2
MTR0000051,CUST0000477,SITE0021,Net Meter,01/24/2023,bad,Active,v1.3
MTR0000052,CUST0000451,SITE0001,Commercial Meter,2025-11-30,10,Disconnected,v2.1
MTR0000053,CUST0000163,SITE0006,Commercial Meter,2021-12-29,1,active ,v1.3
MTR0000054,CUST0000306,SITE0020,Industrial Meter,2020-03-31,1,active ,v2.0
MTR0000055,CUST0000625,SITE0002,Smart Meter,04/30/2022,1,Inactive,
MTR0000056,CUST0000159,SITE0026,Industrial Meter,2022-07-04,100,Active,v1.3
MTR0000057,CUST0000163,SITE0001,Industrial Meter,2023-11-17,bad,Inactive,v1.2
MTR0000058,CUST0000475,SITE0010,Smart Meter,11/27/2018,100,Active,
MTR0000059,CUST0000248,SITE0022,Commercial Meter,2023-10-31,100,Inactive,v2.1
MTR0000060,CUST0000625,SITE0001,Industrial Meter,11/20/2021,1,Active,v1.2
MTR0000061,CUST0000711,SITE0023,Net Meter,2019-03-30,10,Disconnected,
MTR0000062,CUST0000753,SITE0028,Smart Meter,2022-05-05,10,Inactive,
MTR0000063,CUST0000384,SITE0024,Commercial Meter,2018-12-18,10,Disconnected,v2.0
MTR0000064,CUST0000153,SITE0028,Smart Meter,11/01/2025,100,Disconnected,v2.1
MTR0000065,CUST0000093,SITE0009,Commercial Meter,2019-09-29,10,Disconnected,v1.2
MTR0000066,CUST0000062,SITE0022,Net Meter,2024-05-28,1,Active,v2.0
MTR0000067,CUST0000498,SITE0027,Industrial Meter,2021-02-18,bad,Inactive,v1.2
MTR0000068,CUST0000307,SITE0011,Net Meter,2023-12-28,1,Active,v2.0
MTR0000069,CUST0000223,SITE0001,Industrial Meter,2021-10-24,bad,Disconnected,v1.3
MTR0000070,CUST0000086,SITE0019,Net Meter,2021-04-11,1,Inactive,v2.1
MTR0000071,CUST0000730,SITE0019,Commercial Meter,02/07/2019,1,active ,v1.3
MTR0000072,CUST0000112,SITE0003,Industrial Meter,11/29/2025,1,active ,v2.0
MTR0000073,CUST0000569,SITE0027,Smart Meter,2022-10-20,1,Disconnected,v1.2
MTR0000074,CUST0000511,SITE0018,Commercial Meter,2022-02-01,10,active ,v1.2
MTR0000075,CUST0000162,SITE0005,smart meter,2021-09-10,1,Inactive,v1.3
MTR0000076,CUST0000527,SITE0003,Net Meter,2024-04-28,bad,active ,v2.0
MTR0000077,CUST0000221,SITE0030,Net Meter,2021-03-24,1,Inactive,v1.2
MTR0000078,CUST0000627,SITE0007,Industrial Meter,03/06/2023,1,Inactive,v1.2
MTR0000079,CUST0000713,SITE0009,Industrial Meter,05/09/2025,1,Disconnected,v2.1
MTR0000080,CUST0000683,SITE0006,smart meter,07/07/2024,bad,Disconnected,v1.3
MTR0000081,CUST0000710,SITE0001,Smart Meter,01/01/2026,1,Disconnected,v2.0
MTR0000082,CUST0000159,SITE0005,Smart Meter,07/12/2020,1,Inactive,v1.3
MTR0000083,CUST0000040,SITE0029,smart meter,2022-06-10,1,Disconnected,v2.0
MTR0000084,CUST0000099,SITE0009,smart meter,10/28/2023,100,Disconnected,
MTR0000085,CUST0000095,SITE0014,smart meter,2020-03-31,1,Inactive,v2.0
MTR0000086,CUST0000326,SITE0010,Commercial Meter,2024-09-20,bad,active ,v1.3
MTR0000087,CUST0000576,SITE0004,Smart Meter,03/04/2022,1,Inactive,v1.2
MTR0000088,CUST0000188,SITE0029,Smart Meter,2024-12-25,1,Active,v2.0
MTR0000089,CUST0000652,SITE0008,Net Meter,03/02/2024,1,Active,v1.3
MTR0000090,CUST0000773,SITE0012,Commercial Meter,10/01/2020,1,active ,v1.2
MTR0000091,CUST0000230,SITE0011,Industrial Meter,2018-12-20,100,Disconnected,v2.1
MTR0000092,CUST0000073,SITE0024,Smart Meter,01/09/2026,1,active ,v2.0
MTR0000093,CUST0000217,SITE0006,smart meter,2021-10-23,bad,active ,v1.2
MTR0000094,CUST0000683,SITE0029,smart meter,06/30/2019,bad,active ,v2.0
MTR0000095,CUST0000409,SITE0012,Net Meter,11/13/2024,bad,active ,v1.3
MTR0000096,CUST0000400,SITE0018,Smart Meter,2021-02-19,100,active ,v1.3
MTR0000097,CUST0000367,SITE0019,Net Meter,2022-07-05,100,active ,v2.0
MTR0000098,CUST0000166,SITE0008,Smart Meter,2025-11-02,1,active ,v1.3
MTR0000099,CUST0000235,SITE0019,smart meter,2024-07-02,1,Active,v2.0
MTR0000100,CUST0000760,SITE0029,smart meter,2019-09-26,1,Active,v1.2
MTR0000101,CUST0000428,SITE0015,Net Meter,2025-06-07,1,Active,
MTR0000102,CUST0000764,SITE0019,Industrial Meter,2024-09-18,1,Active,v1.3
MTR0000103,CUST0000042,SITE_UNKNOWN,smart meter,04/25/2025,100,Disconnected,v1.2
MTR0000104,CUST0000794,SITE0012,Net Meter,09/21/2022,bad,Inactive,v2.1
MTR0000105,CUST0000331,SITE0029,Commercial Meter,09/07/2021,100,Disconnected,
MTR0000106,CUST0000288,SITE0018,Industrial Meter,2023-11-11,10,Active,v1.2
MTR0000107,CUST0000329,SITE0010,Commercial Meter,08/27/2018,bad,active ,v2.1
MTR0000108,CUST0000199,SITE0005,smart meter,2025-12-16,1,active ,v1.2
MTR0000109,CUST0000606,SITE0005,Industrial Meter,2021-10-31,bad,Active,v2.0
MTR0000110,CUST0000304,SITE0005,Industrial Meter,2024-02-05,1,Disconnected,
MTR0000111,CUST0000533,SITE0024,smart meter,2021-06-26,10,Disconnected,v1.2
MTR0000112,CUST0000018,SITE0022,Industrial Meter,12/30/2025,10,active ,v2.1
MTR0000113,CUST0000222,SITE0005,Net Meter,10/03/2025,bad,active ,
MTR0000114,CUST0000596,SITE0013,Industrial Meter,06/21/2023,1,active ,
MTR0000115,CUST0000427,SITE0022,Commercial Meter,11/06/2022,100,active ,v1.3
MTR0000116,CUST0000045,SITE0014,Industrial Meter,06/18/2023,100,active ,v1.2
MTR0000117,CUST0000416,SITE0017,Smart Meter,2018-10-03,10,Active,v1.3
MTR0000118,CUST0000684,SITE0018,Industrial Meter,2025-01-30,10,Active,v1.2
MTR0000119,CUST0000665,SITE0027,Commercial Meter,01/01/2020,bad,Active,v1.3
MTR0000120,CUST0000342,SITE0004,Net Meter,2024-07-16,100,Disconnected,v2.0
MTR0000121,CUST0000446,SITE0022,Commercial Meter,11/23/2023,1,active ,v1.2
MTR0000122,CUST0000421,SITE0014,smart meter,2019-03-05,100,active ,v2.1
MTR0000123,CUST0000175,SITE0004,smart meter,2018-06-27,100,Disconnected,v1.2
MTR0000124,CUST0000459,SITE0026,smart meter,2019-05-04,1,Inactive,v1.3
MTR0000125,CUST0000110,SITE0027,Smart Meter,2020-07-31,100,Disconnected,v1.2
MTR0000126,CUST0000241,SITE0026,smart meter,10/13/2023,100,Inactive,v2.0
MTR0000127,CUST0000662,SITE0027,Smart Meter,2023-05-08,100,active ,
MTR0000128,CUST0000382,SITE0014,Commercial Meter,2024-08-11,1,Disconnected,v1.2
MTR0000129,CUST0000703,SITE0014,Commercial Meter,2022-04-29,1,Disconnected,
MTR0000130,CUST0000359,SITE0012,Smart Meter,2025-10-20,10,active ,v2.0
MTR0000131,CUST0000403,SITE0016,smart meter,12/10/2025,bad,Disconnected,v1.2
MTR0000132,CUST0000055,SITE0028,Smart Meter,08/10/2021,1,Disconnected,v2.0
MTR0000133,CUST0000368,SITE0029,Net Meter,02/22/2022,10,Inactive,
MTR0000134,CUST0000702,SITE0018,Net Meter,2021-04-10,10,active ,
MTR0000135,CUST0000566,SITE0022,Industrial Meter,2021-07-27,1,Disconnected,v1.2
MTR0000136,CUST0000118,SITE0019,Smart Meter,2024-01-23,1,Active,v1.3
MTR0000137,CUST0000716,SITE0006,smart meter,06/19/2025,1,active ,v2.1
MTR0000138,CUST0000641,SITE0024,smart meter,2018-08-20,1,active ,v1.2
MTR0000139,CUST0000360,SITE0001,smart meter,07/11/2018,bad,Active,
MTR0000140,CUST0000539,SITE0014,smart meter,02/11/2024,1,Disconnected,v2.1
MTR0000141,CUST0000698,SITE0028,Commercial Meter,2018-11-21,10,Active,v2.0
MTR0000142,CUST0000610,SITE0001,Net Meter,2024-10-07,bad,Active,v2.0
MTR0000143,CUST0000296,SITE0016,Smart Meter,01/16/2023,1,Disconnected,v2.0
MTR0000144,CUST0000364,SITE0010,Industrial Meter,2019-06-02,1,active ,v2.0
MTR0000145,CUST0000290,SITE0015,Net Meter,07/11/2021,1,Disconnected,v2.0
MTR0000146,CUST0000212,SITE0025,smart meter,2018-04-21,10,Inactive,v2.1
MTR0000147,CUST0000536,SITE0005,Smart Meter,06/01/2021,100,Disconnected,v2.1
MTR0000148,CUST0000325,SITE0023,Commercial Meter,01/24/2021,1,active ,v2.0
MTR0000149,CUST0000394,SITE0013,Commercial Meter,2022-08-09,1,active ,v1.3
MTR0000150,CUST0000076,SITE0002,Net Meter,03/08/2023,1,active ,v1.3
MTR0000151,CUST0000067,SITE0022,smart meter,04/21/2020,1,Active,v2.1
MTR0000152,CUST0000626,SITE0006,Smart Meter,02/04/2019,1,Disconnected,v2.1
MTR0000153,CUST0000515,SITE0007,Commercial Meter,2022-11-23,bad,Disconnected,
MTR0000154,CUST0000616,SITE0021,Commercial Meter,01/22/2022,1,active ,v2.1
MTR0000155,CUST0000114,SITE0020,Net Meter,10/08/2018,1,Inactive,v2.1
MTR0000156,CUST0000616,SITE0010,Commercial Meter,2023-11-02,1,Active,v1.2
MTR0000157,CUST0000314,SITE0024,Industrial Meter,2021-08-15,1,Disconnected,v2.0
MTR0000158,CUST0000448,SITE0005,Net Meter,2019-05-20,1,Disconnected,v1.2
MTR0000159,CUST0000224,SITE0018,Net Meter,12/14/2020,1,active ,v2.0
MTR0000160,CUST0000599,SITE0015,smart meter,05/03/2020,1,active ,v1.2
MTR0000161,CUST0000545,SITE0012,smart meter,2024-10-03,bad,active ,v2.1
MTR0000162,CUST0000731,SITE0015,Industrial Meter,2025-09-09,10,active ,v2.1
MTR0000163,CUST0000506,SITE0021,Industrial Meter,2024-04-13,1,Active,v2.1
MTR0000164,CUST0000260,SITE0020,smart meter,11/05/2025,1,Active,v1.3
MTR0000165,CUST0000551,SITE0016,Commercial Meter,2024-10-01,bad,Disconnected,v1.3
MTR0000166,CUST0000426,SITE0012,Net Meter,2020-04-24,100,active ,
MTR0000167,CUST0000746,SITE0022,Industrial Meter,2022-05-16,1,Inactive,v2.0
MTR0000168,CUST0000540,SITE0009,Net Meter,2022-01-12,10,active ,v1.2
MTR0000169,CUST0000266,SITE0002,Smart Meter,2023-01-24,1,active ,v1.3
MTR0000170,CUST0000160,SITE0017,Net Meter,2023-11-06,1,Active,v1.2
MTR0000171,CUST0000565,SITE0001,Industrial Meter,09/12/2024,1,Active,v2.0
MTR0000172,CUST0000398,SITE_UNKNOWN,Smart Meter,02/10/2021,100,Active,v2.1
MTR0000173,CUST0000733,SITE0004,Commercial Meter,2022-03-15,10,Disconnected,v2.0
MTR0000174,CUST0000611,SITE0027,Smart Meter,2022-07-16,10,Active,v1.3
MTR0000175,CUST0000443,SITE0022,smart meter,2020-11-09,1,Disconnected,v2.0
MTR0000176,CUST0000019,SITE0005,Industrial Meter,12/13/2022,1,Active,v2.0
MTR0000177,CUST0000520,SITE0011,Smart Meter,11/07/2022,100,Disconnected,
MTR0000178,CUST0000054,SITE0001,Smart Meter,2021-06-01,1,active ,v1.3
MTR0000179,CUST0000131,SITE0002,smart meter,2018-03-31,1,Disconnected,v2.1
MTR0000180,CUST0000626,SITE0014,smart meter,01/12/2021,1,active ,v2.1
MTR0000181,CUST0000786,SITE0020,smart meter,08/18/2020,1,Disconnected,v1.2
MTR0000182,CUST0000575,SITE0022,Smart Meter,2019-09-23,1,Inactive,v1.2
MTR0000183,CUST0000472,SITE0008,Industrial Meter,02/20/2018,100,Active,v1.2
MTR0000184,CUST0000305,SITE0015,Commercial Meter,2023-05-16,100,Inactive,v1.2
MTR0000185,CUST0000496,SITE0027,Industrial Meter,2019-12-11,bad,Active,v2.1
MTR0000186,CUST0000261,SITE0030,smart meter,2023-06-12,100,Inactive,v2.1
MTR0000187,CUST0000104,SITE0019,smart meter,06/01/2020,1,Active,v2.0
MTR0000188,CUST0000601,SITE0020,Commercial Meter,12/11/2025,bad,Inactive,v1.2
MTR0000189,CUST0000347,SITE0023,Net Meter,08/22/2018,bad,Disconnected,v1.3
MTR0000190,CUST0000254,SITE0025,smart meter,01/21/2025,10,active ,v1.3
MTR0000191,CUST0000409,SITE0011,Commercial Meter,2021-02-19,1,Active,v2.0
MTR0000192,CUST0000707,SITE0021,Smart Meter,2024-05-24,bad,active ,
MTR0000193,CUST0000505,SITE0023,Commercial Meter,2021-12-29,1,Disconnected,v2.1
MTR0000194,CUST0000508,SITE0004,Smart Meter,05/05/2023,1,Active,v1.2
MTR0000195,CUST0000080,SITE0016,Smart Meter,2021-12-30,1,active ,v2.1
MTR0000196,CUST0000766,SITE0007,smart meter,09/11/2018,1,Active,v1.2
MTR0000197,CUST0000285,SITE0007,Industrial Meter,08/09/2022,1,Active,v1.3
MTR0000198,CUST0000652,SITE0007,Industrial Meter,2018-09-18,1,Disconnected,v1.2
MTR0000199,CUST0000760,SITE0001,smart meter,11/28/2023,1,Active,v2.0
MTR0000200,CUST0000422,SITE0007,smart meter,2020-04-26,bad,active ,v1.2
MTR0000201,CUST0000617,SITE0029,Net Meter,05/19/2018,100,Inactive,
MTR0000202,CUST0000700,SITE0028,Commercial Meter,2020-08-01,1,Disconnected,
MTR0000203,CUST0000600,SITE0010,Net Meter,02/06/2018,bad,active ,
MTR0000204,CUST0000313,SITE0009,Commercial Meter,2021-03-07,bad,active ,v1.3
MTR0000205,CUST0000345,SITE0030,Industrial Meter,2018-09-18,10,Active,v2.1
MTR0000206,CUST0000799,SITE0012,Smart Meter,11/16/2021,bad,active ,v1.2
MTR0000207,CUST0000764,SITE0024,Industrial Meter,07/13/2018,bad,Active,v1.3
MTR0000208,CUST0000011,SITE0005,Industrial Meter,2025-07-13,10,Disconnected,
MTR0000209,CUST0000274,SITE0017,Net Meter,2019-01-24,bad,Disconnected,
MTR0000210,CUST0000514,SITE0004,Net Meter,2024-03-18,10,Active,v2.0
MTR0000211,CUST0000502,SITE0008,Smart Meter,2025-11-17,10,Active,v1.3
MTR0000212,CUST0000430,SITE0002,Net Meter,2022-05-06,1,Inactive,v1.3
MTR0000213,CUST0000574,SITE0008,Net Meter,2020-02-08,1,active ,v2.0
MTR0000214,CUST0000196,SITE0027,Smart Meter,2020-02-18,1,Active,v1.2
MTR0000215,CUST0000352,SITE0002,Commercial Meter,07/19/2023,1,Inactive,v1.3
MTR0000216,CUST0000623,SITE0009,smart meter,08/23/2021,bad,Disconnected,
MTR0000217,CUST0000249,SITE0029,Industrial Meter,2020-07-13,1,Disconnected,
MTR0000218,CUST0000645,SITE0010,Smart Meter,2024-10-15,1,Active,v2.0
MTR0000219,CUST0000399,SITE0009,Smart Meter,07/24/2020,1,Disconnected,v1.2
MTR0000220,CUST0000448,SITE0022,Industrial Meter,2024-06-11,1,active ,v1.2
MTR0000221,CUST0000218,SITE0021,Smart Meter,05/04/2018,bad,Disconnected,v1.3
MTR0000222,CUST0000617,SITE0016,Industrial Meter,2023-01-30,1,Active,v1.3
MTR0000223,CUST0000499,SITE0004,Industrial Meter,2023-10-14,1,Inactive,v2.1
MTR0000224,CUST0000105,SITE0012,Industrial Meter,2024-04-21,1,Disconnected,v1.2
MTR0000225,CUST0000360,SITE0025,smart meter,2023-03-04,10,Inactive,v1.3
MTR0000226,CUST0000129,SITE0026,Smart Meter,04/14/2019,10,Disconnected,v1.3
MTR0000227,CUST0000012,SITE0010,Net Meter,08/23/2022,10,Disconnected,v1.3
MTR0000228,CUST0000082,SITE0021,Industrial Meter,2021-04-27,100,Active,v2.0
MTR0000229,CUST0000498,SITE0023,Commercial Meter,2024-09-26,10,active ,v2.0
MTR0000230,CUST0000270,SITE0002,Net Meter,11/07/2025,10,Disconnected,v1.2
MTR0000231,CUST0000635,SITE0027,Commercial Meter,06/07/2021,1,Disconnected,v2.1
MTR0000232,CUST0000062,SITE0023,Smart Meter,02/16/2018,1,Active,
MTR0000233,CUST0000308,SITE0012,Industrial Meter,2019-10-12,bad,active ,v2.0
MTR0000234,CUST0000424,SITE0012,Commercial Meter,05/03/2022,10,Active,v2.1
MTR0000235,CUST0000700,SITE0027,Net Meter,04/05/2018,10,Inactive,v1.3
MTR0000236,CUST0000174,SITE0004,smart meter,2021-01-08,1,Active,v2.1
MTR0000237,CUST0000047,SITE0024,Commercial Meter,2021-11-18,1,Active,v2.0
MTR0000238,CUST0000538,SITE0003,Net Meter,2023-02-24,100,Inactive,
MTR0000239,CUST0000788,SITE0001,Industrial Meter,06/11/2023,bad,Active,v1.3
MTR0000240,CUST0000282,SITE0006,Industrial Meter,11/09/2024,1,Inactive,v2.1
MTR0000241,CUST0000419,SITE0016,Industrial Meter,08/17/2018,bad,active ,v1.3
MTR0000242,CUST0000330,SITE0012,Industrial Meter,2019-01-21,10,Inactive,v1.3
MTR0000243,CUST0000313,SITE0017,Industrial Meter,10/23/2021,bad,Active,
MTR0000244,CUST0000723,SITE0021,smart meter,2020-07-14,100,Active,
MTR0000245,CUST0000736,SITE0026,Commercial Meter,05/03/2022,1,active ,v2.0
MTR0000246,CUST0000348,SITE0012,smart meter,08/29/2025,10,active ,v1.3
MTR0000247,CUST0000682,SITE0029,smart meter,11/05/2020,1,active ,v1.3
MTR0000248,CUST0000094,SITE0006,smart meter,01/19/2022,100,active ,v2.1
MTR0000249,CUST0000270,SITE0028,smart meter,2023-11-12,100,Active,
MTR0000250,CUST0000637,SITE0012,Commercial Meter,2019-04-24,100,Disconnected,v2.1
MTR0000251,CUST0000324,SITE0007,Commercial Meter,08/07/2024,1,Disconnected,v2.0
MTR0000252,CUST0000508,SITE0007,Net Meter,2024-02-16,1,Active,v1.3
MTR0000253,CUST0000097,SITE0002,smart meter,03/05/2018,1,Inactive,
MTR0000254,CUST0000786,SITE0021,Industrial Meter,05/19/2019,100,active ,v1.2
MTR0000255,CUST0000528,SITE0029,Commercial Meter,03/17/2022,1,Disconnected,v1.3
MTR0000256,CUST0000587,SITE0009,Smart Meter,2021-06-11,bad,Active,v1.3
MTR0000257,CUST0000276,SITE0005,Industrial Meter,10/23/2022,1,active ,v2.1
MTR0000258,CUST0000765,SITE0010,Commercial Meter,2018-02-02,100,Active,v1.2
MTR0000259,CUST0000321,SITE0008,smart meter,02/06/2019,100,Disconnected,v1.2
MTR0000260,CUST0000413,SITE0030,smart meter,2019-03-13,100,Inactive,v2.0
MTR0000261,CUST0000106,SITE0024,smart meter,2023-06-29,100,Active,v2.0
MTR0000262,CUST0000169,SITE0013,Commercial Meter,07/19/2024,100,Active,
MTR0000263,CUST0000094,SITE0013,smart meter,12/03/2018,1,Active,v2.1
MTR0000264,CUST0000692,SITE0009,Smart Meter,2024-09-26,100,active ,v1.3
MTR0000265,CUST0000622,SITE0028,Commercial Meter,2019-02-08,1,Inactive,v2.1
MTR0000266,CUST0000093,SITE0014,Net Meter,05/05/2019,10,active ,v2.1
MTR0000267,CUST0000514,SITE0013,Smart Meter,11/11/2025,1,Disconnected,v2.1
MTR0000268,CUST0000157,SITE0017,Smart Meter,08/06/2025,1,Active,v1.3
MTR0000269,CUST0000396,SITE0003,Industrial Meter,02/10/2020,1,Active,v2.0
MTR0000270,CUST0000216,SITE0027,Industrial Meter,2020-03-13,10,Active,v1.2
MTR0000271,CUST0000577,SITE0010,smart meter,12/21/2019,1,Inactive,v1.3
MTR0000272,CUST0000761,SITE0002,smart meter,2018-06-08,100,active ,v2.0
MTR0000273,CUST0000314,SITE0022,smart meter,2023-07-19,100,Disconnected,v2.0
MTR0000274,CUST0000340,SITE0012,Smart Meter,05/17/2025,1,Active,v2.0
MTR0000275,CUST0000433,SITE0002,smart meter,2024-04-25,1,Active,v1.3
MTR0000276,CUST0000185,SITE0030,smart meter,02/03/2024,1,Inactive,v1.2
MTR0000277,CUST0000049,SITE0012,smart meter,2019-01-14,10,Inactive,v2.1
MTR0000278,CUST0000755,SITE0017,Net Meter,03/02/2020,1,active ,v1.3
MTR0000279,CUST0000084,SITE0019,Net Meter,06/11/2025,1,active ,v2.1
MTR0000280,CUST0000787,SITE0009,Net Meter,04/26/2025,100,Active,v1.3
MTR0000281,CUST0000155,SITE0009,smart meter,2024-05-22,1,Active,v2.0
MTR0000282,CUST0000367,SITE0011,Smart Meter,03/04/2021,bad,Inactive,v2.1
MTR0000283,CUST0000739,SITE0019,Commercial Meter,04/12/2019,1,active ,v2.1
MTR0000284,CUST0000384,SITE0022,Commercial Meter,2018-12-28,bad,Disconnected,v2.1
MTR0000285,CUST0000430,SITE0022,Net Meter,06/01/2025,1,Active,v1.2
MTR0000286,CUST0000505,SITE0016,Smart Meter,2023-03-09,1,Disconnected,v1.3
MTR0000287,CUST0000125,SITE0011,Net Meter,2025-01-20,100,Inactive,
MTR0000288,CUST0000223,SITE0012,Smart Meter,12/08/2025,10,Inactive,v2.0
MTR0000289,CUST0000589,SITE0018,smart meter,09/03/2021,1,active ,
MTR0000290,CUST0000224,SITE0003,Industrial Meter,07/11/2021,1,Inactive,v1.2
MTR0000291,CUST0000654,SITE0001,Industrial Meter,07/12/2021,10,Disconnected,v2.0
MTR0000292,CUST0000716,SITE0015,Commercial Meter,03/21/2019,1,active ,v1.3
MTR0000293,CUST0000634,SITE0021,Industrial Meter,2020-03-15,1,Inactive,
MTR0000294,CUST0000739,SITE0011,Net Meter,06/12/2019,1,active ,v2.1
MTR0000295,CUST0000431,SITE0030,Commercial Meter,07/18/2020,10,Inactive,v1.2
MTR0000296,CUST0000260,SITE0025,Net Meter,2018-06-25,100,Active,v1.2
MTR0000297,CUST0000488,SITE0025,Smart Meter,2025-10-12,1,Active,v1.2
MTR0000298,CUST0000030,SITE0011,Smart Meter,2023-01-03,100,Disconnected,v1.2
MTR0000299,CUST0000230,SITE0004,Smart Meter,09/11/2025,10,Inactive,
MTR0000300,CUST0000431,SITE0024,Industrial Meter,2023-11-29,1,Active,
MTR0000301,CUST0000530,SITE0030,Industrial Meter,10/24/2018,1,Active,
MTR0000302,CUST0000430,SITE0018,Net Meter,2022-09-30,bad,Inactive,v2.0
MTR0000303,CUST0000545,SITE0026,Net Meter,2019-07-06,1,Active,v2.1
MTR0000304,CUST0000343,SITE0005,smart meter,2024-09-30,10,Active,v1.3
MTR0000305,CUST0000775,SITE0029,Net Meter,2018-02-12,10,Active,v2.1
MTR0000306,CUST0000400,SITE0011,Commercial Meter,2025-05-30,1,Active,
MTR0000307,CUST0000283,SITE0024,Commercial Meter,12/28/2022,10,Disconnected,
MTR0000308,CUST0000118,SITE0009,Industrial Meter,2021-07-02,1,Active,
MTR0000309,CUST0000616,SITE0014,Commercial Meter,2023-06-22,1,Disconnected,v1.3
MTR0000310,CUST0000461,SITE0022,Commercial Meter,2022-10-10,10,Inactive,v1.2
MTR0000311,CUST0000252,SITE0015,smart meter,07/20/2021,100,active ,v1.2
MTR0000312,CUST0000222,SITE0021,Commercial Meter,04/27/2022,100,Disconnected,v2.0
MTR0000313,CUST0000138,SITE0015,Commercial Meter,2018-07-18,bad,active ,v2.1
MTR0000314,CUST0000565,SITE0010,Smart Meter,2019-10-19,1,Active,v2.1
MTR0000315,CUST0000255,SITE0030,Industrial Meter,2024-03-23,bad,Active,v2.1
MTR0000316,CUST0000731,SITE0004,Commercial Meter,01/27/2018,100,Inactive,v2.0
MTR0000317,CUST0000119,SITE0030,Commercial Meter,2022-10-14,10,Disconnected,v1.2
MTR0000318,CUST0000733,SITE0017,Industrial Meter,2024-12-26,1,Inactive,v2.0
MTR0000319,CUST0000068,SITE0025,Smart Meter,2024-06-22,10,Inactive,v1.2
MTR0000320,CUST0000084,SITE0018,Commercial Meter,2024-01-17,1,Inactive,v2.0
MTR0000321,CUST0000390,SITE0008,Net Meter,10/15/2025,bad,active ,
MTR0000322,CUST0000750,SITE0009,Net Meter,2024-08-20,10,Disconnected,v2.0
MTR0000323,CUST0000355,SITE0005,Smart Meter,02/25/2021,bad,active ,v1.3
MTR0000324,CUST0000027,SITE0005,Smart Meter,2019-07-29,100,Disconnected,
MTR0000325,CUST0000027,SITE0016,smart meter,04/30/2018,1,Inactive,v1.2
MTR0000326,CUST0000075,SITE0013,Industrial Meter,07/04/2021,100,Disconnected,v2.1
MTR0000327,CUST0000229,SITE0014,Commercial Meter,07/14/2021,1,active ,v1.3
MTR0000328,CUST0000056,SITE0010,Commercial Meter,07/14/2019,1,Disconnected,
MTR0000329,CUST0000205,SITE0011,Commercial Meter,2020-01-02,1,Active,v2.1
MTR0000330,CUST0000668,SITE0015,smart meter,03/15/2023,100,Inactive,v1.3
MTR0000331,CUST0000006,SITE0015,Net Meter,2019-08-24,100,Active,v1.3
MTR0000332,CUST0000008,SITE0004,Smart Meter,2020-07-12,1,Active,
MTR0000333,CUST0000168,SITE0030,Commercial Meter,07/26/2021,10,Inactive,v1.3
MTR0000334,CUST0000744,SITE0023,Industrial Meter,09/19/2019,1,Inactive,v2.0
MTR0000335,CUST0000316,SITE0025,Net Meter,07/05/2021,10,Active,v1.3
MTR0000336,CUST0000492,SITE0011,Net Meter,02/27/2025,bad,active ,v1.2
MTR0000337,CUST0000425,SITE0010,Industrial Meter,2023-10-04,10,Active,v1.2
MTR0000338,CUST0000503,SITE0029,Commercial Meter,01/19/2020,100,Inactive,v1.2
MTR0000339,CUST0000559,SITE0026,Commercial Meter,01/10/2019,100,Disconnected,v2.1
MTR0000340,CUST0000272,SITE0001,Industrial Meter,2021-04-21,1,Inactive,v2.0
MTR0000341,CUST0000787,SITE0004,Smart Meter,03/09/2021,1,Disconnected,v2.0
MTR0000342,CUST0000457,SITE0014,Commercial Meter,03/24/2023,100,active ,v2.0
MTR0000343,CUST0000581,SITE0010,Commercial Meter,2023-07-03,bad,active ,
MTR0000344,CUST0000728,SITE0016,Smart Meter,2019-08-06,1,Disconnected,v2.1
MTR0000345,CUST0000453,SITE0004,Industrial Meter,2024-09-04,1,Disconnected,v1.3
MTR0000346,CUST0000703,SITE0027,Commercial Meter,09/13/2024,1,Active,v1.3
MTR0000347,CUST0000673,SITE0005,Industrial Meter,2022-07-30,1,Active,v1.2
MTR0000348,CUST0000548,SITE0013,Net Meter,2019-03-30,bad,Disconnected,v2.1
MTR0000349,CUST0000063,SITE0022,Commercial Meter,05/08/2022,100,Disconnected,v1.3
MTR0000350,CUST0000679,SITE0002,Commercial Meter,03/20/2023,100,Inactive,v2.0
MTR0000351,CUST0000561,SITE0023,Industrial Meter,2022-09-08,1,Inactive,
MTR0000352,CUST0000259,SITE0021,smart meter,2022-07-07,100,active ,v2.1
MTR0000353,CUST0000692,SITE0016,Smart Meter,2020-02-08,10,Disconnected,v1.3
MTR0000354,CUST0000624,SITE0005,Net Meter,06/23/2022,100,Active,
MTR0000355,CUST0000379,SITE0010,Smart Meter,2025-01-09,100,active ,v2.0
MTR0000356,CUST0000704,SITE0001,smart meter,08/03/2021,1,Active,v2.1
MTR0000357,CUST0000599,SITE0026,Smart Meter,08/10/2024,10,active ,v1.2
MTR0000358,CUST0000665,SITE0005,smart meter,12/03/2023,10,Disconnected,v2.0
MTR0000359,CUST0000548,SITE0025,Industrial Meter,02/01/2020,1,active ,v1.3
MTR0000360,CUST0000260,SITE0020,Industrial Meter,12/16/2019,1,Disconnected,v2.0
MTR0000361,CUST0000793,SITE0004,Smart Meter,2019-09-29,1,Active,v2.0
MTR0000362,CUST0000724,SITE0007,smart meter,11/22/2018,100,Active,v1.2
MTR0000363,CUST0000141,SITE0028,Industrial Meter,2023-01-16,1,Inactive,v1.3
MTR0000364,CUST0000013,SITE0009,smart meter,2021-11-05,10,active ,
MTR0000365,CUST0000330,SITE0014,Industrial Meter,06/10/2020,bad,active ,v2.1
MTR0000366,CUST0000029,SITE0013,smart meter,2024-05-31,1,Disconnected,v2.0
MTR0000367,CUST0000010,SITE0028,Commercial Meter,02/11/2019,1,Active,
MTR0000368,CUST0000374,SITE0018,Industrial Meter,2020-08-08,1,active ,
MTR0000369,CUST0000171,SITE0011,Smart Meter,2021-06-29,10,active ,v1.3
MTR0000370,CUST0000038,SITE0020,Industrial Meter,2018-03-20,1,Inactive,
MTR0000371,CUST0000172,SITE0017,Commercial Meter,04/23/2023,1,Disconnected,v2.1
MTR0000372,CUST0000775,SITE0020,smart meter,2018-07-26,10,Inactive,v2.1
MTR0000373,CUST0000452,SITE0021,Industrial Meter,10/07/2020,bad,active ,v1.3
MTR0000374,CUST0000472,SITE0010,Industrial Meter,2023-04-23,100,Disconnected,v1.2
MTR0000375,CUST0000580,SITE0020,Industrial Meter,08/08/2022,10,Active,v2.0
MTR0000376,CUST0000245,SITE0029,Commercial Meter,2018-08-30,1,Active,v1.3
MTR0000377,CUST0000239,SITE0009,Industrial Meter,2020-07-01,1,active ,v2.0
MTR0000378,CUST0000667,SITE0017,Smart Meter,10/10/2023,1,Disconnected,v2.0
MTR0000379,CUST0000212,SITE0025,smart meter,2021-05-27,1,active ,v2.1
MTR0000380,CUST0000554,SITE0009,Smart Meter,2018-10-08,1,Active,v1.3
MTR0000381,CUST0000522,SITE0020,Commercial Meter,04/27/2021,1,Active,v2.0
MTR0000382,CUST0000564,SITE0013,smart meter,2022-01-09,bad,Active,
MTR0000383,CUST0000276,SITE0027,Industrial Meter,2025-06-24,1,Inactive,v1.3
MTR0000384,CUST0000034,SITE0018,Commercial Meter,10/13/2022,10,Active,v2.1
MTR0000385,CUST0000724,SITE0011,smart meter,01/03/2019,10,Inactive,
MTR0000386,CUST0000029,SITE0014,Net Meter,2020-12-21,bad,Inactive,v2.0
MTR0000387,CUST0000616,SITE0028,Net Meter,05/19/2024,bad,Disconnected,v1.2
MTR0000388,CUST0000158,SITE0024,Commercial Meter,09/08/2022,100,Active,v2.1
MTR0000389,CUST0000425,SITE0026,smart meter,10/09/2018,100,Inactive,v2.1
MTR0000390,CUST0000599,SITE0021,Commercial Meter,11/15/2019,1,Active,v2.1
MTR0000391,CUST0000119,SITE0016,Net Meter,2021-03-04,bad,active ,v1.3
MTR0000392,CUST0000783,SITE0011,Commercial Meter,06/02/2024,bad,Disconnected,v2.0
MTR0000393,CUST0000387,SITE0006,Smart Meter,09/25/2021,10,Active,
MTR0000394,CUST0000175,SITE0028,Commercial Meter,2019-12-10,10,active ,v2.1
MTR0000395,CUST0000295,SITE0015,Industrial Meter,2023-12-28,100,Disconnected,v2.0
MTR0000396,CUST0000285,SITE0019,Commercial Meter,05/20/2018,1,active ,v1.3
MTR0000397,CUST0000194,SITE0016,Commercial Meter,01/29/2020,10,Active,v2.0
MTR0000398,CUST0000098,SITE0030,Net Meter,06/16/2023,1,Active,v2.1
MTR0000399,CUST0000323,SITE0028,Smart Meter,02/13/2025,100,Disconnected,v2.1
MTR0000400,CUST0000205,SITE_UNKNOWN,Industrial Meter,2024-07-12,100,Inactive,v1.2
MTR0000401,CUST0000477,SITE0009,Net Meter,2021-04-01,10,Active,
MTR0000402,CUST0000392,SITE0002,Commercial Meter,01/12/2025,10,Inactive,v1.3
MTR0000403,CUST0000047,SITE0007,Net Meter,03/10/2020,bad,Inactive,v2.1
MTR0000404,CUST0000007,SITE0022,Commercial Meter,2022-06-19,bad,active ,v2.1
MTR0000405,CUST0000194,SITE0028,Net Meter,2018-05-19,1,Disconnected,v1.2
MTR0000406,CUST0000162,SITE0009,Industrial Meter,2025-09-02,1,Inactive,v1.2
MTR0000407,CUST0000687,SITE0030,Commercial Meter,08/22/2021,10,Disconnected,v1.2
MTR0000408,CUST0000745,SITE0010,Industrial Meter,2023-04-07,100,Inactive,v2.0
MTR0000409,CUST0000233,SITE0013,Smart Meter,08/04/2023,bad,Inactive,v2.0
MTR0000410,CUST0000219,SITE0029,smart meter,2024-07-04,1,Disconnected,v2.1
MTR0000411,CUST0000784,SITE0019,Smart Meter,2019-01-01,1,active ,v2.1
MTR0000412,CUST0000703,SITE0020,Commercial Meter,01/11/2020,1,active ,v1.3
MTR0000413,CUST0000067,SITE0029,Commercial Meter,05/22/2023,1,active ,v1.3
MTR0000414,CUST0000396,SITE0002,Smart Meter,07/30/2023,100,Inactive,v1.3
MTR0000415,CUST0000790,SITE0019,Net Meter,02/12/2019,1,Active,
MTR0000416,CUST0000138,SITE0021,Net Meter,10/29/2020,bad,active ,
MTR0000417,CUST0000603,SITE0015,Industrial Meter,2022-08-21,100,Disconnected,v2.1
MTR0000418,CUST0000159,SITE0021,Net Meter,2019-01-17,1,Active,v1.3
MTR0000419,CUST0000650,SITE0027,Commercial Meter,01/06/2021,1,Disconnected,v1.2
MTR0000420,CUST0000799,SITE0024,Net Meter,01/12/2022,1,Active,v1.2
MTR0000421,CUST0000059,SITE0003,Net Meter,2023-05-10,100,active ,v1.3
MTR0000422,CUST0000335,SITE0030,Commercial Meter,2019-09-06,bad,Inactive,v1.3
MTR0000423,CUST0000641,SITE0008,smart meter,2021-10-12,1,Inactive,v1.3
MTR0000424,CUST0000721,SITE0028,Commercial Meter,03/18/2025,bad,Inactive,v2.1
MTR0000425,CUST0000182,SITE0006,Commercial Meter,03/11/2022,1,Disconnected,v2.0
MTR0000426,CUST0000135,SITE0009,smart meter,07/26/2023,100,Inactive,v2.0
MTR0000427,CUST0000597,SITE0004,Smart Meter,2022-05-07,1,Inactive,v2.1
MTR0000428,CUST0000019,SITE0001,Industrial Meter,02/27/2020,1,Disconnected,v1.2
MTR0000429,CUST0000187,SITE0012,Net Meter,2019-03-17,1,Active,
MTR0000430,CUST0000688,SITE0030,Smart Meter,01/19/2025,10,Active,v1.2
MTR0000431,CUST0000282,SITE0012,Net Meter,02/17/2025,bad,Inactive,
MTR0000432,CUST0000537,SITE0007,smart meter,2022-05-05,1,Inactive,v2.0
MTR0000433,CUST0000329,SITE0030,smart meter,06/22/2020,bad,Active,
MTR0000434,CUST0000289,SITE0023,Net Meter,07/27/2025,bad,Active,
MTR0000435,CUST0000198,SITE0029,Smart Meter,2021-01-21,10,Active,v1.2
MTR0000436,CUST0000532,SITE0023,smart meter,2022-09-25,10,Inactive,v2.1
MTR0000437,CUST0000071,SITE0019,Industrial Meter,04/30/2018,1,Disconnected,
MTR0000438,CUST0000293,SITE0010,smart meter,03/13/2024,1,Inactive,v1.2
MTR0000439,CUST0000031,SITE0026,smart meter,2023-10-15,100,Disconnected,v1.3
MTR0000440,CUST0000782,SITE0026,smart meter,06/30/2020,1,Inactive,v1.2
MTR0000441,CUST0000697,SITE0019,Industrial Meter,02/14/2024,1,Active,v1.2
MTR0000442,CUST0000051,SITE0003,smart meter,2020-10-07,1,Disconnected,v1.3
MTR0000443,CUST0000123,SITE0018,Smart Meter,04/28/2022,100,active ,v2.0
MTR0000444,CUST0000409,SITE0021,Smart Meter,05/31/2021,100,Active,v1.2
MTR0000445,CUST0000002,SITE0025,Commercial Meter,08/23/2018,bad,active ,v1.3
MTR0000446,CUST0000388,SITE0025,Industrial Meter,2024-05-30,10,Disconnected,v2.0
MTR0000447,CUST0000438,SITE0006,Commercial Meter,2021-11-12,100,Inactive,v2.1
MTR0000448,CUST0000465,SITE0027,Commercial Meter,10/06/2019,bad,Active,v2.0
MTR0000449,CUST0000174,SITE0013,Commercial Meter,07/06/2020,1,Inactive,v1.2
MTR0000450,CUST0000758,SITE0008,smart meter,12/17/2020,1,Inactive,v2.0
MTR0000451,CUST0000313,SITE0015,Smart Meter,04/19/2022,1,Inactive,v2.1
MTR0000452,CUST0000143,SITE0030,Commercial Meter,2018-12-04,100,Disconnected,v1.3
MTR0000453,CUST0000166,SITE0024,Commercial Meter,2023-11-11,100,Disconnected,v1.3
MTR0000454,CUST0000255,SITE0002,Net Meter,09/07/2020,bad,Disconnected,v1.2
MTR0000455,CUST0000182,SITE0011,Smart Meter,2019-03-05,1,Disconnected,v2.0
MTR0000456,CUST0000099,SITE0026,smart meter,2024-11-13,1,Disconnected,v1.2
MTR0000457,CUST0000141,SITE0011,Net Meter,2021-01-07,100,Active,v2.0
MTR0000458,CUST0000009,SITE0004,Commercial Meter,2022-09-30,1,Active,v2.0
MTR0000459,CUST0000246,SITE0012,Net Meter,2019-04-18,1,active ,v2.0
MTR0000460,CUST0000251,SITE0011,Industrial Meter,09/13/2021,10,Active,v1.3
MTR0000461,CUST0000187,SITE0018,smart meter,2020-06-29,10,Active,v2.1
MTR0000462,CUST0000502,SITE0008,Smart Meter,09/07/2021,1,Inactive,
MTR0000463,CUST0000194,SITE0009,Net Meter,2025-09-23,100,active ,v2.1
MTR0000464,CUST0000694,SITE0025,Industrial Meter,2021-01-06,1,Inactive,v2.1
MTR0000465,CUST0000512,SITE0011,smart meter,05/25/2018,1,Active,v2.0
MTR0000466,CUST0000729,SITE0022,Commercial Meter,2022-05-31,bad,Active,v1.3
MTR0000467,CUST0000483,SITE0009,Net Meter,2019-10-13,bad,Inactive,v2.1
MTR0000468,CUST0000562,SITE0012,Industrial Meter,04/16/2020,1,active ,v1.3
MTR0000469,CUST0000370,SITE0021,Industrial Meter,2018-09-05,100,Active,v1.3
MTR0000470,CUST0000730,SITE0028,Industrial Meter,01/08/2018,100,Disconnected,v2.1
MTR0000471,CUST0000760,SITE0027,Industrial Meter,2018-10-14,bad,Disconnected,v2.0
MTR0000472,CUST0000408,SITE0018,Industrial Meter,01/19/2019,1,Inactive,v2.1
MTR0000473,CUST0000680,SITE0029,Net Meter,03/01/2025,10,active ,v1.3
MTR0000474,CUST0000787,SITE0025,Commercial Meter,2020-12-14,bad,Inactive,v2.0
MTR0000475,CUST0000132,SITE0020,Net Meter,03/31/2022,bad,Inactive,v2.0
MTR0000476,CUST0000215,SITE0010,Net Meter,05/13/2019,bad,Disconnected,v1.2
MTR0000477,CUST0000342,SITE0029,Net Meter,2022-05-15,1,Inactive,v2.0
MTR0000478,CUST0000608,SITE0014,Industrial Meter,2019-06-01,1,Inactive,v1.2
MTR0000479,CUST0000352,SITE0028,Commercial Meter,10/28/2021,10,Active,
MTR0000480,CUST0000250,SITE0005,Industrial Meter,09/01/2018,1,active ,v1.3
MTR0000481,CUST0000558,SITE0010,Industrial Meter,01/19/2018,1,active ,
MTR0000482,CUST0000030,SITE0003,smart meter,2018-06-28,1,Inactive,v2.0
MTR0000483,CUST0000318,SITE0015,Smart Meter,2025-09-04,bad,Disconnected,
MTR0000484,CUST0000077,SITE0003,Smart Meter,05/22/2019,1,Inactive,v1.2
MTR0000485,CUST0000374,SITE0016,Industrial Meter,2022-03-14,bad,active ,v1.3
MTR0000486,CUST0000430,SITE0019,Commercial Meter,2022-08-20,100,Inactive,v2.0
MTR0000487,CUST0000727,SITE0014,Smart Meter,2022-04-05,bad,active ,
MTR0000488,CUST0000127,SITE0013,Industrial Meter,2019-06-05,1,Disconnected,v1.3
MTR0000489,CUST0000117,SITE0026,smart meter,2020-08-09,1,Inactive,
MTR0000490,CUST0000704,SITE0023,smart meter,04/08/2020,1,Active,v2.1
MTR0000491,CUST0000069,SITE0008,Commercial Meter,11/28/2023,10,Disconnected,v1.2
MTR0000492,CUST0000788,SITE0003,Industrial Meter,07/07/2024,bad,Disconnected,
MTR0000493,CUST0000273,SITE0008,smart meter,2025-12-11,100,Active,v1.3
MTR0000494,CUST0000302,SITE0019,Industrial Meter,06/20/2021,1,Active,v2.1
MTR0000495,CUST0000683,SITE0013,Smart Meter,2023-03-06,1,active ,v2.0
MTR0000496,CUST0000390,SITE0020,Net Meter,2022-10-02,bad,active ,v2.0
MTR0000497,CUST0000062,SITE0028,Commercial Meter,2024-02-09,1,Disconnected,v1.3
MTR0000498,CUST0000583,SITE0010,Smart Meter,2024-08-31,10,Disconnected,v1.3
MTR0000499,CUST0000675,SITE0024,Net Meter,10/17/2022,1,active ,v1.2
MTR0000500,CUST0000147,SITE0017,Net Meter,01/07/2023,1,Active,v2.1
MTR0000501,CUST0000170,SITE0016,smart meter,03/16/2024,10,Active,v1.3
MTR0000502,CUST0000543,SITE0017,Net Meter,2018-12-15,100,active ,v1.3
MTR0000503,CUST0000715,SITE0028,Industrial Meter,08/21/2021,1,Disconnected,v1.2
MTR0000504,CUST0000711,SITE0029,Commercial Meter,08/31/2023,1,Active,v2.1
MTR0000505,CUST0000663,SITE0030,Smart Meter,2019-02-18,bad,active ,v2.1
MTR0000506,CUST0000307,SITE0001,Net Meter,05/23/2018,bad,Disconnected,v2.0
MTR0000507,CUST0000146,SITE0002,Net Meter,07/19/2022,10,active ,v2.1
MTR0000508,CUST0000531,SITE0013,Net Meter,08/15/2021,1,Inactive,v1.2
MTR0000509,CUST0000333,SITE0012,Commercial Meter,2025-11-06,10,Disconnected,v1.2
MTR0000510,CUST0000169,SITE0013,Industrial Meter,05/26/2025,10,Disconnected,
MTR0000511,CUST0000307,SITE0020,Smart Meter,2022-12-20,1,Inactive,v1.2
MTR0000512,CUST0000633,SITE0020,Net Meter,01/08/2021,100,Disconnected,v1.3
MTR0000513,CUST0000631,SITE0005,Industrial Meter,08/24/2020,1,Disconnected,
MTR0000514,CUST0000288,SITE0019,Industrial Meter,10/06/2019,1,active ,v2.0
MTR0000515,CUST0000707,SITE0003,Smart Meter,03/21/2024,100,active ,
MTR0000516,CUST0000377,SITE0014,Smart Meter,12/14/2024,1,Inactive,v2.1
MTR0000517,CUST0000047,SITE0028,Smart Meter,09/01/2023,10,Inactive,
MTR0000518,CUST0000492,SITE0027,smart meter,11/04/2023,1,active ,v1.3
MTR0000519,CUST0000533,SITE0010,smart meter,05/17/2021,1,Inactive,v2.1
MTR0000520,CUST0000022,SITE0001,Smart Meter,02/15/2019,1,Active,v2.1
MTR0000521,CUST0000063,SITE0005,smart meter,2021-03-07,1,active ,v1.3
MTR0000522,CUST0000398,SITE0018,Industrial Meter,09/06/2023,10,active ,v1.2
MTR0000523,CUST0000578,SITE0023,smart meter,2023-06-11,1,Disconnected,v1.3
MTR0000524,CUST0000040,SITE0027,Industrial Meter,03/22/2019,1,Active,v2.0
MTR0000525,CUST0000332,SITE0023,Smart Meter,04/01/2018,1,Active,
MTR0000526,CUST0000739,SITE0006,Smart Meter,06/16/2021,10,Disconnected,v1.3
MTR0000527,CUST0000797,SITE0014,Net Meter,12/26/2020,bad,Inactive,
MTR0000528,CUST0000749,SITE0028,Industrial Meter,2022-04-30,1,Inactive,
MTR0000529,CUST0000063,SITE0019,Net Meter,2020-12-12,bad,Inactive,v2.1
MTR0000530,CUST0000372,SITE0016,smart meter,01/18/2021,bad,Active,v1.2
MTR0000531,CUST0000464,SITE0005,smart meter,2025-01-13,1,Active,v1.3
MTR0000532,CUST0000373,SITE0023,smart meter,08/09/2024,1,Disconnected,v1.2
MTR0000533,CUST0000345,SITE0011,smart meter,2022-03-26,10,Active,v2.0
MTR0000534,CUST0000710,SITE0002,Smart Meter,04/20/2019,10,Inactive,v1.2
MTR0000535,CUST0000254,SITE0002,Industrial Meter,2021-08-11,100,Inactive,v1.2
MTR0000536,CUST0000723,SITE0021,smart meter,05/26/2018,10,active ,v2.0
MTR0000537,CUST0000268,SITE0030,Net Meter,2021-05-01,1,Active,v2.0
MTR0000538,CUST0000651,SITE0021,Commercial Meter,2024-01-01,bad,active ,v2.1
MTR0000539,CUST0000766,SITE0002,Smart Meter,2025-10-06,100,Inactive,v2.0
MTR0000540,CUST0000063,SITE0013,Smart Meter,2018-07-01,1,Active,v1.2
MTR0000541,CUST0000239,SITE0023,Commercial Meter,12/02/2023,1,Active,v1.3
MTR0000542,CUST0000034,SITE0005,Industrial Meter,08/19/2024,bad,Active,v2.1
MTR0000543,CUST0000257,SITE0020,smart meter,12/07/2025,10,Inactive,v1.3
MTR0000544,CUST0000620,SITE0001,Smart Meter,2020-07-08,1,active ,v2.1
MTR0000545,CUST0000213,SITE0003,smart meter,2022-01-26,1,active ,v1.3
MTR0000546,CUST0000252,SITE0002,smart meter,09/11/2018,1,active ,
MTR0000547,CUST0000759,SITE0009,Smart Meter,2019-01-13,bad,Disconnected,
MTR0000548,CUST0000191,SITE0002,Industrial Meter,03/09/2020,bad,Disconnected,v2.1
MTR0000549,CUST0000158,SITE0016,Smart Meter,2026-01-01,100,Disconnected,v1.3
MTR0000550,CUST0000565,SITE0025,Net Meter,02/21/2023,bad,Active,v1.2
MTR0000551,CUST0000045,SITE0024,Smart Meter,2024-12-02,1,Inactive,
MTR0000552,CUST0000255,SITE0024,Net Meter,06/23/2025,bad,active ,v1.3
MTR0000553,CUST0000370,SITE0013,Industrial Meter,2019-03-05,1,active ,v2.0
MTR0000554,CUST0000710,SITE0027,smart meter,2026-01-04,bad,Active,v1.2
MTR0000555,CUST0000664,SITE0017,Industrial Meter,09/07/2025,1,Disconnected,
MTR0000556,CUST0000102,SITE0010,Smart Meter,01/26/2025,1,Active,
MTR0000557,CUST0000348,SITE0026,Industrial Meter,08/15/2023,bad,Disconnected,v2.1
MTR0000558,CUST0000073,SITE0008,Smart Meter,2025-06-02,10,active ,v2.1
MTR0000559,CUST0000544,SITE0011,Commercial Meter,01/27/2019,1,Inactive,v1.3
MTR0000560,CUST0000090,SITE0018,smart meter,2024-05-12,10,active ,v2.1
MTR0000561,CUST0000649,SITE0018,Industrial Meter,12/22/2024,10,Active,v1.2
MTR0000562,CUST0000402,SITE0022,Industrial Meter,04/09/2019,bad,Inactive,v1.3
MTR0000563,CUST0000743,SITE0020,Smart Meter,10/05/2021,1,Active,v1.3
MTR0000564,CUST0000008,SITE0020,smart meter,2025-03-09,bad,active ,
MTR0000565,CUST0000744,SITE0015,Industrial Meter,09/12/2019,bad,Inactive,v1.2
MTR0000566,CUST0000311,SITE0023,Net Meter,2024-09-28,1,Active,v2.0
MTR0000567,CUST0000754,SITE0013,smart meter,10/04/2020,1,Active,v2.0
MTR0000568,CUST0000505,SITE0029,smart meter,2018-12-07,100,Inactive,v2.0
MTR0000569,CUST0000798,SITE0003,Net Meter,12/19/2023,1,Active,v1.3
MTR0000570,CUST0000223,SITE0014,smart meter,03/26/2020,bad,active ,v2.0
MTR0000571,CUST0000411,SITE0012,Smart Meter,04/02/2023,100,Active,
MTR0000572,CUST0000671,SITE_UNKNOWN,Industrial Meter,2025-08-20,1,Active,v1.3
MTR0000573,CUST0000516,SITE0028,Commercial Meter,2023-01-07,100,Active,v1.3
MTR0000574,CUST0000203,SITE0001,Commercial Meter,2021-11-07,bad,Inactive,v1.2
MTR0000575,CUST0000127,SITE0017,Net Meter,2018-05-29,10,Inactive,v2.0
MTR0000576,CUST0000719,SITE0019,Commercial Meter,2024-08-12,1,Inactive,v2.0
MTR0000577,CUST0000431,SITE0001,Commercial Meter,09/22/2020,100,Active,
MTR0000578,CUST0000725,SITE0022,Smart Meter,2021-11-07,1,Active,
MTR0000579,CUST0000472,SITE0020,Net Meter,04/06/2019,1,Active,v2.0
MTR0000580,CUST0000499,SITE0027,Industrial Meter,04/18/2021,10,Disconnected,v1.2
MTR0000581,CUST0000489,SITE0001,Net Meter,10/10/2020,bad,Inactive,v1.2
MTR0000582,CUST0000187,SITE0005,Industrial Meter,06/21/2025,100,Active,v1.3
MTR0000583,CUST0000232,SITE0024,Net Meter,2018-08-11,100,Active,v2.0
MTR0000584,CUST0000120,SITE0018,Commercial Meter,10/05/2023,bad,Inactive,v1.3
MTR0000585,CUST0000552,SITE0004,smart meter,2024-07-09,1,Inactive,v2.0
MTR0000586,CUST0000040,SITE0006,Industrial Meter,11/26/2024,100,Inactive,v2.0
MTR0000587,CUST0000075,SITE0017,Industrial Meter,2020-11-19,100,Active,v2.0
MTR0000588,CUST0000237,SITE0013,Industrial Meter,12/05/2023,1,Inactive,v1.3
MTR0000589,CUST0000523,SITE0003,smart meter,09/04/2021,bad,Disconnected,v1.2
MTR0000590,CUST0000028,SITE0015,smart meter,2022-03-28,100,active ,
MTR0000591,CUST0000793,SITE0001,Net Meter,2025-09-03,bad,Active,v1.3
MTR0000592,CUST0000630,SITE0003,Smart Meter,09/24/2020,bad,Active,v2.1
MTR0000593,CUST0000467,SITE0021,Net Meter,09/11/2023,1,Disconnected,v2.1
MTR0000594,CUST0000333,SITE0020,Commercial Meter,2022-08-08,1,Inactive,v2.1
MTR0000595,CUST0000242,SITE0002,Smart Meter,10/16/2022,10,active ,
MTR0000596,CUST0000475,SITE0011,Commercial Meter,04/13/2018,1,Active,v1.3
MTR0000597,CUST0000192,SITE0014,Commercial Meter,2022-07-16,1,Disconnected,v1.2
MTR0000598,CUST0000739,SITE0009,Commercial Meter,10/26/2018,1,Disconnected,v2.0
MTR0000599,CUST0000521,SITE0029,smart meter,2023-06-21,bad,Inactive,v1.3
MTR0000600,CUST0000039,SITE0030,Net Meter,2019-02-03,1,Active,
MTR0000601,CUST0000105,SITE0015,Smart Meter,2018-07-11,1,active ,v1.2
MTR0000602,CUST0000377,SITE0013,Net Meter,2024-01-11,1,Active,v1.2
MTR0000603,CUST0000485,SITE0003,Net Meter,07/23/2022,100,active ,v1.3
MTR0000604,CUST0000019,SITE0018,smart meter,06/05/2019,10,active ,v2.0
MTR0000605,CUST0000380,SITE0008,Smart Meter,2024-01-12,1,active ,v1.2
MTR0000606,CUST0000754,SITE0027,Net Meter,09/12/2020,1,Inactive,v2.0
MTR0000607,CUST0000426,SITE0028,Net Meter,08/02/2018,bad,Active,v2.0
MTR0000608,CUST0000596,SITE0021,Smart Meter,2018-11-08,1,Disconnected,v1.2
MTR0000609,CUST0000688,SITE0028,Commercial Meter,05/18/2022,10,Inactive,v2.1
MTR0000610,CUST0000183,SITE0020,smart meter,2025-04-26,1,Disconnected,
MTR0000611,CUST0000064,SITE0018,Smart Meter,2021-10-21,100,Disconnected,v2.1
MTR0000612,CUST_BAD,SITE0022,Net Meter,2025-03-08,bad,active ,v1.3
MTR0000613,CUST0000552,SITE0002,smart meter,06/02/2022,100,Active,v1.3
MTR0000614,CUST0000309,SITE0016,Smart Meter,04/18/2020,1,Active,v1.3
MTR0000615,CUST0000245,SITE0020,smart meter,07/25/2021,1,Inactive,
MTR0000616,CUST0000128,SITE0014,smart meter,2025-04-28,bad,Disconnected,v1.3
MTR0000617,CUST0000384,SITE0005,smart meter,2024-07-17,1,Inactive,v2.0
MTR0000618,CUST0000397,SITE0003,Net Meter,04/03/2018,1,Inactive,v2.1
MTR0000619,CUST0000398,SITE0026,Smart Meter,2021-10-27,bad,Disconnected,v1.2
MTR0000620,CUST0000042,SITE0005,smart meter,2018-07-01,10,active ,v2.1
MTR0000621,CUST0000652,SITE0016,smart meter,03/14/2021,1,Inactive,v1.2
MTR0000622,CUST0000342,SITE0008,smart meter,2022-04-08,100,active ,v2.0
MTR0000623,CUST0000386,SITE0029,Net Meter,2023-03-12,bad,Disconnected,v2.0
MTR0000624,CUST0000071,SITE0030,Industrial Meter,2020-07-08,10,Disconnected,v2.0
MTR0000625,CUST0000478,SITE0005,Smart Meter,2018-04-28,bad,Inactive,
MTR0000626,CUST0000650,SITE_UNKNOWN,Smart Meter,2024-07-13,1,Active,v2.1
MTR0000627,CUST0000445,SITE0013,smart meter,11/28/2025,1,active ,v2.0
MTR0000628,CUST0000780,SITE0030,smart meter,09/11/2022,10,Inactive,v1.3
MTR0000629,CUST0000534,SITE0021,smart meter,2018-11-16,1,Inactive,
MTR0000630,CUST0000086,SITE0008,smart meter,09/01/2020,10,Inactive,v1.2
MTR0000631,CUST0000392,SITE0028,Industrial Meter,12/05/2021,1,Disconnected,v1.2
MTR0000632,CUST0000427,SITE0025,smart meter,2025-02-19,bad,Disconnected,v2.0
MTR0000633,CUST0000532,SITE0001,smart meter,02/03/2018,1,Disconnected,v1.3
MTR0000634,CUST0000010,SITE0029,Industrial Meter,03/05/2025,1,Inactive,v2.0
MTR0000635,CUST0000238,SITE0008,smart meter,03/14/2018,10,Inactive,v1.3
MTR0000636,CUST0000460,SITE0015,Industrial Meter,08/23/2021,1,active ,v2.1
MTR0000637,CUST0000108,SITE0007,Commercial Meter,2020-03-01,1,Disconnected,v1.3
MTR0000638,CUST0000605,SITE0001,Commercial Meter,2018-10-22,bad,active ,v1.3
MTR0000639,CUST0000296,SITE0016,Net Meter,10/10/2021,bad,Inactive,v2.1
MTR0000640,CUST0000150,SITE0009,smart meter,10/16/2022,10,Active,v2.1
MTR0000641,CUST0000525,SITE0013,Smart Meter,08/21/2020,bad,Disconnected,v2.0
MTR0000642,CUST0000240,SITE0004,smart meter,2023-08-18,100,Active,
MTR0000643,CUST0000316,SITE0010,smart meter,10/19/2025,10,Active,v1.2
MTR0000644,CUST0000730,SITE0006,Industrial Meter,03/07/2018,10,Inactive,v1.2
MTR0000645,CUST0000734,SITE0019,Commercial Meter,03/27/2025,10,active ,v2.0
MTR0000646,CUST0000509,SITE0022,Industrial Meter,2022-02-23,1,Active,v1.3
MTR0000647,CUST0000624,SITE0011,smart meter,10/06/2024,1,active ,v2.0
MTR0000648,CUST0000730,SITE0011,Net Meter,01/01/2019,1,active ,v1.2
MTR0000649,CUST0000440,SITE0024,Net Meter,12/18/2018,bad,Inactive,v1.3
MTR0000650,CUST0000186,SITE0018,Industrial Meter,10/09/2021,1,Active,v2.0
MTR0000651,CUST0000724,SITE0021,Commercial Meter,03/13/2023,bad,Inactive,v1.2
MTR0000652,CUST0000166,SITE0005,Smart Meter,2018-06-27,100,Inactive,
MTR0000653,CUST0000661,SITE0022,Commercial Meter,2023-09-18,1,Disconnected,v2.0
MTR0000654,CUST0000259,SITE0021,Industrial Meter,05/14/2019,1,Active,v1.3
MTR0000655,CUST0000489,SITE0026,Industrial Meter,2020-06-21,10,active ,v1.2
MTR0000656,CUST0000041,SITE0003,Net Meter,2019-02-24,bad,active ,
MTR0000657,CUST0000491,SITE0013,smart meter,07/13/2022,1,active ,v2.0
MTR0000658,CUST0000432,SITE0020,Commercial Meter,2022-02-05,1,active ,v2.0
MTR0000659,CUST0000166,SITE0010,Industrial Meter,2022-07-09,1,Disconnected,v2.1
MTR0000660,CUST0000060,SITE0008,Industrial Meter,2022-03-02,bad,Active,v2.0
MTR0000661,CUST0000739,SITE0004,smart meter,04/12/2020,1,Inactive,
MTR0000662,CUST0000787,SITE0019,Net Meter,2021-01-11,1,active ,v2.1
MTR0000663,CUST0000422,SITE0004,smart meter,2025-03-17,bad,Disconnected,v1.2
MTR0000664,CUST0000770,SITE0024,smart meter,11/26/2025,1,Inactive,v1.3
MTR0000665,CUST0000764,SITE0021,Commercial Meter,2021-04-18,1,active ,v1.2
MTR0000666,CUST0000402,SITE0024,Commercial Meter,2021-02-21,bad,active ,v1.3
MTR0000667,CUST0000543,SITE0015,smart meter,2019-04-22,10,Active,v1.2
MTR0000668,CUST0000533,SITE0002,Net Meter,10/18/2025,100,Inactive,v1.2
MTR0000669,CUST0000601,SITE0030,Commercial Meter,07/31/2021,10,active ,v2.0
MTR0000670,CUST0000126,SITE0026,Industrial Meter,2025-03-12,100,Inactive,v2.1
MTR0000671,CUST0000747,SITE0004,Industrial Meter,06/13/2024,1,Disconnected,v2.1
MTR0000672,CUST0000244,SITE0013,Smart Meter,06/11/2022,1,active ,v2.1
MTR0000673,CUST0000106,SITE0015,Net Meter,03/25/2020,bad,Inactive,v1.2
MTR0000674,CUST0000791,SITE0017,Smart Meter,10/18/2019,100,active ,
MTR0000675,CUST0000656,SITE0001,Net Meter,2020-01-31,bad,Inactive,v1.3
MTR0000676,CUST0000263,SITE0012,Net Meter,2018-04-20,1,Disconnected,v2.1
MTR0000677,CUST0000053,SITE0015,Industrial Meter,06/13/2025,1,Inactive,v2.0
MTR0000678,CUST0000124,SITE0004,Commercial Meter,2025-08-09,bad,Disconnected,v1.3
MTR0000679,CUST0000327,SITE0020,Industrial Meter,2018-12-30,1,Disconnected,v1.2
MTR0000680,CUST0000694,SITE0005,Smart Meter,04/13/2021,10,Disconnected,
MTR0000681,CUST0000407,SITE0023,Industrial Meter,03/21/2018,1,Inactive,v2.1
MTR0000682,CUST0000776,SITE0015,Net Meter,2023-05-19,1,active ,v2.0
MTR0000683,CUST0000580,SITE0014,Smart Meter,01/31/2022,1,Inactive,
MTR0000684,CUST0000769,SITE0019,Smart Meter,10/20/2024,bad,Active,v2.0
MTR0000685,CUST0000584,SITE0009,Commercial Meter,2020-09-13,1,Active,v1.2
MTR0000686,CUST0000742,SITE0028,Net Meter,05/01/2020,1,Disconnected,
MTR0000687,CUST0000050,SITE0018,Industrial Meter,2021-11-06,1,Inactive,
MTR0000688,CUST0000414,SITE0009,smart meter,2022-08-03,1,Inactive,v2.0
MTR0000689,CUST0000625,SITE0015,Smart Meter,01/28/2025,bad,Disconnected,v2.1
MTR0000690,CUST0000005,SITE0016,smart meter,06/08/2022,100,Inactive,v2.1
MTR0000691,CUST0000563,SITE0024,smart meter,2025-05-05,bad,Active,v1.3
MTR0000692,CUST0000139,SITE0014,Net Meter,2025-11-27,1,Inactive,
MTR0000693,CUST0000446,SITE0006,Commercial Meter,06/23/2020,1,active ,v2.0
MTR0000694,CUST0000560,SITE0002,Smart Meter,2022-01-27,10,Active,v1.2
MTR0000695,CUST0000580,SITE0004,Net Meter,2023-11-19,100,Inactive,v1.3
MTR0000696,CUST0000330,SITE0021,Industrial Meter,2021-05-11,100,Active,v1.2
MTR0000697,CUST0000676,SITE0018,Commercial Meter,10/02/2024,10,Inactive,v1.3
MTR0000698,CUST0000632,SITE0012,Commercial Meter,08/01/2024,10,Inactive,v2.0
MTR0000699,CUST0000600,SITE0001,Smart Meter,2022-04-05,100,Inactive,v2.0
MTR0000700,CUST0000122,SITE0018,Net Meter,2023-08-08,1,active ,v2.0
MTR0000701,CUST0000255,SITE0028,Net Meter,09/18/2025,10,active ,v2.0
MTR0000702,CUST0000466,SITE0017,Net Meter,2022-06-25,bad,Disconnected,
MTR0000703,CUST0000582,SITE0020,Industrial Meter,2019-12-24,1,Active,v2.0
MTR0000704,CUST0000003,SITE0012,Industrial Meter,2022-12-27,100,active ,v1.3
MTR0000705,CUST0000272,SITE0012,Commercial Meter,2021-10-12,1,Disconnected,v2.1
MTR0000706,CUST0000268,SITE0023,Smart Meter,2018-09-25,100,Inactive,v2.1
MTR0000707,CUST0000400,SITE0014,Commercial Meter,11/09/2025,10,Disconnected,v1.3
MTR0000708,CUST0000753,SITE0004,Commercial Meter,2020-08-01,1,Disconnected,v1.3
MTR0000709,CUST0000339,SITE0026,Smart Meter,11/27/2024,1,Disconnected,
MTR0000710,CUST0000107,SITE0004,Net Meter,12/19/2024,100,Active,v1.3
MTR0000711,CUST0000528,SITE0005,Industrial Meter,2019-02-05,100,Active,v2.0
MTR0000712,CUST0000512,SITE0018,Commercial Meter,06/30/2019,1,Inactive,v1.2
MTR0000713,CUST0000032,SITE0028,Commercial Meter,03/21/2019,bad,Inactive,
MTR0000714,CUST0000682,SITE0006,Commercial Meter,2021-06-17,bad,Active,v1.3
MTR0000715,CUST0000414,SITE0004,Net Meter,2019-12-29,1,active ,v1.3
MTR0000716,CUST0000776,SITE0019,Commercial Meter,2021-07-23,10,active ,v1.3
MTR0000717,CUST0000352,SITE0007,Net Meter,07/08/2021,10,Disconnected,v2.1
MTR0000718,CUST0000369,SITE0008,Smart Meter,09/21/2023,bad,Disconnected,v2.0
MTR0000719,CUST0000205,SITE0022,Commercial Meter,2024-12-31,bad,Disconnected,v1.3
MTR0000720,CUST0000079,SITE0008,Commercial Meter,02/04/2025,1,Disconnected,v1.3
MTR0000721,CUST0000588,SITE0005,Industrial Meter,2025-02-02,1,active ,v1.2
MTR0000722,CUST0000606,SITE0010,Commercial Meter,11/01/2022,100,Inactive,v2.0
MTR0000723,CUST0000655,SITE0020,smart meter,2022-01-01,1,active ,v1.2
MTR0000724,CUST0000453,SITE0001,smart meter,2019-08-16,1,active ,v2.0
MTR0000725,CUST0000358,SITE0015,Net Meter,2022-05-28,1,Inactive,
MTR0000726,CUST0000727,SITE0008,Commercial Meter,11/23/2020,100,Inactive,v1.2
MTR0000727,CUST0000424,SITE0007,Net Meter,12/23/2024,10,active ,
MTR0000728,CUST0000330,SITE0022,Commercial Meter,2021-09-30,10,Inactive,v2.0
MTR0000729,CUST0000787,SITE0010,Smart Meter,2022-05-16,1,Inactive,v1.2
MTR0000730,CUST0000263,SITE0028,Smart Meter,05/23/2020,100,Disconnected,v1.2
MTR0000731,CUST0000718,SITE0016,smart meter,2022-11-05,1,Active,v2.1
MTR0000732,CUST0000165,SITE0003,Commercial Meter,11/18/2023,1,Disconnected,v1.2
MTR0000733,CUST0000790,SITE0003,Industrial Meter,2023-01-14,10,Active,
MTR0000734,CUST0000686,SITE0020,Smart Meter,05/22/2021,100,Disconnected,v2.0
MTR0000735,CUST0000322,SITE0009,Commercial Meter,02/27/2020,bad,active ,v2.0
MTR0000736,CUST0000425,SITE0006,Smart Meter,2018-10-23,1,Disconnected,
MTR0000737,CUST0000227,SITE0026,Smart Meter,2024-03-19,100,Active,v1.2
MTR0000738,CUST0000505,SITE0010,Commercial Meter,05/30/2024,1,active ,v1.2
MTR0000739,CUST0000717,SITE0024,Industrial Meter,02/07/2021,1,Disconnected,
MTR0000740,CUST0000399,SITE0028,Net Meter,09/23/2020,1,Inactive,v2.1
MTR0000741,CUST0000219,SITE0013,smart meter,2024-09-17,1,Active,v2.0
MTR0000742,CUST0000130,SITE0005,Smart Meter,2019-02-22,10,Active,
MTR0000743,CUST0000791,SITE0014,Smart Meter,2022-01-12,1,Active,v1.3
MTR0000744,CUST0000799,SITE0005,Commercial Meter,11/24/2021,10,Disconnected,v1.3
MTR0000745,CUST0000664,SITE0028,Industrial Meter,05/26/2023,1,Active,v1.3
MTR0000746,CUST0000546,SITE0007,smart meter,2024-09-29,1,active ,v1.2
MTR0000747,CUST0000758,SITE0017,Industrial Meter,2024-06-29,100,active ,v2.0
MTR0000748,CUST0000165,SITE0027,Industrial Meter,2022-06-06,1,Inactive,v2.0
MTR0000749,CUST0000610,SITE0006,Net Meter,01/04/2024,100,Disconnected,v2.0
MTR0000750,CUST0000539,SITE0006,Net Meter,2021-06-30,1,Disconnected,
MTR0000751,CUST0000708,SITE0010,Smart Meter,2022-12-31,bad,Disconnected,v2.0
MTR0000752,CUST0000072,SITE0009,Industrial Meter,2024-01-26,100,Inactive,
MTR0000753,CUST0000080,SITE0021,smart meter,12/17/2020,10,Disconnected,v2.0
MTR0000754,CUST0000398,SITE0015,Net Meter,01/08/2020,bad,active ,v2.0
MTR0000755,CUST0000612,SITE0004,Industrial Meter,2022-06-09,bad,Active,v2.0
MTR0000756,CUST0000473,SITE0023,Industrial Meter,05/10/2019,100,Active,v1.2
MTR0000757,CUST0000173,SITE0021,smart meter,2021-01-22,1,Disconnected,v1.3
MTR0000758,CUST0000499,SITE0019,Industrial Meter,2025-10-15,bad,active ,v1.3
MTR0000759,CUST0000758,SITE0015,Industrial Meter,2023-08-11,100,Active,v2.0
MTR0000760,CUST0000140,SITE0030,Smart Meter,12/10/2020,1,active ,v2.1
MTR0000761,CUST0000519,SITE0012,Net Meter,2021-06-13,10,active ,v1.2
MTR0000762,CUST0000511,SITE0019,smart meter,2023-06-11,1,Inactive,v1.2
MTR0000763,CUST0000575,SITE0008,smart meter,2019-05-06,1,Inactive,
MTR0000764,CUST0000318,SITE0027,Commercial Meter,01/09/2026,100,Active,v1.2
MTR0000765,CUST0000108,SITE0004,Smart Meter,06/18/2020,1,active ,v1.3
MTR0000766,CUST0000788,SITE0024,Smart Meter,08/03/2019,bad,Inactive,v2.1
MTR0000767,CUST0000337,SITE0011,Industrial Meter,2022-10-23,1,Active,v1.3
MTR0000768,CUST0000570,SITE0023,Smart Meter,02/27/2024,1,active ,v2.1
MTR0000769,CUST0000408,SITE0005,Industrial Meter,2018-04-04,bad,Disconnected,v1.2
MTR0000770,CUST0000325,SITE0016,smart meter,08/03/2024,1,active ,v2.1
MTR0000771,CUST0000096,SITE0023,smart meter,2023-06-13,1,active ,v1.2
MTR0000772,CUST0000184,SITE0027,smart meter,09/25/2022,1,Active,v1.2
MTR0000773,CUST0000406,SITE0018,Commercial Meter,2021-04-23,bad,Disconnected,
MTR0000774,CUST0000663,SITE0029,Net Meter,2021-09-29,1,Inactive,v1.3
MTR0000775,CUST0000508,SITE0023,Commercial Meter,2023-02-06,1,Inactive,
MTR0000776,CUST0000007,SITE0010,Smart Meter,2022-10-09,100,Disconnected,v1.2
MTR0000777,CUST0000518,SITE0014,Smart Meter,05/26/2023,1,Active,v1.2
MTR0000778,CUST0000202,SITE0026,Industrial Meter,2020-06-04,100,Active,v2.1
MTR0000779,CUST0000406,SITE0004,Net Meter,03/21/2022,1,Inactive,v2.0
MTR0000780,CUST0000528,SITE0014,Commercial Meter,2025-05-08,1,Inactive,v1.3
MTR0000781,CUST0000303,SITE0021,Industrial Meter,11/20/2023,1,Inactive,v2.1
MTR0000782,CUST0000343,SITE0014,Industrial Meter,2023-01-11,1,active ,v1.2
MTR0000783,CUST0000247,SITE0001,Smart Meter,2019-05-12,1,Active,v2.0
MTR0000784,CUST0000333,SITE0012,Industrial Meter,03/14/2022,100,Inactive,v1.2
MTR0000785,CUST0000616,SITE0002,Industrial Meter,03/13/2022,10,Disconnected,v1.2
MTR0000786,CUST0000697,SITE0020,Industrial Meter,2024-01-14,1,Active,v2.0
MTR0000787,CUST0000315,SITE0028,Industrial Meter,2022-09-10,bad,Inactive,v1.2
MTR0000788,CUST0000343,SITE0030,smart meter,08/27/2022,bad,active ,
MTR0000789,CUST0000250,SITE0010,Industrial Meter,2021-11-19,10,Inactive,v1.2
MTR0000790,CUST0000228,SITE0013,Commercial Meter,07/15/2022,100,active ,v1.3
MTR0000791,CUST0000255,SITE0028,smart meter,04/23/2020,1,active ,v2.0
MTR0000792,CUST0000316,SITE0006,Smart Meter,06/26/2020,bad,Disconnected,
MTR0000793,CUST0000638,SITE0022,smart meter,08/09/2020,1,active ,
MTR0000794,CUST0000788,SITE0011,smart meter,2021-09-06,10,Inactive,v2.1
MTR0000795,CUST0000320,SITE0023,Industrial Meter,2021-06-01,1,Active,v2.1
MTR0000796,CUST0000559,SITE0023,Industrial Meter,2022-01-22,100,Disconnected,v2.0
MTR0000797,CUST0000223,SITE0011,Industrial Meter,01/09/2018,10,active ,v2.0
MTR0000798,CUST0000508,SITE0017,Net Meter,07/24/2024,100,Inactive,v2.0
MTR0000799,CUST0000220,SITE0026,Commercial Meter,2022-09-26,10,Disconnected,
MTR0000800,CUST0000356,SITE0024,smart meter,2019-08-04,bad,Disconnected,v1.2
MTR0000801,CUST0000241,SITE0023,Industrial Meter,06/17/2018,1,Disconnected,v2.0
MTR0000802,CUST0000615,SITE0017,Net Meter,2025-02-14,10,Disconnected,v1.2
MTR0000803,CUST0000008,SITE0016,Smart Meter,10/15/2024,bad,Inactive,v2.1
MTR0000804,CUST0000502,SITE0004,smart meter,2024-04-28,bad,Active,v1.3
MTR0000805,CUST0000246,SITE0028,Smart Meter,2018-05-14,1,Inactive,v2.1
MTR0000806,CUST0000410,SITE0015,Smart Meter,2020-07-21,10,Inactive,v1.2
MTR0000807,CUST0000545,SITE0015,Commercial Meter,05/31/2021,1,Active,v2.0
MTR0000808,CUST0000522,SITE0016,smart meter,2023-02-17,1,Inactive,v1.3
MTR0000809,CUST0000589,SITE0004,Industrial Meter,2025-07-03,10,Disconnected,v2.0
MTR0000810,CUST0000601,SITE0014,Net Meter,2021-02-16,1,Disconnected,
MTR0000811,CUST0000300,SITE0010,Commercial Meter,2025-07-09,1,Disconnected,v2.1
MTR0000812,CUST0000591,SITE0009,Industrial Meter,2023-11-14,1,Active,v2.0
MTR0000813,CUST0000298,SITE0027,Industrial Meter,04/20/2023,1,Active,v2.1
MTR0000814,CUST0000105,SITE0012,smart meter,04/07/2020,10,active ,v1.3
MTR0000815,CUST0000322,SITE0001,Net Meter,05/10/2025,100,Inactive,v1.2
MTR0000816,CUST0000655,SITE0002,Smart Meter,2023-06-26,10,active ,v2.1
MTR0000817,CUST0000020,SITE0028,Smart Meter,01/22/2021,10,active ,v1.2
MTR0000818,CUST0000753,SITE0011,Commercial Meter,2018-12-11,1,active ,v1.2
MTR0000819,CUST0000049,SITE0029,smart meter,03/07/2018,1,Disconnected,v2.1
MTR0000820,CUST0000005,SITE0022,Smart Meter,2024-09-13,1,Inactive,v2.0
MTR0000821,CUST0000712,SITE0003,Net Meter,06/20/2024,1,Active,
MTR0000822,CUST0000243,SITE0026,Commercial Meter,09/08/2018,1,Inactive,v1.3
MTR0000823,CUST0000663,SITE0011,Commercial Meter,09/19/2022,bad,Inactive,v1.3
MTR0000824,CUST0000139,SITE0004,smart meter,2021-12-28,10,Inactive,
MTR0000825,CUST0000154,SITE0007,Smart Meter,2019-03-26,1,Active,v1.2
MTR0000826,CUST0000063,SITE0029,Commercial Meter,2021-11-04,1,Disconnected,v1.2
MTR0000827,CUST0000426,SITE0018,Commercial Meter,04/16/2022,10,active ,v2.1
MTR0000828,CUST0000359,SITE0001,Commercial Meter,10/02/2019,1,active ,
MTR0000829,CUST0000154,SITE0013,Smart Meter,2023-08-15,10,active ,v1.3
MTR0000830,CUST0000362,SITE0021,smart meter,2022-10-19,1,Active,v2.1
MTR0000831,CUST0000554,SITE0027,Net Meter,2023-07-15,1,Disconnected,
MTR0000832,CUST0000089,SITE0004,Net Meter,04/21/2021,bad,active ,v2.1
MTR0000833,CUST0000328,SITE0025,Commercial Meter,2022-08-31,1,Disconnected,v2.1
MTR0000834,CUST0000658,SITE0018,Net Meter,12/01/2024,1,Disconnected,v2.0
MTR0000835,CUST0000455,SITE0021,Commercial Meter,11/23/2023,1,active ,v1.2
MTR0000836,CUST0000656,SITE0025,Smart Meter,2018-08-17,100,Disconnected,v1.2
MTR0000837,CUST0000195,SITE0004,Industrial Meter,2021-03-23,1,Disconnected,v1.3
MTR0000838,CUST0000010,SITE0010,Net Meter,08/23/2022,1,Disconnected,
MTR0000839,CUST0000185,SITE0024,Smart Meter,2023-01-14,10,Inactive,v2.0
MTR0000840,CUST0000712,SITE0008,Smart Meter,2021-06-10,1,Disconnected,v2.0
MTR0000841,CUST0000718,SITE0001,Net Meter,2025-09-23,bad,Disconnected,v1.3
MTR0000842,CUST0000306,SITE0019,Industrial Meter,2022-12-14,1,Inactive,v2.0
MTR0000843,CUST0000577,SITE0013,smart meter,2023-05-08,1,Active,v2.0
MTR0000844,CUST0000055,SITE0007,smart meter,09/18/2020,100,Inactive,
MTR0000845,CUST0000425,SITE0007,Commercial Meter,03/14/2025,1,Active,v2.0
MTR0000846,CUST0000649,SITE0013,Net Meter,08/23/2024,1,Disconnected,
MTR0000847,CUST0000590,SITE0021,smart meter,2025-02-08,100,Disconnected,v2.1
MTR0000848,CUST0000408,SITE0022,Net Meter,2020-03-13,1,active ,v2.1
MTR0000849,CUST0000389,SITE0021,Smart Meter,2021-03-25,1,Inactive,v1.3
MTR0000850,CUST0000639,SITE0018,Commercial Meter,2020-06-21,bad,Active,v1.2
MTR0000851,CUST0000262,SITE0006,smart meter,07/26/2024,bad,Inactive,v2.1
MTR0000852,CUST0000452,SITE0007,Commercial Meter,2020-11-28,1,Disconnected,v1.3
MTR0000853,CUST0000401,SITE0013,Industrial Meter,12/21/2024,1,active ,v1.2
MTR0000854,CUST0000486,SITE0011,Net Meter,01/15/2023,1,Active,v2.0
MTR0000855,CUST0000180,SITE0017,Industrial Meter,11/01/2024,100,Active,v1.2
MTR0000856,CUST0000519,SITE0025,Industrial Meter,03/02/2020,1,Disconnected,v2.1
MTR0000857,CUST0000494,SITE0014,Smart Meter,2024-12-17,1,Disconnected,v2.1
MTR0000858,CUST0000078,SITE0002,Net Meter,2022-07-23,1,active ,v1.3
MTR0000859,CUST0000229,SITE0009,Net Meter,05/25/2023,bad,Inactive,v2.1
MTR0000860,CUST0000351,SITE0023,Smart Meter,05/31/2023,10,Active,v2.0
MTR0000861,CUST0000451,SITE0020,Commercial Meter,06/29/2020,1,active ,v2.1
MTR0000862,CUST0000747,SITE0013,Smart Meter,01/18/2022,bad,active ,v1.3
MTR0000863,CUST_BAD,SITE0004,Smart Meter,2020-12-14,10,active ,v2.0
MTR0000864,CUST0000256,SITE0005,Net Meter,2019-03-08,1,Inactive,v1.2
MTR0000865,CUST0000163,SITE0002,Net Meter,2018-02-09,1,Disconnected,v2.1
MTR0000866,CUST0000416,SITE0026,Industrial Meter,07/07/2025,100,Active,v2.1
MTR0000867,CUST0000572,SITE0013,Net Meter,2023-12-03,1,active ,v1.3
MTR0000868,CUST0000046,SITE0014,smart meter,01/08/2019,bad,Disconnected,v2.0
MTR0000869,CUST0000441,SITE0024,Commercial Meter,2022-02-12,1,Active,v2.0
MTR0000870,CUST0000323,SITE0001,Commercial Meter,01/03/2021,1,Disconnected,v1.3
MTR0000871,CUST0000274,SITE0023,Net Meter,2021-11-04,bad,Disconnected,v2.1
MTR0000872,CUST0000621,SITE0009,Smart Meter,08/09/2025,100,Active,v2.1
MTR0000873,CUST0000190,SITE0015,Net Meter,2018-04-04,100,Active,v1.3
MTR0000874,CUST0000603,SITE0028,Industrial Meter,09/04/2018,1,active ,v1.3
MTR0000875,CUST0000169,SITE0024,Net Meter,2018-01-20,bad,Active,v2.1
MTR0000876,CUST0000527,SITE0004,Net Meter,08/31/2024,100,Inactive,v2.0
MTR0000877,CUST0000668,SITE0003,smart meter,2024-03-05,bad,Disconnected,v1.2
MTR0000878,CUST0000081,SITE0004,Net Meter,2024-09-09,1,active ,
MTR0000879,CUST0000573,SITE0016,smart meter,2020-08-08,10,Active,v2.1
MTR0000880,CUST0000437,SITE0021,Commercial Meter,01/03/2021,bad,Active,v1.3
MTR0000881,CUST0000333,SITE0010,smart meter,2022-05-23,1,Active,v1.3
MTR0000882,CUST0000573,SITE0007,Industrial Meter,2020-05-27,10,active ,v2.1
MTR0000883,CUST0000292,SITE0021,smart meter,2019-01-13,10,Disconnected,
MTR0000884,CUST0000134,SITE0003,Industrial Meter,03/24/2021,100,Disconnected,
MTR0000885,CUST0000668,SITE0004,Commercial Meter,2024-02-05,bad,Disconnected,v1.2
MTR0000886,CUST0000267,SITE0004,smart meter,2025-01-10,1,Active,v2.0
MTR0000887,CUST0000756,SITE0025,Industrial Meter,01/08/2024,10,Active,v2.1
MTR0000888,CUST0000226,SITE0017,Commercial Meter,2025-04-08,bad,active ,v1.2
MTR0000889,CUST0000147,SITE0009,Smart Meter,2019-03-29,1,Disconnected,v1.3
MTR0000890,CUST0000351,SITE0021,Net Meter,11/01/2021,1,Inactive,v2.1
MTR0000891,CUST0000718,SITE0003,Net Meter,04/04/2022,10,Active,v1.2
MTR0000892,CUST0000695,SITE0019,smart meter,2018-03-04,1,Active,
MTR0000893,CUST0000759,SITE0013,smart meter,2019-10-29,100,Disconnected,
MTR0000894,CUST0000513,SITE0023,Commercial Meter,10/22/2020,1,Active,v1.2
MTR0000895,CUST0000402,SITE0002,Smart Meter,12/28/2019,10,Inactive,v2.0
MTR0000896,CUST0000466,SITE0017,Industrial Meter,09/07/2024,100,Active,
MTR0000897,CUST0000109,SITE0018,Commercial Meter,2020-03-05,bad,Active,v2.1
MTR0000898,CUST0000357,SITE0015,Industrial Meter,11/01/2020,1,Disconnected,v1.3
MTR0000899,CUST0000121,SITE0013,Commercial Meter,12/31/2020,1,Disconnected,
MTR0000900,CUST0000310,SITE0017,smart meter,2022-12-24,1,active ,v1.2
MTR0000901,CUST0000537,SITE0030,Smart Meter,2025-09-11,10,Inactive,v1.3
MTR0000902,CUST0000127,SITE0010,Net Meter,2025-08-21,1,Inactive,
MTR0000903,CUST0000573,SITE0029,Net Meter,2019-07-04,bad,Active,v2.0
MTR0000904,CUST0000213,SITE0029,Smart Meter,06/15/2021,1,active ,v1.3
MTR0000905,CUST0000669,SITE0018,Commercial Meter,01/10/2021,1,Disconnected,
MTR0000906,CUST0000792,SITE0013,Smart Meter,05/02/2018,1,Inactive,
MTR0000907,CUST_BAD,SITE0002,Smart Meter,2021-03-11,1,Disconnected,v1.2
MTR0000908,CUST0000686,SITE0028,Net Meter,2023-08-06,bad,active ,v1.2
MTR0000909,CUST0000047,SITE0004,Smart Meter,2018-04-22,100,Disconnected,v1.3
MTR0000910,CUST0000608,SITE0008,Net Meter,04/02/2022,1,Inactive,v2.0
MTR0000911,CUST0000066,SITE0006,Industrial Meter,2022-08-01,1,Active,v2.1
MTR0000912,CUST0000705,SITE0005,smart meter,04/30/2021,1,Disconnected,v2.1
MTR0000913,CUST0000532,SITE0023,Smart Meter,11/26/2021,10,Active,v2.0
MTR0000914,CUST0000459,SITE0027,Industrial Meter,2021-05-31,100,Inactive,v1.2
MTR0000915,CUST0000030,SITE0001,Commercial Meter,2019-09-24,1,Active,
MTR0000916,CUST0000046,SITE0005,Net Meter,2023-02-08,100,Active,
MTR0000917,CUST0000107,SITE0021,smart meter,01/15/2024,10,Disconnected,v2.0
MTR0000918,CUST0000780,SITE0016,Industrial Meter,2025-08-29,1,Inactive,v2.1
MTR0000919,CUST0000605,SITE0006,Industrial Meter,01/09/2025,1,active ,v1.3
MTR0000920,CUST0000022,SITE0008,Commercial Meter,2024-04-14,1,active ,v2.0
MTR0000921,CUST0000447,SITE0023,smart meter,10/31/2018,1,active ,v1.2
MTR0000922,CUST0000484,SITE0009,Commercial Meter,07/02/2018,1,Active,v1.3
MTR0000923,CUST0000449,SITE0012,Industrial Meter,2023-04-25,bad,Disconnected,v2.1
MTR0000924,CUST0000283,SITE0027,Commercial Meter,2023-10-28,bad,active ,v2.1
MTR0000925,CUST0000006,SITE0021,smart meter,2025-01-12,10,Active,v2.1
MTR0000926,CUST0000505,SITE0018,Net Meter,2021-04-21,100,active ,v1.3
MTR0000927,CUST0000336,SITE0009,Industrial Meter,2021-01-20,10,Active,v2.0
MTR0000928,CUST0000143,SITE0014,Commercial Meter,10/23/2018,100,Inactive,v2.1
MTR0000929,CUST0000526,SITE0018,smart meter,06/22/2021,bad,Inactive,v2.0
MTR0000930,CUST0000770,SITE0017,smart meter,02/26/2020,100,Active,v1.3
MTR0000931,CUST0000495,SITE0014,Commercial Meter,12/26/2019,1,Inactive,v2.1
MTR0000932,CUST0000213,SITE0028,Smart Meter,01/21/2023,1,Disconnected,v1.2
MTR0000933,CUST0000651,SITE0004,Net Meter,2019-05-03,10,Inactive,
MTR0000934,CUST0000048,SITE0026,smart meter,2024-11-26,bad,Active,v2.1
MTR0000935,CUST0000636,SITE0020,Commercial Meter,12/29/2022,1,Disconnected,v2.0
MTR0000936,CUST0000539,SITE0029,Industrial Meter,2023-05-15,1,Disconnected,v1.3
MTR0000937,CUST0000180,SITE0007,Commercial Meter,2025-03-01,10,Inactive,
MTR0000938,CUST0000756,SITE0027,Smart Meter,06/16/2018,100,Inactive,v1.3
MTR0000939,CUST0000320,SITE0007,Industrial Meter,04/14/2020,10,active ,v1.3
MTR0000940,CUST0000366,SITE0015,Smart Meter,2018-09-24,100,Disconnected,v2.1
MTR0000941,CUST0000539,SITE0024,smart meter,2023-04-07,1,Inactive,
MTR0000942,CUST0000167,SITE0009,Commercial Meter,2024-03-04,1,active ,v1.3
MTR0000943,CUST0000251,SITE0030,Industrial Meter,2022-11-07,1,Inactive,v2.1
MTR0000944,CUST0000357,SITE0014,Commercial Meter,01/31/2019,100,Disconnected,v1.3
MTR0000945,CUST0000513,SITE0003,smart meter,07/11/2025,100,active ,
MTR0000946,CUST0000101,SITE0025,Industrial Meter,2025-07-28,100,active ,v1.2
MTR0000947,CUST0000131,SITE0004,Commercial Meter,10/21/2018,100,Disconnected,v2.0
MTR0000948,CUST0000790,SITE0011,Commercial Meter,2020-03-11,1,Active,v2.1
MTR0000949,CUST0000256,SITE0007,Commercial Meter,2025-01-21,1,Disconnected,v2.0
MTR0000950,CUST0000091,SITE0015,Industrial Meter,2018-08-28,10,Inactive,v1.2
MTR0000951,CUST0000669,SITE0014,smart meter,2018-06-09,bad,Inactive,v1.3
MTR0000952,CUST0000499,SITE0024,Net Meter,02/03/2025,10,Inactive,v1.2
MTR0000953,CUST0000723,SITE0006,Smart Meter,2018-05-09,100,Inactive,
MTR0000954,CUST0000701,SITE0026,Commercial Meter,2024-06-21,100,Inactive,
MTR0000955,CUST0000045,SITE0014,Industrial Meter,2020-05-30,1,Disconnected,v1.3
MTR0000956,CUST0000296,SITE0016,Net Meter,11/10/2025,1,Inactive,
MTR0000957,CUST0000727,SITE0009,smart meter,09/21/2025,1,Active,v1.2
MTR0000958,CUST0000769,SITE0013,Smart Meter,04/17/2024,1,Inactive,v2.1
MTR0000959,CUST0000733,SITE0029,Commercial Meter,08/23/2022,1,Disconnected,v2.0
MTR0000960,CUST0000157,SITE0001,Smart Meter,02/23/2024,1,Disconnected,
MTR0000961,CUST0000528,SITE0011,Industrial Meter,06/12/2018,bad,Active,v1.3
MTR0000962,CUST0000589,SITE0030,Industrial Meter,2020-06-04,10,active ,v1.3
MTR0000963,CUST0000774,SITE0008,Smart Meter,01/10/2025,1,Disconnected,v2.0
MTR0000964,CUST0000507,SITE0002,smart meter,05/17/2018,1,Inactive,
MTR0000965,CUST0000511,SITE0025,Industrial Meter,05/21/2023,bad,Disconnected,v2.0
MTR0000966,CUST0000530,SITE0027,Commercial Meter,2023-06-18,1,active ,v2.1
MTR0000967,CUST0000554,SITE0013,Smart Meter,2025-04-18,10,active ,
MTR0000968,CUST0000645,SITE0014,Net Meter,2018-03-26,bad,Active,v2.0
MTR0000969,CUST0000484,SITE0007,smart meter,07/23/2025,1,Disconnected,v1.2
MTR0000970,CUST0000529,SITE0021,Smart Meter,07/30/2022,bad,Active,v2.0
MTR0000971,CUST0000485,SITE0030,smart meter,05/06/2020,1,Active,v1.3
MTR0000972,CUST0000385,SITE0007,smart meter,2020-07-18,1,Disconnected,
MTR0000973,CUST0000143,SITE0002,Net Meter,2020-10-23,1,Active,v1.3
MTR0000974,CUST0000677,SITE0002,Commercial Meter,2018-06-05,1,active ,
MTR0000975,CUST0000693,SITE0012,Industrial Meter,2018-06-29,bad,active ,
MTR0000976,CUST0000705,SITE0020,Net Meter,2023-07-06,1,active ,
MTR0000977,CUST0000032,SITE0015,Smart Meter,2025-07-11,bad,Disconnected,v2.1
MTR0000978,CUST0000562,SITE0030,Net Meter,10/30/2023,100,active ,v1.2
MTR0000979,CUST0000630,SITE0009,Smart Meter,03/14/2021,10,Inactive,
MTR0000980,CUST0000282,SITE0027,smart meter,03/23/2023,10,Disconnected,v2.0
MTR0000981,CUST0000172,SITE0003,Industrial Meter,2018-03-06,1,Disconnected,
MTR0000982,CUST0000493,SITE0021,Smart Meter,04/18/2025,1,active ,
MTR0000983,CUST0000539,SITE0017,Net Meter,03/06/2022,1,active ,
MTR0000984,CUST0000328,SITE0026,Industrial Meter,2023-03-15,1,Disconnected,v1.3
MTR0000985,CUST0000146,SITE0011,Net Meter,10/05/2018,100,Active,v1.2
MTR0000986,CUST0000076,SITE0015,smart meter,07/12/2023,10,Disconnected,
MTR0000987,CUST0000462,SITE0007,Net Meter,08/26/2021,100,active ,v2.1
MTR0000988,CUST0000520,SITE0008,smart meter,2019-09-16,1,active ,v1.3
MTR0000989,CUST0000262,SITE0002,Industrial Meter,2020-12-26,1,active ,v1.2
MTR0000990,CUST0000486,SITE0015,Commercial Meter,2025-08-15,10,active ,v1.3
MTR0000991,CUST0000689,SITE0001,Smart Meter,2019-09-22,1,Disconnected,v1.2
MTR0000992,CUST0000096,SITE0026,Industrial Meter,2022-04-16,1,Disconnected,v2.1
MTR0000993,CUST0000216,SITE0021,Net Meter,05/29/2025,1,Disconnected,v1.2
MTR0000994,CUST0000084,SITE0010,Industrial Meter,2018-07-06,bad,active ,v2.0
MTR0000995,CUST0000037,SITE0005,Commercial Meter,2023-03-10,1,Disconnected,v1.3
MTR0000996,CUST0000385,SITE0028,Commercial Meter,12/11/2023,1,Active,v2.1
MTR0000997,CUST0000523,SITE0030,Industrial Meter,2025-10-19,10,active ,
MTR0000998,CUST0000022,SITE0008,Smart Meter,2020-09-08,1,active ,v1.3
MTR0000999,CUST0000066,SITE0026,smart meter,2019-02-02,bad,Inactive,v2.0
MTR0001000,CUST0000586,SITE0013,Industrial Meter,2022-07-23,100,Inactive,v2.1
