customer_tariff_id,customer_id,tariff_id,effective_start_date,effective_end_date
CT0000001,CUST0000001,TAR005,2025-10-15,
CT0000002,CUST0000002,TAR004,2025-04-10,
CT0000003,CUST0000003,TAR002,2025-05-06,
CT0000004,CUST0000004,TAR002,2025-03-07,
CT0000005,CUST0000005,TAR005,2025-07-16,
CT0000006,CUST0000006,TAR003,2025-01-31,
CT0000007,CUST0000007,TAR004,2025-01-24,
CT0000008,CUST0000008,TAR003,2025-02-20,
CT0000009,CUST0000009,TAR001,2025-03-31,
CT0000010,CUST0000010,TAR005,2025-12-30,
CT0000011,CUST0000011,TAR003,2025-01-22,
CT0000012,CUST0000012,TAR001,2025-06-09,
CT0000013,CUST0000013,TAR005,2025-10-27,
CT0000014,CUST0000014,TAR004,2025-07-10,
CT0000015,CUST0000015,TAR003,2025-08-19,
CT0000016,CUST0000016,TAR003,2025-01-21,
CT0000017,CUST0000017,TAR003,2025-06-17,
CT0000018,CUST0000018,TAR003,2025-09-13,
CT0000019,CUST0000019,TAR001,2025-10-31,
CT0000020,CUST0000020,TAR003,2025-03-15,
CT0000021,CUST0000021,TAR005,2025-07-07,
CT0000022,CUST0000022,TAR002,2025-08-10,
CT0000023,CUST0000023,TAR005,2025-02-19,
CT0000024,CUST0000024,TAR002,2025-11-15,
CT0000025,CUST0000025,TAR005,2025-06-08,
CT0000026,CUST0000026,TAR004,2025-03-26,
CT0000027,CUST0000027,TAR005,2025-08-06,
CT0000028,CUST0000028,TAR005,2025-04-27,
CT0000029,CUST0000029,TAR003,2025-05-04,
CT0000030,CUST0000030,TAR005,2025-12-14,
CT0000031,CUST0000031,TAR002,2025-09-03,
CT0000032,CUST0000032,TAR002,2025-01-05,
CT0000033,CUST0000033,TAR002,2025-08-12,
CT0000034,CUST0000034,TAR002,2025-07-17,
CT0000035,CUST0000035,TAR001,2025-09-27,
CT0000036,CUST0000036,TAR005,2025-09-21,
CT0000037,CUST0000037,TAR003,2025-10-30,
CT0000038,CUST0000038,TAR005,2025-08-13,
CT0000039,CUST0000039,TAR001,2025-09-22,
CT0000040,CUST0000040,TAR004,2025-11-29,
CT0000041,CUST0000041,TAR001,2025-04-12,
CT0000042,CUST0000042,TAR003,2025-01-04,
CT0000043,CUST0000043,TAR001,2025-02-06,
CT0000044,CUST0000044,TAR002,2025-11-10,
CT0000045,CUST0000045,TAR003,2025-06-20,
CT0000046,CUST0000046,TAR003,2025-10-04,
CT0000047,CUST0000047,TAR002,2025-09-16,
CT0000048,CUST0000048,TAR003,2025-10-30,
CT0000049,CUST0000049,TAR001,2025-07-27,
CT0000050,CUST0000050,TAR002,2025-06-14,
CT0000051,CUST0000051,TAR002,2025-10-04,
CT0000052,CUST0000052,TAR001,2025-06-24,
CT0000053,CUST0000053,TAR003,2025-01-11,
CT0000054,CUST0000054,TAR005,2025-03-27,
CT0000055,CUST0000055,TAR002,2025-01-22,
CT0000056,CUST0000056,TAR001,2025-11-25,
CT0000057,CUST0000057,TAR003,2025-09-08,
CT0000058,CUST0000058,TAR001,2025-03-11,
CT0000059,CUST0000059,TAR001,2025-09-27,
CT0000060,CUST0000060,TAR002,2025-03-01,
CT0000061,CUST0000061,TAR004,2025-01-26,
CT0000062,CUST0000062,TAR003,2025-12-24,
CT0000063,CUST0000063,TAR005,2025-10-13,
CT0000064,CUST0000064,TAR002,2025-05-07,
CT0000065,CUST0000065,TAR004,2025-01-14,
CT0000066,CUST0000066,TAR003,2025-09-21,
CT0000067,CUST0000067,TAR003,2025-01-09,
CT0000068,CUST0000068,TAR005,2025-09-04,
CT0000069,CUST0000069,TAR001,2025-06-06,
CT0000070,CUST0000070,TAR004,2025-05-14,
CT0000071,CUST0000071,TAR005,2025-01-07,
CT0000072,CUST0000072,TAR003,2025-01-02,
CT0000073,CUST0000073,TAR001,2025-05-24,
CT0000074,CUST0000074,TAR005,2025-05-26,
CT0000075,CUST0000075,TAR004,2025-02-25,
CT0000076,CUST0000076,TAR001,2025-10-29,
CT0000077,CUST0000077,TAR003,2025-10-29,
CT0000078,CUST0000078,TAR001,2025-07-03,
CT0000079,CUST0000079,TAR001,2025-11-23,
CT0000080,CUST0000080,TAR002,2025-02-28,
CT0000081,CUST0000081,TAR005,2025-09-28,
CT0000082,CUST0000082,TAR005,2025-05-11,
CT0000083,CUST0000083,TAR004,2025-02-14,
CT0000084,CUST0000084,TAR002,2025-06-14,
CT0000085,CUST0000085,TAR003,2025-05-09,
CT0000086,CUST0000086,TAR002,2025-10-10,
CT0000087,CUST0000087,TAR003,2025-08-25,
CT0000088,CUST0000088,TAR001,2025-12-22,
CT0000089,CUST0000089,TAR001,2025-04-15,
CT0000090,CUST0000090,TAR001,2025-10-31,
CT0000091,CUST0000091,TAR002,2025-03-16,
CT0000092,CUST0000092,TAR005,2025-11-11,
CT0000093,CUST0000093,TAR004,2025-05-05,
CT0000094,CUST0000094,TAR002,2025-11-03,
CT0000095,CUST0000095,TAR002,2025-10-27,
CT0000096,CUST0000096,TAR005,2025-01-28,
CT0000097,CUST0000097,TAR002,2025-08-16,
CT0000098,CUST0000098,TAR002,2025-06-28,
CT0000099,CUST0000099,TAR004,2025-01-06,
CT0000100,CUST0000100,TAR002,2025-12-06,
CT0000101,CUST0000101,TAR003,2025-04-05,
CT0000102,CUST0000102,TAR003,2025-10-01,
CT0000103,CUST0000103,TAR004,2025-06-09,
CT0000104,CUST0000104,TAR001,2025-03-29,
CT0000105,CUST0000105,TAR004,2025-06-01,
CT0000106,CUST0000106,TAR003,2025-06-27,
CT0000107,CUST0000107,TAR001,2025-01-22,
CT0000108,CUST0000108,TAR003,2025-11-02,
CT0000109,CUST0000109,TAR001,2025-03-07,
CT0000110,CUST0000110,TAR004,2025-02-24,
CT0000111,CUST0000111,TAR002,2025-08-08,
CT0000112,CUST0000112,TAR001,2025-06-06,
CT0000113,CUST0000113,TAR002,2025-04-04,
CT0000114,CUST0000114,TAR004,2025-11-12,
CT0000115,CUST0000115,TAR002,2025-11-08,
CT0000116,CUST0000116,TAR005,2025-12-22,
CT0000117,CUST0000117,TAR001,2025-11-25,
CT0000118,CUST0000118,TAR004,2025-10-03,
CT0000119,CUST0000119,TAR004,2025-03-24,
CT0000120,CUST0000120,TAR003,2025-07-25,
CT0000121,CUST0000121,TAR001,2025-03-22,
CT0000122,CUST0000122,TAR003,2025-05-22,
CT0000123,CUST0000123,TAR002,2025-11-30,
CT0000124,CUST0000124,TAR004,2025-07-09,
CT0000125,CUST0000125,TAR001,2025-11-06,
CT0000126,CUST0000126,TAR001,2025-05-09,
CT0000127,CUST0000127,TAR002,2025-04-20,
CT0000128,CUST0000128,TAR004,2025-10-02,
CT0000129,CUST0000129,TAR003,2025-10-11,
CT0000130,CUST0000130,TAR002,2025-01-10,
CT0000131,CUST0000131,TAR002,2025-12-11,
CT0000132,CUST0000132,TAR005,2025-10-09,
CT0000133,CUST0000133,TAR003,2025-10-14,
CT0000134,CUST0000134,TAR003,2025-05-12,
CT0000135,CUST0000135,TAR001,2025-02-18,
CT0000136,CUST0000136,TAR003,2025-10-10,
CT0000137,CUST0000137,TAR004,2025-08-08,
CT0000138,CUST0000138,TAR001,2025-02-19,
CT0000139,CUST0000139,TAR002,2025-09-06,
CT0000140,CUST0000140,TAR003,2025-02-09,
CT0000141,CUST0000141,TAR001,2025-06-03,
CT0000142,CUST0000142,TAR002,2025-03-31,
CT0000143,CUST0000143,TAR003,2025-02-09,
CT0000144,CUST0000144,TAR001,2025-08-01,
CT0000145,CUST0000145,TAR004,2025-09-18,
CT0000146,CUST0000146,TAR001,2025-07-03,
CT0000147,CUST0000147,TAR003,2025-09-17,
CT0000148,CUST0000148,TAR005,2025-01-16,
CT0000149,CUST0000149,TAR002,2025-05-26,
CT0000150,CUST0000150,TAR002,2025-04-23,
CT0000151,CUST0000151,TAR001,2025-12-31,
CT0000152,CUST0000152,TAR005,2025-10-29,
CT0000153,CUST0000153,TAR004,2025-01-09,
CT0000154,CUST0000154,TAR003,2025-06-27,
CT0000155,CUST0000155,TAR001,2025-11-04,
CT0000156,CUST0000156,TAR001,2025-11-10,
CT0000157,CUST0000157,TAR002,2025-01-30,
CT0000158,CUST0000158,TAR003,2025-05-12,
CT0000159,CUST0000159,TAR005,2025-05-09,
CT0000160,CUST0000160,TAR004,2025-05-02,
CT0000161,CUST0000161,TAR001,2025-09-15,
CT0000162,CUST0000162,TAR001,2025-02-28,
CT0000163,CUST0000163,TAR002,2025-02-10,
CT0000164,CUST0000164,TAR002,2025-10-22,
CT0000165,CUST0000165,TAR003,2025-06-27,
CT0000166,CUST0000166,TAR002,2025-01-15,
CT0000167,CUST0000167,TAR001,2025-12-05,
CT0000168,CUST0000168,TAR005,2025-09-08,
CT0000169,CUST0000169,TAR004,2025-12-30,
CT0000170,CUST0000170,TAR004,2025-12-10,
CT0000171,CUST0000171,TAR005,2025-10-06,
CT0000172,CUST0000172,TAR005,2025-05-16,
CT0000173,CUST0000173,TAR004,2025-05-08,
CT0000174,CUST0000174,TAR005,2025-01-09,
CT0000175,CUST0000175,TAR001,2025-03-23,
CT0000176,CUST0000176,TAR002,2025-08-05,
CT0000177,CUST0000177,TAR004,2025-05-20,
CT0000178,CUST0000178,TAR004,2025-09-05,
CT0000179,CUST0000179,TAR004,2025-10-14,
CT0000180,CUST0000180,TAR004,2025-09-24,
CT0000181,CUST0000181,TAR003,2025-08-22,
CT0000182,CUST0000182,TAR004,2025-05-14,
CT0000183,CUST0000183,TAR004,2025-01-28,
CT0000184,CUST0000184,TAR004,2025-01-23,
CT0000185,CUST0000185,TAR004,2025-08-20,
CT0000186,CUST0000186,TAR001,2025-05-08,
CT0000187,CUST0000187,TAR002,2025-10-15,
CT0000188,CUST0000188,TAR005,2025-07-24,
CT0000189,CUST0000189,TAR003,2025-09-30,
CT0000190,CUST0000190,TAR004,2025-08-26,
CT0000191,CUST0000191,TAR003,2025-08-09,
CT0000192,CUST0000192,TAR005,2025-10-02,
CT0000193,CUST0000193,TAR001,2025-11-21,
CT0000194,CUST0000194,TAR002,2025-03-05,
CT0000195,CUST0000195,TAR005,2025-05-14,
CT0000196,CUST0000196,TAR003,2025-10-05,
CT0000197,CUST0000197,TAR002,2025-06-11,
CT0000198,CUST0000198,TAR004,2025-10-28,
CT0000199,CUST0000199,TAR003,2025-09-07,
CT0000200,CUST0000200,TAR005,2025-05-24,
CT0000201,CUST0000201,TAR003,2025-04-04,
CT0000202,CUST0000202,TAR005,2025-06-03,
CT0000203,CUST0000203,TAR003,2025-02-03,
CT0000204,CUST0000204,TAR001,2025-07-08,
CT0000205,CUST0000205,TAR002,2025-06-10,
CT0000206,CUST0000206,TAR002,2025-08-16,
CT0000207,CUST0000207,TAR005,2025-06-16,
CT0000208,CUST0000208,TAR002,2025-05-18,
CT0000209,CUST0000209,TAR005,2025-07-16,
CT0000210,CUST0000210,TAR003,2025-08-07,
CT0000211,CUST0000211,TAR004,2025-10-16,
CT0000212,CUST0000212,TAR004,2025-10-18,
CT0000213,CUST0000213,TAR001,2025-01-28,
CT0000214,CUST0000214,TAR001,2025-07-15,
CT0000215,CUST0000215,TAR003,2025-03-29,
CT0000216,CUST0000216,TAR005,2025-04-20,
CT0000217,CUST0000217,TAR002,2025-09-06,
CT0000218,CUST0000218,TAR001,2025-09-23,
CT0000219,CUST0000219,TAR001,2025-01-31,
CT0000220,CUST0000220,TAR002,2025-09-10,
CT0000221,CUST0000221,TAR003,2025-09-16,
CT0000222,CUST0000222,TAR002,2025-07-18,
CT0000223,CUST0000223,TAR003,2025-06-01,
CT0000224,CUST0000224,TAR003,2025-05-22,
CT0000225,CUST0000225,TAR001,2025-04-04,
CT0000226,CUST0000226,TAR004,2025-11-23,
CT0000227,CUST0000227,TAR001,2025-11-07,
CT0000228,CUST0000228,TAR002,2025-09-22,
CT0000229,CUST0000229,TAR001,2025-01-12,
CT0000230,CUST0000230,TAR002,2025-12-08,
CT0000231,CUST0000231,TAR003,2025-08-17,
CT0000232,CUST0000232,TAR001,2025-09-06,
CT0000233,CUST0000233,TAR003,2025-12-29,
CT0000234,CUST0000234,TAR003,2025-12-16,
CT0000235,CUST0000235,TAR004,2025-11-20,
CT0000236,CUST0000236,TAR005,2025-04-28,
CT0000237,CUST0000237,TAR004,2025-03-27,
CT0000238,CUST0000238,TAR005,2025-04-12,
CT0000239,CUST0000239,TAR003,2025-08-26,
CT0000240,CUST0000240,TAR005,2025-07-01,
CT0000241,CUST0000241,TAR001,2025-02-27,
CT0000242,CUST0000242,TAR002,2025-11-30,
CT0000243,CUST0000243,TAR004,2025-11-11,
CT0000244,CUST0000244,TAR003,2025-05-24,
CT0000245,CUST0000245,TAR002,2025-11-08,
CT0000246,CUST0000246,TAR002,2025-11-23,
CT0000247,CUST0000247,TAR003,2025-08-03,
CT0000248,CUST0000248,TAR002,2025-09-23,
CT0000249,CUST0000249,TAR003,2025-02-25,
CT0000250,CUST0000250,TAR001,2025-02-19,
CT0000251,CUST0000251,TAR005,2025-02-05,
CT0000252,CUST0000252,TAR005,2025-06-14,
CT0000253,CUST0000253,TAR002,2025-12-23,
CT0000254,CUST0000254,TAR005,2025-10-11,
CT0000255,CUST0000255,TAR004,2025-12-20,
CT0000256,CUST0000256,TAR005,2025-11-23,
CT0000257,CUST0000257,TAR003,2025-09-11,
CT0000258,CUST0000258,TAR001,2025-05-08,
CT0000259,CUST0000259,TAR002,2025-01-26,
CT0000260,CUST0000260,TAR004,2025-08-17,
CT0000261,CUST0000261,TAR005,2025-11-29,
CT0000262,CUST0000262,TAR004,2025-05-16,
CT0000263,CUST0000263,TAR005,2025-01-21,
CT0000264,CUST0000264,TAR002,2025-06-02,
CT0000265,CUST0000265,TAR005,2025-10-29,
CT0000266,CUST0000266,TAR001,2025-07-10,
CT0000267,CUST0000267,TAR001,2025-02-03,
CT0000268,CUST0000268,TAR003,2025-02-23,
CT0000269,CUST0000269,TAR001,2025-12-22,
CT0000270,CUST0000270,TAR001,2025-01-26,
CT0000271,CUST0000271,TAR005,2025-04-07,
CT0000272,CUST0000272,TAR005,2025-12-02,
CT0000273,CUST0000273,TAR004,2025-09-25,
CT0000274,CUST0000274,TAR001,2025-06-23,
CT0000275,CUST0000275,TAR005,2025-09-15,
CT0000276,CUST0000276,TAR002,2025-08-04,
CT0000277,CUST0000277,TAR001,2025-01-23,
CT0000278,CUST0000278,TAR004,2025-08-29,
CT0000279,CUST0000279,TAR002,2025-08-20,
CT0000280,CUST0000280,TAR001,2025-03-31,
CT0000281,CUST0000281,TAR002,2025-07-03,
CT0000282,CUST0000282,TAR002,2025-04-27,
CT0000283,CUST0000283,TAR003,2025-11-10,
CT0000284,CUST0000284,TAR002,2025-09-24,
CT0000285,CUST0000285,TAR001,2025-09-17,
CT0000286,CUST0000286,TAR004,2025-12-26,
CT0000287,CUST0000287,TAR001,2025-01-29,
CT0000288,CUST0000288,TAR004,2025-05-13,
CT0000289,CUST0000289,TAR001,2025-06-25,
CT0000290,CUST0000290,TAR003,2025-04-26,
CT0000291,CUST0000291,TAR005,2025-12-19,
CT0000292,CUST0000292,TAR004,2025-05-03,
CT0000293,CUST0000293,TAR004,2025-03-08,
CT0000294,CUST0000294,TAR002,2025-03-16,
CT0000295,CUST0000295,TAR003,2025-11-23,
CT0000296,CUST0000296,TAR001,2025-10-06,
CT0000297,CUST0000297,TAR004,2025-02-07,
CT0000298,CUST0000298,TAR005,2025-05-03,
CT0000299,CUST0000299,TAR003,2025-06-18,
CT0000300,CUST0000300,TAR004,2025-08-12,
CT0000301,CUST0000301,TAR004,2025-05-27,
CT0000302,CUST0000302,TAR002,2025-10-08,
CT0000303,CUST0000303,TAR001,2025-06-26,
CT0000304,CUST0000304,TAR004,2025-05-22,
CT0000305,CUST0000305,TAR004,2025-03-25,
CT0000306,CUST0000306,TAR005,2025-02-27,
CT0000307,CUST0000307,TAR001,2025-02-25,
CT0000308,CUST0000308,TAR004,2025-05-02,
CT0000309,CUST0000309,TAR004,2025-01-04,
CT0000310,CUST0000310,TAR004,2025-11-01,
CT0000311,CUST0000311,TAR004,2025-05-31,
CT0000312,CUST0000312,TAR002,2025-11-11,
CT0000313,CUST0000313,TAR004,2025-09-22,
CT0000314,CUST0000314,TAR004,2025-12-04,
CT0000315,CUST0000315,TAR004,2025-08-08,
CT0000316,CUST0000316,TAR001,2025-05-04,
CT0000317,CUST0000317,TAR002,2025-12-29,
CT0000318,CUST0000318,TAR003,2025-02-25,
CT0000319,CUST0000319,TAR001,2025-04-25,
CT0000320,CUST0000320,TAR003,2025-02-23,
CT0000321,CUST0000321,TAR001,2025-08-26,
CT0000322,CUST0000322,TAR005,2025-10-07,
CT0000323,CUST0000323,TAR001,2025-04-23,
CT0000324,CUST0000324,TAR001,2025-03-14,
CT0000325,CUST0000325,TAR002,2025-05-11,
CT0000326,CUST0000326,TAR001,2025-09-28,
CT0000327,CUST0000327,TAR003,2025-06-30,
CT0000328,CUST0000328,TAR005,2025-10-17,
CT0000329,CUST0000329,TAR003,2025-09-07,
CT0000330,CUST0000330,TAR005,2025-08-15,
CT0000331,CUST0000331,TAR001,2025-12-05,
CT0000332,CUST0000332,TAR001,2025-07-26,
CT0000333,CUST0000333,TAR002,2025-05-25,
CT0000334,CUST0000334,TAR005,2025-02-07,
CT0000335,CUST0000335,TAR001,2025-05-18,
CT0000336,CUST0000336,TAR004,2025-02-26,
CT0000337,CUST0000337,TAR002,2025-11-15,
CT0000338,CUST0000338,TAR002,2025-10-13,
CT0000339,CUST0000339,TAR002,2025-07-22,
CT0000340,CUST0000340,TAR002,2025-08-20,
CT0000341,CUST0000341,TAR004,2025-08-21,
CT0000342,CUST0000342,TAR001,2025-06-13,
CT0000343,CUST0000343,TAR003,2025-07-06,
CT0000344,CUST0000344,TAR005,2025-11-10,
CT0000345,CUST0000345,TAR005,2025-12-25,
CT0000346,CUST0000346,TAR001,2025-03-15,
CT0000347,CUST0000347,TAR003,2025-12-17,
CT0000348,CUST0000348,TAR001,2025-07-05,
CT0000349,CUST0000349,TAR005,2025-07-29,
CT0000350,CUST0000350,TAR003,2025-12-09,
CT0000351,CUST0000351,TAR005,2025-08-09,
CT0000352,CUST0000352,TAR004,2025-01-24,
CT0000353,CUST0000353,TAR004,2025-01-25,
CT0000354,CUST0000354,TAR005,2025-02-05,
CT0000355,CUST0000355,TAR002,2025-06-10,
CT0000356,CUST0000356,TAR004,2025-05-07,
CT0000357,CUST0000357,TAR003,2025-02-03,
CT0000358,CUST0000358,TAR004,2025-04-16,
CT0000359,CUST0000359,TAR003,2025-02-03,
CT0000360,CUST0000360,TAR004,2025-03-15,
CT0000361,CUST0000361,TAR002,2025-01-31,
CT0000362,CUST0000362,TAR005,2025-05-26,
CT0000363,CUST0000363,TAR004,2025-08-05,
CT0000364,CUST0000364,TAR003,2025-06-05,
CT0000365,CUST0000365,TAR002,2025-05-23,
CT0000366,CUST0000366,TAR005,2025-08-04,
CT0000367,CUST0000367,TAR003,2025-01-22,
CT0000368,CUST0000368,TAR005,2025-01-10,
CT0000369,CUST0000369,TAR003,2025-07-23,
CT0000370,CUST0000370,TAR002,2025-03-17,
CT0000371,CUST0000371,TAR001,2025-12-19,
CT0000372,CUST0000372,TAR005,2025-04-12,
CT0000373,CUST0000373,TAR005,2025-05-27,
CT0000374,CUST0000374,TAR004,2025-01-14,
CT0000375,CUST0000375,TAR001,2025-03-10,
CT0000376,CUST0000376,TAR001,2025-12-27,
CT0000377,CUST0000377,TAR002,2025-08-03,
CT0000378,CUST0000378,TAR005,2025-01-01,
CT0000379,CUST0000379,TAR002,2025-03-20,
CT0000380,CUST0000380,TAR002,2025-08-13,
CT0000381,CUST0000381,TAR002,2025-06-15,
CT0000382,CUST0000382,TAR003,2025-08-29,
CT0000383,CUST0000383,TAR001,2025-07-01,
CT0000384,CUST0000384,TAR002,2025-02-20,
CT0000385,CUST0000385,TAR002,2025-09-04,
CT0000386,CUST0000386,TAR002,2025-05-20,
CT0000387,CUST0000387,TAR003,2025-08-03,
CT0000388,CUST0000388,TAR003,2025-08-04,
CT0000389,CUST0000389,TAR001,2025-12-07,
CT0000390,CUST0000390,TAR005,2025-08-09,
CT0000391,CUST0000391,TAR002,2025-12-22,
CT0000392,CUST0000392,TAR004,2025-03-19,
CT0000393,CUST0000393,TAR001,2025-07-14,
CT0000394,CUST0000394,TAR005,2025-12-01,
CT0000395,CUST0000395,TAR005,2025-02-23,
CT0000396,CUST0000396,TAR005,2025-02-24,
CT0000397,CUST0000397,TAR005,2025-12-23,
CT0000398,CUST0000398,TAR001,2025-07-29,
CT0000399,CUST0000399,TAR004,2025-11-07,
CT0000400,CUST0000400,TAR003,2025-03-08,
CT0000401,CUST0000401,TAR005,2025-05-11,
CT0000402,CUST0000402,TAR002,2025-05-13,
CT0000403,CUST0000403,TAR004,2025-06-09,
CT0000404,CUST0000404,TAR001,2025-04-01,
CT0000405,CUST0000405,TAR001,2025-01-22,
CT0000406,CUST0000406,TAR001,2025-02-14,
CT0000407,CUST0000407,TAR004,2025-01-15,
CT0000408,CUST0000408,TAR001,2025-08-11,
CT0000409,CUST0000409,TAR002,2025-09-10,
CT0000410,CUST0000410,TAR004,2025-11-04,
CT0000411,CUST0000411,TAR001,2025-04-30,
CT0000412,CUST0000412,TAR002,2025-12-08,
CT0000413,CUST0000413,TAR004,2025-03-29,
CT0000414,CUST0000414,TAR004,2025-02-13,
CT0000415,CUST0000415,TAR003,2025-10-15,
CT0000416,CUST0000416,TAR003,2025-09-24,
CT0000417,CUST0000417,TAR002,2025-09-28,
CT0000418,CUST0000418,TAR003,2025-09-24,
CT0000419,CUST0000419,TAR003,2025-08-11,
CT0000420,CUST0000420,TAR005,2025-05-15,
CT0000421,CUST0000421,TAR002,2025-05-02,
CT0000422,CUST0000422,TAR004,2025-07-26,
CT0000423,CUST0000423,TAR005,2025-07-04,
CT0000424,CUST0000424,TAR003,2025-07-31,
CT0000425,CUST0000425,TAR003,2025-06-12,
CT0000426,CUST0000426,TAR001,2025-04-03,
CT0000427,CUST0000427,TAR001,2025-02-26,
CT0000428,CUST0000428,TAR003,2025-09-17,
CT0000429,CUST0000429,TAR005,2025-08-28,
CT0000430,CUST0000430,TAR005,2025-09-02,
CT0000431,CUST0000431,TAR005,2025-07-11,
CT0000432,CUST0000432,TAR002,2025-03-22,
CT0000433,CUST0000433,TAR002,2025-07-17,
CT0000434,CUST0000434,TAR004,2025-07-04,
CT0000435,CUST0000435,TAR002,2025-10-25,
CT0000436,CUST0000436,TAR004,2025-07-02,
CT0000437,CUST0000437,TAR003,2025-02-13,
CT0000438,CUST0000438,TAR002,2025-12-28,
CT0000439,CUST0000439,TAR003,2025-02-04,
CT0000440,CUST0000440,TAR002,2025-08-12,
CT0000441,CUST0000441,TAR003,2025-10-20,
CT0000442,CUST0000442,TAR005,2025-02-16,
CT0000443,CUST0000443,TAR002,2025-06-26,
CT0000444,CUST0000444,TAR002,2025-10-29,
CT0000445,CUST0000445,TAR001,2025-12-31,
CT0000446,CUST0000446,TAR002,2025-04-18,
CT0000447,CUST0000447,TAR005,2025-01-16,
CT0000448,CUST0000448,TAR003,2025-05-13,
CT0000449,CUST0000449,TAR002,2025-06-25,
CT0000450,CUST0000450,TAR001,2025-11-26,
CT0000451,CUST0000451,TAR001,2025-04-06,
CT0000452,CUST0000452,TAR005,2025-08-30,
CT0000453,CUST0000453,TAR002,2025-04-28,
CT0000454,CUST0000454,TAR005,2025-03-07,
CT0000455,CUST0000455,TAR004,2025-06-21,
CT0000456,CUST0000456,TAR005,2025-07-28,
CT0000457,CUST0000457,TAR004,2025-08-23,
CT0000458,CUST0000458,TAR005,2026-01-01,
CT0000459,CUST0000459,TAR002,2025-07-08,
CT0000460,CUST0000460,TAR005,2025-09-16,
CT0000461,CUST0000461,TAR005,2025-05-08,
CT0000462,CUST0000462,TAR002,2025-12-28,
CT0000463,CUST0000463,TAR001,2025-05-21,
CT0000464,CUST0000464,TAR002,2025-05-18,
CT0000465,CUST0000465,TAR005,2025-04-01,
CT0000466,CUST0000466,TAR003,2025-06-28,
CT0000467,CUST0000467,TAR002,2025-07-08,
CT0000468,CUST0000468,TAR002,2025-12-28,
CT0000469,CUST0000469,TAR003,2025-02-12,
CT0000470,CUST0000470,TAR004,2025-08-28,
CT0000471,CUST0000471,TAR002,2025-05-11,
CT0000472,CUST0000472,TAR003,2025-12-01,
CT0000473,CUST0000473,TAR005,2025-12-26,
CT0000474,CUST0000474,TAR003,2025-01-28,
CT0000475,CUST0000475,TAR003,2025-01-01,
CT0000476,CUST0000476,TAR004,2025-12-11,
CT0000477,CUST0000477,TAR005,2025-04-02,
CT0000478,CUST0000478,TAR004,2025-03-29,
CT0000479,CUST0000479,TAR001,2025-04-05,
CT0000480,CUST0000480,TAR001,2025-02-23,
CT0000481,CUST0000481,TAR005,2025-11-29,
CT0000482,CUST0000482,TAR005,2025-11-27,
CT0000483,CUST0000483,TAR005,2025-08-16,
CT0000484,CUST0000484,TAR004,2025-03-12,
CT0000485,CUST0000485,TAR005,2025-12-14,
CT0000486,CUST0000486,TAR003,2025-01-07,
CT0000487,CUST0000487,TAR001,2025-03-26,
CT0000488,CUST0000488,TAR004,2025-01-21,
CT0000489,CUST0000489,TAR004,2025-06-12,
CT0000490,CUST0000490,TAR001,2025-10-16,
CT0000491,CUST0000491,TAR003,2025-10-09,
CT0000492,CUST0000492,TAR004,2025-03-09,
CT0000493,CUST0000493,TAR003,2025-03-08,
CT0000494,CUST0000494,TAR001,2025-12-01,
CT0000495,CUST0000495,TAR004,2025-06-21,
CT0000496,CUST0000496,TAR002,2025-04-07,
CT0000497,CUST0000497,TAR001,2025-04-17,
CT0000498,CUST0000498,TAR002,2025-10-30,
CT0000499,CUST0000499,TAR004,2025-12-04,
CT0000500,CUST0000500,TAR004,2025-05-24,
CT0000501,CUST0000501,TAR005,2025-12-19,
CT0000502,CUST0000502,TAR003,2025-02-01,
CT0000503,CUST0000503,TAR001,2025-12-17,
CT0000504,CUST0000504,TAR003,2025-09-13,
CT0000505,CUST0000505,TAR001,2025-02-18,
CT0000506,CUST0000506,TAR002,2025-12-09,
CT0000507,CUST0000507,TAR003,2025-12-05,
CT0000508,CUST0000508,TAR001,2025-04-07,
CT0000509,CUST0000509,TAR002,2025-10-20,
CT0000510,CUST0000510,TAR004,2025-08-17,
CT0000511,CUST0000511,TAR005,2025-07-01,
CT0000512,CUST0000512,TAR003,2025-03-09,
CT0000513,CUST0000513,TAR005,2025-12-12,
CT0000514,CUST0000514,TAR004,2025-06-05,
CT0000515,CUST0000515,TAR003,2025-05-19,
CT0000516,CUST0000516,TAR003,2025-04-04,
CT0000517,CUST0000517,TAR002,2025-10-01,
CT0000518,CUST0000518,TAR003,2025-06-16,
CT0000519,CUST0000519,TAR005,2025-07-22,
CT0000520,CUST0000520,TAR001,2025-03-04,
CT0000521,CUST0000521,TAR005,2025-11-30,
CT0000522,CUST0000522,TAR005,2025-06-29,
CT0000523,CUST0000523,TAR005,2025-01-13,
CT0000524,CUST0000524,TAR002,2025-08-29,
CT0000525,CUST0000525,TAR003,2025-09-06,
CT0000526,CUST0000526,TAR003,2025-10-04,
CT0000527,CUST0000527,TAR002,2025-03-05,
CT0000528,CUST0000528,TAR003,2025-03-14,
CT0000529,CUST0000529,TAR002,2025-07-21,
CT0000530,CUST0000530,TAR005,2025-08-29,
CT0000531,CUST0000531,TAR004,2025-06-24,
CT0000532,CUST0000532,TAR001,2025-10-19,
CT0000533,CUST0000533,TAR003,2025-12-12,
CT0000534,CUST0000534,TAR005,2025-10-23,
CT0000535,CUST0000535,TAR005,2025-12-04,
CT0000536,CUST0000536,TAR004,2025-05-28,
CT0000537,CUST0000537,TAR001,2025-01-14,
CT0000538,CUST0000538,TAR003,2025-11-19,
CT0000539,CUST0000539,TAR005,2025-10-02,
CT0000540,CUST0000540,TAR005,2025-08-17,
CT0000541,CUST0000541,TAR001,2025-03-28,
CT0000542,CUST0000542,TAR001,2025-01-19,
CT0000543,CUST0000543,TAR001,2025-11-29,
CT0000544,CUST0000544,TAR001,2025-10-09,
CT0000545,CUST0000545,TAR005,2025-08-10,
CT0000546,CUST0000546,TAR005,2025-09-16,
CT0000547,CUST0000547,TAR004,2025-12-28,
CT0000548,CUST0000548,TAR005,2025-04-19,
CT0000549,CUST0000549,TAR002,2025-06-08,
CT0000550,CUST0000550,TAR004,2025-08-19,
CT0000551,CUST0000551,TAR005,2025-07-22,
CT0000552,CUST0000552,TAR004,2025-04-11,
CT0000553,CUST0000553,TAR004,2025-11-17,
CT0000554,CUST0000554,TAR004,2025-07-13,
CT0000555,CUST0000555,TAR002,2025-05-19,
CT0000556,CUST0000556,TAR004,2025-10-21,
CT0000557,CUST0000557,TAR004,2025-01-19,
CT0000558,CUST0000558,TAR002,2025-10-07,
CT0000559,CUST0000559,TAR005,2025-01-05,
CT0000560,CUST0000560,TAR004,2025-07-18,
CT0000561,CUST0000561,TAR001,2025-06-19,
CT0000562,CUST0000562,TAR001,2025-01-08,
CT0000563,CUST0000563,TAR004,2025-08-01,
CT0000564,CUST0000564,TAR002,2025-10-02,
CT0000565,CUST0000565,TAR004,2025-08-28,
CT0000566,CUST0000566,TAR002,2025-01-10,
CT0000567,CUST0000567,TAR003,2025-05-28,
CT0000568,CUST0000568,TAR005,2025-04-23,
CT0000569,CUST0000569,TAR002,2025-06-11,
CT0000570,CUST0000570,TAR001,2025-05-21,
CT0000571,CUST0000571,TAR005,2025-11-24,
CT0000572,CUST0000572,TAR004,2025-08-07,
CT0000573,CUST0000573,TAR005,2025-12-10,
CT0000574,CUST0000574,TAR001,2025-05-30,
CT0000575,CUST0000575,TAR005,2025-12-29,
CT0000576,CUST0000576,TAR001,2025-06-28,
CT0000577,CUST0000577,TAR002,2025-09-01,
CT0000578,CUST0000578,TAR005,2025-12-23,
CT0000579,CUST0000579,TAR005,2025-10-18,
CT0000580,CUST0000580,TAR002,2025-10-13,
CT0000581,CUST0000581,TAR003,2025-03-26,
CT0000582,CUST0000582,TAR001,2025-03-21,
CT0000583,CUST0000583,TAR005,2025-04-17,
CT0000584,CUST0000584,TAR001,2025-10-01,
CT0000585,CUST0000585,TAR004,2025-02-23,
CT0000586,CUST0000586,TAR002,2025-03-15,
CT0000587,CUST0000587,TAR004,2025-11-05,
CT0000588,CUST0000588,TAR004,2025-04-18,
CT0000589,CUST0000589,TAR005,2025-02-15,
CT0000590,CUST0000590,TAR001,2025-09-26,
CT0000591,CUST0000591,TAR003,2025-01-20,
CT0000592,CUST0000592,TAR003,2025-09-16,
CT0000593,CUST0000593,TAR002,2025-12-03,
CT0000594,CUST0000594,TAR002,2025-09-02,
CT0000595,CUST0000595,TAR002,2025-05-30,
CT0000596,CUST0000596,TAR003,2025-09-04,
CT0000597,CUST0000597,TAR002,2025-05-19,
CT0000598,CUST0000598,TAR005,2025-04-04,
CT0000599,CUST0000599,TAR005,2025-01-09,
CT0000600,CUST0000600,TAR001,2025-05-10,
CT0000601,CUST0000601,TAR002,2025-08-10,
CT0000602,CUST0000602,TAR005,2025-11-13,
CT0000603,CUST0000603,TAR002,2025-10-31,
CT0000604,CUST0000604,TAR003,2025-11-04,
CT0000605,CUST0000605,TAR002,2025-11-01,
CT0000606,CUST0000606,TAR003,2025-02-28,
CT0000607,CUST0000607,TAR001,2025-08-25,
CT0000608,CUST0000608,TAR003,2025-12-24,
CT0000609,CUST0000609,TAR003,2025-08-26,
CT0000610,CUST0000610,TAR005,2025-03-09,
CT0000611,CUST0000611,TAR001,2025-11-02,
CT0000612,CUST0000612,TAR004,2025-06-24,
CT0000613,CUST0000613,TAR002,2025-06-30,
CT0000614,CUST0000614,TAR005,2025-06-20,
CT0000615,CUST0000615,TAR004,2025-02-11,
CT0000616,CUST0000616,TAR003,2025-01-22,
CT0000617,CUST0000617,TAR005,2025-06-26,
CT0000618,CUST0000618,TAR002,2025-12-01,
CT0000619,CUST0000619,TAR001,2025-11-22,
CT0000620,CUST0000620,TAR003,2025-09-15,
CT0000621,CUST0000621,TAR001,2025-03-08,
CT0000622,CUST0000622,TAR004,2025-11-27,
CT0000623,CUST0000623,TAR005,2025-04-21,
CT0000624,CUST0000624,TAR001,2025-02-20,
CT0000625,CUST0000625,TAR003,2025-04-28,
CT0000626,CUST0000626,TAR003,2025-03-18,
CT0000627,CUST0000627,TAR005,2025-08-16,
CT0000628,CUST0000628,TAR005,2025-04-22,
CT0000629,CUST0000629,TAR001,2025-02-21,
CT0000630,CUST0000630,TAR005,2025-04-14,
CT0000631,CUST0000631,TAR002,2026-01-01,
CT0000632,CUST0000632,TAR003,2025-07-06,
CT0000633,CUST0000633,TAR003,2025-09-22,
CT0000634,CUST0000634,TAR003,2025-09-27,
CT0000635,CUST0000635,TAR003,2025-02-17,
CT0000636,CUST0000636,TAR001,2025-01-23,
CT0000637,CUST0000637,TAR001,2025-12-09,
CT0000638,CUST0000638,TAR002,2025-01-29,
CT0000639,CUST0000639,TAR001,2025-02-18,
CT0000640,CUST0000640,TAR001,2025-01-27,
CT0000641,CUST0000641,TAR003,2025-06-29,
CT0000642,CUST0000642,TAR005,2025-11-08,
CT0000643,CUST0000643,TAR003,2025-09-05,
CT0000644,CUST0000644,TAR001,2025-10-25,
CT0000645,CUST0000645,TAR004,2025-05-20,
CT0000646,CUST0000646,TAR003,2025-09-10,
CT0000647,CUST0000647,TAR001,2025-12-15,
CT0000648,CUST0000648,TAR003,2025-03-14,
CT0000649,CUST0000649,TAR005,2025-06-30,
CT0000650,CUST0000650,TAR004,2025-06-27,
CT0000651,CUST0000651,TAR003,2025-04-11,
CT0000652,CUST0000652,TAR004,2025-12-12,
CT0000653,CUST0000653,TAR002,2025-02-15,
CT0000654,CUST0000654,TAR001,2025-04-30,
CT0000655,CUST0000655,TAR001,2025-03-15,
CT0000656,CUST0000656,TAR004,2025-08-24,
CT0000657,CUST0000657,TAR004,2025-05-06,
CT0000658,CUST0000658,TAR004,2025-07-10,
CT0000659,CUST0000659,TAR005,2025-06-23,
CT0000660,CUST0000660,TAR003,2025-01-14,
CT0000661,CUST0000661,TAR004,2025-08-18,
CT0000662,CUST0000662,TAR004,2025-11-10,
CT0000663,CUST0000663,TAR005,2025-09-10,
CT0000664,CUST0000664,TAR005,2025-06-03,
CT0000665,CUST0000665,TAR005,2025-09-01,
CT0000666,CUST0000666,TAR002,2025-09-11,
CT0000667,CUST0000667,TAR005,2025-09-25,
CT0000668,CUST0000668,TAR001,2025-08-18,
CT0000669,CUST0000669,TAR005,2025-02-08,
CT0000670,CUST0000670,TAR005,2025-10-13,
CT0000671,CUST0000671,TAR002,2025-12-07,
CT0000672,CUST0000672,TAR004,2025-03-02,
CT0000673,CUST0000673,TAR001,2025-08-28,
CT0000674,CUST0000674,TAR004,2025-08-24,
CT0000675,CUST0000675,TAR004,2025-08-11,
CT0000676,CUST0000676,TAR001,2025-06-05,
CT0000677,CUST0000677,TAR001,2025-11-13,
CT0000678,CUST0000678,TAR002,2025-07-11,
CT0000679,CUST0000679,TAR003,2025-11-14,
CT0000680,CUST0000680,TAR004,2025-02-28,
CT0000681,CUST0000681,TAR001,2025-07-05,
CT0000682,CUST0000682,TAR001,2025-04-02,
CT0000683,CUST0000683,TAR002,2025-08-20,
CT0000684,CUST0000684,TAR005,2025-02-16,
CT0000685,CUST0000685,TAR001,2025-01-18,
CT0000686,CUST0000686,TAR003,2025-04-22,
CT0000687,CUST0000687,TAR001,2025-05-09,
CT0000688,CUST0000688,TAR004,2025-03-22,
CT0000689,CUST0000689,TAR001,2025-05-09,
CT0000690,CUST0000690,TAR005,2025-05-23,
CT0000691,CUST0000691,TAR001,2025-02-09,
CT0000692,CUST0000692,TAR001,2025-06-11,
CT0000693,CUST0000693,TAR001,2025-12-05,
CT0000694,CUST0000694,TAR001,2025-08-31,
CT0000695,CUST0000695,TAR003,2025-09-07,
CT0000696,CUST0000696,TAR003,2025-01-04,
CT0000697,CUST0000697,TAR002,2025-02-27,
CT0000698,CUST0000698,TAR005,2025-01-16,
CT0000699,CUST0000699,TAR001,2025-12-13,
CT0000700,CUST0000700,TAR002,2025-09-03,
CT0000701,CUST0000701,TAR002,2025-08-23,
CT0000702,CUST0000702,TAR001,2025-07-04,
CT0000703,CUST0000703,TAR005,2025-02-19,
CT0000704,CUST0000704,TAR004,2025-05-26,
CT0000705,CUST0000705,TAR005,2025-10-23,
CT0000706,CUST0000706,TAR001,2025-08-03,
CT0000707,CUST0000707,TAR005,2025-12-23,
CT0000708,CUST0000708,TAR004,2025-04-23,
CT0000709,CUST0000709,TAR004,2025-10-07,
CT0000710,CUST0000710,TAR004,2025-10-26,
CT0000711,CUST0000711,TAR005,2025-12-19,
CT0000712,CUST0000712,TAR003,2025-07-08,
CT0000713,CUST0000713,TAR001,2025-04-24,
CT0000714,CUST0000714,TAR002,2025-05-17,
CT0000715,CUST0000715,TAR005,2025-02-22,
CT0000716,CUST0000716,TAR001,2025-08-27,
CT0000717,CUST0000717,TAR005,2025-08-04,
CT0000718,CUST0000718,TAR003,2025-10-07,
CT0000719,CUST0000719,TAR002,2025-06-18,
CT0000720,CUST0000720,TAR004,2025-10-22,
CT0000721,CUST0000721,TAR002,2025-01-25,
CT0000722,CUST0000722,TAR002,2025-01-17,
CT0000723,CUST0000723,TAR003,2025-12-17,
CT0000724,CUST0000724,TAR004,2026-01-01,
CT0000725,CUST0000725,TAR001,2025-09-01,
CT0000726,CUST0000726,TAR004,2025-07-06,
CT0000727,CUST0000727,TAR001,2025-07-08,
CT0000728,CUST0000728,TAR001,2025-02-03,
CT0000729,CUST0000729,TAR001,2025-03-07,
CT0000730,CUST0000730,TAR004,2025-01-09,
CT0000731,CUST0000731,TAR003,2025-09-15,
CT0000732,CUST0000732,TAR003,2025-01-17,
CT0000733,CUST0000733,TAR004,2025-07-15,
CT0000734,CUST0000734,TAR004,2025-05-10,
CT0000735,CUST0000735,TAR005,2025-03-24,
CT0000736,CUST0000736,TAR005,2025-06-30,
CT0000737,CUST0000737,TAR002,2025-08-30,
CT0000738,CUST0000738,TAR005,2025-02-18,
CT0000739,CUST0000739,TAR003,2025-12-17,
CT0000740,CUST0000740,TAR004,2025-04-18,
CT0000741,CUST0000741,TAR003,2026-01-01,
CT0000742,CUST0000742,TAR001,2025-06-06,
CT0000743,CUST0000743,TAR005,2025-11-21,
CT0000744,CUST0000744,TAR005,2025-10-13,
CT0000745,CUST0000745,TAR004,2025-03-12,
CT0000746,CUST0000746,TAR003,2025-02-03,
CT0000747,CUST0000747,TAR005,2025-05-22,
CT0000748,CUST0000748,TAR003,2025-06-16,
CT0000749,CUST0000749,TAR001,2025-06-01,
CT0000750,CUST0000750,TAR003,2025-11-30,
CT0000751,CUST0000751,TAR005,2025-05-23,
CT0000752,CUST0000752,TAR003,2025-11-08,
CT0000753,CUST0000753,TAR002,2025-06-09,
CT0000754,CUST0000754,TAR004,2025-03-05,
CT0000755,CUST0000755,TAR002,2025-02-22,
CT0000756,CUST0000756,TAR005,2025-10-19,
CT0000757,CUST0000757,TAR004,2025-11-12,
CT0000758,CUST0000758,TAR003,2025-02-18,
CT0000759,CUST0000759,TAR005,2025-11-25,
CT0000760,CUST0000760,TAR002,2025-01-11,
CT0000761,CUST0000761,TAR002,2025-09-02,
CT0000762,CUST0000762,TAR004,2025-10-15,
CT0000763,CUST0000763,TAR003,2025-02-23,
CT0000764,CUST0000764,TAR005,2025-03-01,
CT0000765,CUST0000765,TAR002,2025-12-14,
CT0000766,CUST0000766,TAR001,2025-03-01,
CT0000767,CUST0000767,TAR004,2025-12-10,
CT0000768,CUST0000768,TAR003,2025-04-01,
CT0000769,CUST0000769,TAR004,2025-06-13,
CT0000770,CUST0000770,TAR002,2025-04-16,
CT0000771,CUST0000771,TAR005,2025-03-20,
CT0000772,CUST0000772,TAR001,2025-05-26,
CT0000773,CUST0000773,TAR002,2025-05-29,
CT0000774,CUST0000774,TAR004,2025-04-09,
CT0000775,CUST0000775,TAR003,2025-01-30,
CT0000776,CUST0000776,TAR003,2025-02-09,
CT0000777,CUST0000777,TAR004,2025-10-07,
CT0000778,CUST0000778,TAR004,2025-07-24,
CT0000779,CUST0000779,TAR005,2025-06-17,
CT0000780,CUST0000780,TAR004,2025-12-30,
CT0000781,CUST0000781,TAR004,2025-08-03,
CT0000782,CUST0000782,TAR002,2025-02-26,
CT0000783,CUST0000783,TAR003,2025-10-21,
CT0000784,CUST0000784,TAR003,2025-06-12,
CT0000785,CUST0000785,TAR004,2025-12-08,
CT0000786,CUST0000786,TAR004,2025-03-26,
CT0000787,CUST0000787,TAR002,2025-06-13,
CT0000788,CUST0000788,TAR002,2025-04-14,
CT0000789,CUST0000789,TAR001,2025-06-16,
CT0000790,CUST0000790,TAR004,2025-09-24,
CT0000791,CUST0000791,TAR005,2025-11-16,
CT0000792,CUST0000792,TAR004,2025-11-10,
CT0000793,CUST0000793,TAR003,2025-08-22,
CT0000794,CUST0000794,TAR001,2025-05-27,
CT0000795,CUST0000795,TAR001,2025-04-16,
CT0000796,CUST0000796,TAR003,2025-02-26,
CT0000797,CUST0000797,TAR001,2025-07-26,
CT0000798,CUST0000798,TAR001,2025-06-05,
CT0000799,CUST0000799,TAR002,2025-08-18,
CT0000800,CUST0000800,TAR002,2025-06-24,
