outage_id,site_id,asset_id,outage_start_ts,outage_end_ts,outage_type,cause_code,customers_affected,estimated_energy_not_served_mwh,outage_status,duration_hours
OUT0000001,SITE0009,AST000071,2026-05-12 16:58:25,2026-05-13 04:58:25,Weather,Equipment Failure,5294,126.191,Open,12.0
OUT0000002,SITE0018,AST000146,2026-05-17 14:41:10,2026-05-20 14:41:10,Forced,Equipment Failure,5471,336.351,Investigating,72.0
OUT0000003,SITE0017,AST000138,2026-03-20 14:37:55,2026-03-21 14:37:55,Forced,Storm,8060,314.859,Investigating,24.0
OUT0000004,SITE0004,AST000028,2026-03-11 18:15:12,2026-03-12 18:15:12,Planned,Unknown,8519,188.139,Open,24.0
OUT0000005,SITE0011,AST000091,2026-04-30 22:17:34,2026-04-30 22:47:34,Forced,Unknown,1969,340.908,Open,0.5
OUT0000006,SITE0023,AST000195,2026-02-23 16:28:59,2026-02-24 04:28:59,Forced,Storm,16442,237.478,Investigating,12.0
OUT0000007,SITE0010,AST000079,2026-01-16 12:25:47,2026-01-16 14:25:47,Planned,Storm,12725,210.994,Investigating,2.0
OUT0000008,SITE0010,AST000082,2026-03-11 19:48:11,2026-03-11 21:48:11,Forced,Maintenance,1149,43.865,Closed,2.0
OUT0000009,SITE0009,AST000071,2026-02-10 11:53:51,2026-02-10 23:53:51,Forced,Equipment Failure,12341,271.395,Investigating,12.0
OUT0000010,SITE0020,AST000167,2026-01-26 14:20:59,2026-01-26 15:20:59,Forced,Storm,6663,8.959,Closed,1.0
OUT0000011,SITE0009,AST000069,2026-01-24 16:16:19,2026-01-25 00:16:19,Grid Event,Unknown,328,73.149,Investigating,8.0
OUT0000012,SITE0004,AST000029,2026-01-07 05:26:35,2026-01-07 17:26:35,Planned,Storm,128,220.342,Open,12.0
OUT0000013,SITE0021,AST000173,2026-01-09 20:22:29,2026-01-10 00:22:29,Grid Event,Maintenance,7768,151.077,Open,4.0
OUT0000014,SITE0029,AST000244,2026-01-13 22:44:06,2026-01-13 23:14:06,Forced,Storm,8956,209.328,Closed,0.5
OUT0000015,SITE0013,AST000109,2026-01-12 02:09:21,2026-01-12 03:09:21,Forced,Equipment Failure,1265,223.289,Investigating,1.0
OUT0000016,SITE0001,AST000002,2026-05-14 04:28:48,2026-05-15 04:28:48,Planned,Storm,6788,85.942,Closed,24.0
OUT0000017,SITE0024,AST000201,2026-02-20 00:33:02,2026-02-22 00:33:02,Grid Event,Unknown,7208,336.332,Closed,48.0
OUT0000018,SITE0014,AST000118,2026-04-19 17:56:27,2026-04-20 01:56:27,Planned,Equipment Failure,7437,260.063,Closed,8.0
OUT0000019,SITE0020,AST000171,2026-03-13 08:33:18,2026-03-13 20:33:18,Forced,Storm,3782,338.483,Closed,12.0
OUT0000020,SITE0004,AST000028,2026-03-22 04:45:58,2026-03-22 05:45:58,Weather,Maintenance,8896,106.48,Investigating,1.0
OUT0000021,SITE0028,AST000238,2026-03-28 20:29:52,2026-03-29 08:29:52,Forced,Protection Trip,16466,251.816,Open,12.0
OUT0000022,SITE0020,AST000169,2026-03-15 18:23:59,2026-03-17 18:23:59,Forced,Maintenance,15246,205.634,Closed,48.0
OUT0000023,SITE_BAD,AST000240,2026-04-02 02:21:46,2026-04-02 03:21:46,Forced,Protection Trip,2389,291.762,Closed,1.0
OUT0000024,SITE0024,AST000202,2026-04-22 11:18:51,2026-04-23 11:18:51,Forced,Maintenance,8045,66.051,Closed,24.0
OUT0000025,SITE0025,AST000206,2026-01-24 03:09:28,2026-01-24 05:09:28,Planned,Storm,9176,83.72,Closed,2.0
OUT0000026,SITE0008,AST000063,2026-04-21 23:28:24,2026-04-23 23:28:24,Planned,Protection Trip,15326,106.572,Open,48.0
OUT0000027,SITE0008,AST000066,2026-05-16 16:01:19,2026-05-16 17:01:19,Forced,Protection Trip,15611,346.059,Investigating,1.0
OUT0000028,SITE0016,AST000136,2026-04-20 18:48:56,2026-04-20 19:18:56,Grid Event,Protection Trip,16427,248.843,Closed,0.5
OUT0000029,SITE0030,AST000254,2026-01-24 13:07:58,2026-01-24 13:37:58,Weather,Protection Trip,1016,269.494,Closed,0.5
OUT0000030,SITE0025,AST000212,2026-03-30 09:37:04,2026-04-01 09:37:04,Weather,Maintenance,16579,37.536,Closed,48.0
OUT0000031,SITE0002,AST000011,2026-03-05 00:39:13,2026-03-05 08:39:13,Forced,Equipment Failure,742,61.524,Investigating,8.0
OUT0000032,SITE0021,AST000173,2026-02-27 03:04:58,2026-02-27 11:04:58,Forced,Protection Trip,9106,172.143,Open,8.0
OUT0000033,SITE0001,AST000007,2026-02-15 20:01:27,2026-02-15 20:31:27,Planned,Storm,4173,290.104,Closed,0.5
OUT0000034,SITE0029,AST000243,2026-04-30 07:38:59,2026-04-30 15:38:59,Forced,Storm,5814,178.501,Closed,8.0
OUT0000035,SITE0030,AST000249,2026-02-13 00:29:04,2026-02-13 01:29:04,Forced,Storm,975,42.758,Closed,1.0
OUT0000036,SITE0012,AST000096,2026-01-05 17:46:05,2026-01-07 17:46:05,Forced,Unknown,11540,52.092,Closed,48.0
OUT0000037,SITE0005,AST000038,2026-04-12 08:14:51,2026-04-15 08:14:51,Forced,Storm,3335,78.544,Closed,72.0
OUT0000038,SITE0015,AST000119,2026-05-07 18:12:13,2026-05-08 06:12:13,Grid Event,Equipment Failure,9411,102.791,Closed,12.0
OUT0000039,SITE0007,AST000057,2026-02-08 13:31:21,2026-02-10 13:31:21,Grid Event,Protection Trip,14695,261.519,Investigating,48.0
OUT0000040,SITE0006,AST000048,2026-02-03 23:01:52,2026-02-05 23:01:52,Grid Event,Maintenance,15869,278.961,Investigating,48.0
OUT0000041,SITE0008,AST000061,2026-04-21 06:28:41,2026-04-23 06:28:41,Forced,Unknown,2977,247.672,Investigating,48.0
OUT0000042,SITE0027,AST000228,2026-03-09 21:44:31,2026-03-10 05:44:31,Forced,Protection Trip,10600,149.201,Closed,8.0
OUT0000043,SITE0030,AST000255,2026-04-15 04:35:33,2026-04-16 04:35:33,Planned,Unknown,515,106.858,Closed,24.0
OUT0000044,SITE0016,AST000136,2026-01-16 23:48:04,,Planned,Maintenance,9984,329.1,Open,
OUT0000045,SITE0026,AST000214,2026-02-22 22:49:23,2026-02-23 22:49:23,Forced,Equipment Failure,5830,202.339,Open,24.0
OUT0000046,SITE0016,AST000129,2026-05-14 22:42:08,2026-05-15 00:42:08,Forced,Unknown,12236,117.879,Closed,2.0
OUT0000047,SITE0020,AST000168,2026-05-18 15:13:31,2026-05-19 03:13:31,Forced,Maintenance,3397,107.773,Investigating,12.0
OUT0000048,SITE0015,AST000123,2026-01-17 18:53:45,2026-01-20 18:53:45,Forced,Maintenance,5483,233.176,Closed,72.0
OUT0000049,SITE0029,AST000244,2026-04-04 15:44:51,2026-04-04 17:44:51,Forced,Equipment Failure,14029,217.494,Closed,2.0
OUT0000050,SITE0022,AST000189,2026-03-04 20:02:26,2026-03-04 22:02:26,Planned,Storm,17041,51.529,Investigating,2.0
OUT0000051,SITE0007,AST000053,2026-03-08 05:37:41,2026-03-11 05:37:41,Planned,Maintenance,11316,17.864,Closed,72.0
OUT0000052,SITE0015,AST000126,2026-04-14 03:59:28,2026-04-15 03:59:28,Weather,Storm,16839,239.846,Closed,24.0
OUT0000053,SITE0013,AST000102,2026-02-17 09:44:08,2026-02-18 09:44:08,Forced,Protection Trip,4361,141.26,Closed,24.0
OUT0000054,SITE0020,AST000167,2026-03-28 08:12:10,2026-03-28 12:12:10,Weather,Unknown,5442,168.631,Investigating,4.0
OUT0000055,SITE0006,AST000047,2026-01-15 20:38:53,2026-01-16 04:38:53,Planned,Equipment Failure,11540,58.686,Open,8.0
OUT0000056,SITE0025,AST000210,2026-05-22 12:16:41,2026-05-25 12:16:41,Forced,Maintenance,15827,311.149,Closed,72.0
OUT0000057,SITE0011,AST000091,2026-04-28 10:40:32,2026-04-28 22:40:32,Forced,Unknown,12004,43.681,Open,12.0
OUT0000058,SITE0027,AST000224,2026-01-12 10:10:44,2026-01-12 11:10:44,Weather,Maintenance,15123,238.61,Closed,1.0
OUT0000059,SITE0022,AST000184,2026-01-20 12:04:58,2026-01-20 16:04:58,Grid Event,Equipment Failure,9621,151.955,Closed,4.0
OUT0000060,SITE0023,AST000192,2026-03-28 09:35:45,2026-03-29 09:35:45,Forced,Equipment Failure,11956,258.721,Closed,24.0
OUT0000061,SITE0029,AST000248,2026-05-21 07:11:15,2026-05-21 08:11:15,Planned,Maintenance,7889,304.865,Closed,1.0
OUT0000062,SITE0007,AST000057,2026-03-13 20:01:59,,Forced,Maintenance,9481,336.114,Investigating,
OUT0000063,SITE0002,AST000013,2026-04-19 14:12:35,2026-04-22 14:12:35,Planned,Maintenance,8466,248.02,Open,72.0
OUT0000064,SITE0002,AST000009,2026-01-23 23:10:04,2026-01-24 23:10:04,Weather,Equipment Failure,3665,87.74,Closed,24.0
OUT0000065,SITE0010,AST000079,2026-04-22 15:28:14,2026-04-25 15:28:14,Weather,Unknown,4138,193.476,Investigating,72.0
OUT0000066,SITE0030,AST000251,2026-04-24 23:38:46,2026-04-27 23:38:46,Planned,Maintenance,3612,262.257,Closed,72.0
OUT0000067,SITE0028,AST000237,2026-05-10 18:01:15,2026-05-12 18:01:15,Forced,Maintenance,12061,110.37,Closed,48.0
OUT0000068,SITE0028,AST000240,2026-02-26 12:38:44,2026-02-28 12:38:44,Planned,Protection Trip,382,57.1,Closed,48.0
OUT0000069,SITE0014,AST000113,2026-04-26 21:07:49,2026-04-26 22:07:49,Forced,Maintenance,14185,262.859,Closed,1.0
OUT0000070,SITE0020,AST000164,2026-03-06 14:28:10,2026-03-06 16:28:10,Grid Event,Protection Trip,14777,182.435,Open,2.0
OUT0000071,SITE0016,AST000133,2026-03-19 01:38:58,2026-03-19 09:38:58,Forced,Maintenance,6646,279.808,Closed,8.0
OUT0000072,SITE0030,AST000250,2026-02-12 20:13:48,2026-02-13 04:13:48,Planned,Unknown,11882,231.783,Open,8.0
OUT0000073,SITE0020,AST000167,2026-05-13 05:03:00,2026-05-13 06:03:00,Planned,Storm,9950,105.624,Open,1.0
OUT0000074,SITE0018,AST000153,2026-01-16 00:36:59,2026-01-16 02:36:59,Forced,Protection Trip,17075,164.679,Investigating,2.0
OUT0000075,SITE0009,AST000072,2026-01-20 02:09:38,2026-01-20 04:09:38,Planned,Protection Trip,4346,143.225,Open,2.0
OUT0000076,SITE0009,AST000071,2026-02-17 08:29:24,2026-02-17 08:59:24,Grid Event,Protection Trip,14191,288.861,Open,0.5
OUT0000077,SITE0002,AST000015,2026-01-28 13:29:57,2026-01-29 01:29:57,Forced,Storm,10649,86.314,Closed,12.0
OUT0000078,SITE0015,AST000121,2026-04-28 18:24:28,2026-04-29 18:24:28,Weather,Maintenance,12987,10.3,Investigating,24.0
OUT0000079,SITE0019,AST000162,2026-05-01 08:04:13,2026-05-02 08:04:13,Weather,Protection Trip,10154,197.722,Closed,24.0
OUT0000080,SITE0005,AST000033,2026-05-17 17:15:26,2026-05-18 17:15:26,Forced,Unknown,15839,48.03,Closed,24.0
OUT0000081,SITE0013,AST000110,2026-03-04 14:41:32,,Weather,Protection Trip,6345,63.447,Closed,
OUT0000082,SITE0010,AST000083,2026-02-15 10:27:57,2026-02-16 10:27:57,Weather,Equipment Failure,12889,160.071,Closed,24.0
OUT0000083,SITE0006,AST000046,2026-03-25 14:23:17,2026-03-26 14:23:17,Grid Event,Equipment Failure,15862,159.421,Investigating,24.0
OUT0000084,SITE0027,AST000230,2026-03-29 23:07:08,2026-03-30 01:07:08,Forced,Maintenance,6648,286.115,Closed,2.0
OUT0000085,SITE0023,AST000197,2026-03-06 08:16:54,2026-03-06 10:16:54,Forced,Unknown,15100,107.506,Closed,2.0
OUT0000086,SITE0010,AST000082,2026-05-29 04:35:33,2026-05-29 12:35:33,Weather,Maintenance,727,340.411,Closed,8.0
OUT0000087,SITE0030,AST000250,2026-03-17 04:25:19,2026-03-19 04:25:19,Forced,Maintenance,13494,32.508,Closed,48.0
OUT0000088,SITE0001,AST000002,2026-05-14 20:08:07,2026-05-17 20:08:07,Weather,Maintenance,12425,311.503,Closed,72.0
OUT0000089,SITE0029,AST000241,2026-03-29 19:15:26,2026-03-29 19:45:26,Grid Event,Maintenance,11114,149.245,Closed,0.5
OUT0000090,SITE0009,AST000068,2026-04-14 00:10:51,2026-04-14 04:10:51,Forced,Unknown,7422,270.613,Closed,4.0
OUT0000091,SITE0012,AST000094,2026-05-19 22:53:17,2026-05-20 00:53:17,Planned,Maintenance,15895,72.331,Closed,2.0
OUT0000092,SITE0021,AST000177,2026-04-09 14:43:36,2026-04-09 18:43:36,Grid Event,Unknown,11390,23.581,Closed,4.0
OUT0000093,SITE0009,AST000073,2026-05-15 05:27:15,2026-05-18 05:27:15,Grid Event,Maintenance,12975,109.556,Closed,72.0
OUT0000094,SITE0009,AST000069,2026-02-27 20:41:02,2026-02-28 08:41:02,Forced,Maintenance,93,243.581,Closed,12.0
OUT0000095,SITE0018,AST000153,2026-04-23 05:44:34,2026-04-24 05:44:34,Forced,Unknown,9629,291.457,Closed,24.0
OUT0000096,SITE0009,AST000070,2026-01-02 10:49:46,2026-01-02 22:49:46,Forced,Protection Trip,10155,15.589,Investigating,12.0
OUT0000097,SITE0024,AST000198,2026-04-01 18:34:01,2026-04-01 19:34:01,Forced,Equipment Failure,8054,52.664,Investigating,1.0
OUT0000098,SITE0010,AST000084,2026-02-15 15:30:10,2026-02-15 19:30:10,Weather,Equipment Failure,11353,14.304,Closed,4.0
OUT0000099,SITE0018,AST000153,2026-05-10 06:05:07,2026-05-10 08:05:07,Weather,Maintenance,1912,288.49,Investigating,2.0
OUT0000100,SITE0011,AST000087,2026-01-26 17:16:58,,Forced,Storm,12731,152.129,Investigating,
OUT0000101,SITE0023,AST000195,2026-03-06 07:34:37,2026-03-06 11:34:37,Forced,Equipment Failure,3525,127.055,Open,4.0
OUT0000102,SITE0008,AST000060,2026-02-13 14:30:09,2026-02-13 15:00:09,Forced,Equipment Failure,4689,214.104,Investigating,0.5
OUT0000103,SITE0014,AST000112,2026-03-01 22:16:00,2026-03-02 06:16:00,Forced,Storm,15989,192.577,Closed,8.0
OUT0000104,SITE0001,AST000008,2026-04-27 05:30:03,2026-04-29 05:30:03,Grid Event,Storm,5918,236.423,Open,48.0
OUT0000105,SITE0012,AST000097,2026-03-03 17:27:05,2026-03-06 17:27:05,Weather,Maintenance,3533,259.972,Open,72.0
OUT0000106,SITE0003,AST000018,2026-02-02 23:22:05,2026-02-03 07:22:05,Grid Event,Unknown,12279,315.964,Investigating,8.0
OUT0000107,SITE0015,AST000124,2026-03-28 14:57:12,2026-03-29 02:57:12,Weather,Unknown,6399,137.299,Closed,12.0
OUT0000108,SITE0010,AST000084,2026-03-31 21:12:07,2026-03-31 21:42:07,Grid Event,Protection Trip,10126,226.733,Closed,0.5
OUT0000109,SITE0008,AST000067,2026-01-04 03:59:34,2026-01-06 03:59:34,Forced,Equipment Failure,682,141.19,Closed,48.0
OUT0000110,SITE0020,AST000167,2026-02-09 01:43:33,2026-02-09 02:43:33,Forced,Maintenance,581,31.299,Open,1.0
OUT0000111,SITE0017,AST000141,2026-02-03 10:31:10,2026-02-03 11:01:10,Forced,Unknown,2546,204.373,Investigating,0.5
OUT0000112,SITE0027,AST000225,2026-04-27 14:42:10,2026-04-27 16:42:10,Forced,Unknown,17610,346.741,Open,2.0
OUT0000113,SITE0018,AST000150,2026-02-07 01:04:40,2026-02-08 01:04:40,Forced,Protection Trip,7739,240.057,Open,24.0
OUT0000114,SITE0015,AST000119,2026-03-28 02:53:07,2026-03-30 02:53:07,Grid Event,Unknown,12403,244.11,Investigating,48.0
OUT0000115,SITE0006,AST000047,2026-03-09 14:54:09,2026-03-09 22:54:09,Weather,Protection Trip,11043,187.787,Open,8.0
OUT0000116,SITE0022,AST000186,2026-01-30 01:18:02,2026-02-02 01:18:02,Grid Event,Maintenance,13359,233.404,Closed,72.0
OUT0000117,SITE0011,AST000085,2026-01-18 22:16:22,2026-01-19 06:16:22,Forced,Protection Trip,10296,137.819,Open,8.0
OUT0000118,SITE0020,AST000164,2026-04-24 02:47:33,2026-04-27 02:47:33,Weather,Maintenance,17952,95.752,Closed,72.0
OUT0000119,SITE0027,AST000231,2026-03-29 19:59:17,2026-04-01 19:59:17,Grid Event,Unknown,11157,51.744,Closed,72.0
OUT0000120,SITE0009,AST000074,2026-03-16 04:29:14,2026-03-19 04:29:14,Forced,Maintenance,16330,260.083,Closed,72.0
OUT0000121,SITE0026,AST000218,2026-04-06 23:05:22,2026-04-07 03:05:22,Planned,Protection Trip,6285,20.618,Closed,4.0
OUT0000122,SITE0025,AST000212,2026-03-06 05:27:25,2026-03-09 05:27:25,Forced,Protection Trip,13519,177.414,Open,72.0
OUT0000123,SITE0004,AST000031,2026-05-03 20:15:48,2026-05-05 20:15:48,Forced,Storm,12910,301.964,Closed,48.0
OUT0000124,SITE0026,AST000220,2026-05-30 20:28:09,2026-05-31 20:28:09,Weather,Maintenance,16234,232.427,Investigating,24.0
OUT0000125,SITE0029,AST000242,2026-01-14 17:26:16,2026-01-14 19:26:16,Weather,Unknown,10562,19.105,Closed,2.0
OUT0000126,SITE0005,AST000036,2026-02-03 00:49:46,2026-02-03 08:49:46,Planned,Storm,12044,272.44,Closed,8.0
OUT0000127,SITE0016,AST000130,2026-02-28 22:34:43,2026-03-01 06:34:43,Forced,Equipment Failure,10262,270.397,Open,8.0
OUT0000128,SITE0003,AST000017,2026-05-18 18:46:59,2026-05-18 19:46:59,Forced,Protection Trip,16213,122.919,Open,1.0
OUT0000129,SITE0021,AST000180,2026-03-04 20:16:35,2026-03-05 08:16:35,Forced,Protection Trip,12099,251.14,Open,12.0
OUT0000130,SITE0015,AST000120,2026-05-12 10:34:57,2026-05-12 12:34:57,Forced,Unknown,2450,343.301,Closed,2.0
OUT0000131,SITE0027,AST000223,2026-04-24 07:06:12,2026-04-26 07:06:12,Forced,Storm,17210,12.723,Closed,48.0
OUT0000132,SITE0025,AST000210,2026-04-16 02:39:57,2026-04-16 03:09:57,Forced,Storm,12646,178.679,Closed,0.5
OUT0000133,SITE0017,AST000140,2026-05-09 12:47:22,,Planned,Protection Trip,10915,305.692,Closed,
OUT0000134,SITE0017,AST000137,2026-03-03 12:41:03,2026-03-03 14:41:03,Forced,Maintenance,4055,158.006,Open,2.0
OUT0000135,SITE0009,AST000071,2026-04-29 02:40:48,,Weather,Storm,2487,44.999,Open,
OUT0000136,SITE0028,AST000240,2026-01-13 20:50:00,2026-01-14 00:50:00,Weather,Protection Trip,306,282.458,Open,4.0
OUT0000137,SITE0030,AST000255,2026-02-22 22:29:12,2026-02-24 22:29:12,Forced,Unknown,300,17.529,Open,48.0
OUT0000138,SITE0026,AST000221,2026-01-27 19:55:12,2026-01-27 23:55:12,Weather,Storm,1264,206.959,Open,4.0
OUT0000139,SITE0009,AST000069,2026-04-05 13:12:04,2026-04-06 13:12:04,Forced,Maintenance,14561,317.325,Closed,24.0
OUT0000140,SITE0024,AST000199,2026-04-02 02:47:11,2026-04-02 03:17:11,Planned,Unknown,10540,176.362,Closed,0.5
OUT0000141,SITE0030,AST000252,2026-04-07 21:55:17,2026-04-07 23:55:17,Forced,Protection Trip,13772,290.342,Closed,2.0
OUT0000142,SITE0007,AST000056,2026-04-27 23:45:56,2026-04-29 23:45:56,Grid Event,Protection Trip,14497,168.814,Open,48.0
OUT0000143,SITE0005,AST000034,2026-04-27 22:09:24,2026-04-28 10:09:24,Forced,Storm,1876,49.953,Open,12.0
OUT0000144,SITE0015,AST000120,2026-02-12 18:48:49,2026-02-12 22:48:49,Forced,Maintenance,928,260.871,Closed,4.0
OUT0000145,SITE0017,AST000138,2026-04-05 15:03:39,2026-04-05 19:03:39,Planned,Storm,8150,89.999,Closed,4.0
OUT0000146,SITE0026,AST000222,2026-04-25 05:59:44,2026-04-25 13:59:44,Forced,Unknown,4967,288.833,Investigating,8.0
OUT0000147,SITE0027,AST000229,2026-04-14 08:24:35,2026-04-14 20:24:35,Forced,Maintenance,3153,256.723,Open,12.0
OUT0000148,SITE0016,AST000136,2026-05-03 22:24:00,2026-05-03 22:54:00,Forced,Unknown,13397,331.804,Investigating,0.5
OUT0000149,SITE0015,AST000122,2026-03-08 11:31:08,2026-03-08 12:31:08,Forced,Equipment Failure,4503,59.614,Investigating,1.0
OUT0000150,SITE0015,AST000124,2026-04-13 05:29:15,2026-04-13 06:29:15,Grid Event,Unknown,15649,56.739,Open,1.0
OUT0000151,SITE0011,AST000085,2026-05-28 13:45:13,2026-05-28 14:15:13,Grid Event,Unknown,7953,310.285,Open,0.5
OUT0000152,SITE0023,AST000193,2026-03-12 06:36:20,2026-03-14 06:36:20,Forced,Maintenance,15786,58.492,Closed,48.0
OUT0000153,SITE0013,AST000108,2026-04-01 03:28:10,2026-04-01 04:28:10,Weather,Maintenance,6162,1.981,Open,1.0
OUT0000154,SITE0020,AST000167,2026-01-28 07:39:22,2026-01-28 09:39:22,Weather,Storm,14445,228.221,Open,2.0
OUT0000155,SITE0023,AST000196,2026-02-08 12:40:40,2026-02-10 12:40:40,Planned,Storm,12508,218.174,Investigating,48.0
OUT0000156,SITE0026,AST000215,2026-01-15 15:40:23,2026-01-15 19:40:23,Weather,Unknown,6258,241.477,Open,4.0
OUT0000157,SITE0022,AST000190,2026-03-27 00:43:01,2026-03-27 01:13:01,Forced,Unknown,9471,103.726,Investigating,0.5
OUT0000158,SITE0026,AST000216,2026-01-08 16:50:30,2026-01-08 17:20:30,Forced,Protection Trip,6192,266.707,Investigating,0.5
OUT0000159,SITE0022,AST000184,2026-04-22 12:57:13,2026-04-22 13:57:13,Forced,Unknown,5180,229.033,Closed,1.0
OUT0000160,SITE0013,AST000102,2026-02-01 08:57:26,2026-02-02 08:57:26,Grid Event,Protection Trip,8039,179.106,Closed,24.0
OUT0000161,SITE0020,AST000171,2026-02-13 05:35:06,2026-02-13 17:35:06,Weather,Protection Trip,6521,113.675,Open,12.0
OUT0000162,SITE0002,AST000013,2026-04-16 14:03:15,2026-04-16 22:03:15,Forced,Maintenance,2183,101.012,Open,8.0
OUT0000163,SITE0015,AST000125,2026-04-11 12:06:22,2026-04-14 12:06:22,Forced,Maintenance,16028,187.243,Closed,72.0
OUT0000164,SITE0017,AST000138,2026-04-22 14:39:18,2026-04-22 22:39:18,Forced,Maintenance,15981,311.076,Closed,8.0
OUT0000165,SITE0006,AST000042,2026-01-05 02:27:37,2026-01-05 04:27:37,Planned,Storm,3788,267.766,Investigating,2.0
OUT0000166,SITE0004,AST000029,2026-01-07 21:44:59,2026-01-07 23:44:59,Planned,Maintenance,17729,198.516,Closed,2.0
OUT0000167,SITE0022,AST000183,2026-02-16 20:36:25,2026-02-17 20:36:25,Weather,Equipment Failure,4252,102.631,Closed,24.0
OUT0000168,SITE_BAD,AST000056,2026-03-26 06:41:18,2026-03-28 06:41:18,Weather,Protection Trip,16515,78.246,Investigating,48.0
OUT0000169,SITE0014,AST000115,2026-01-04 15:47:46,2026-01-05 15:47:46,Forced,Maintenance,5657,100.475,Investigating,24.0
OUT0000170,SITE0013,AST000108,2026-05-12 07:10:18,2026-05-12 19:10:18,Grid Event,Unknown,2119,70.002,Closed,12.0
OUT0000171,SITE0025,AST000209,2026-04-24 10:46:31,2026-04-26 10:46:31,Forced,Storm,9779,259.152,Closed,48.0
OUT0000172,SITE0029,AST000241,2026-01-06 11:04:19,2026-01-06 12:04:19,Forced,Unknown,14553,259.524,Closed,1.0
OUT0000173,SITE0014,AST000116,2026-04-09 04:19:42,2026-04-09 12:19:42,Grid Event,Storm,4062,189.571,Closed,8.0
OUT0000174,SITE0011,AST000090,2026-04-23 03:21:28,2026-04-26 03:21:28,Grid Event,Equipment Failure,9330,242.716,Closed,72.0
OUT0000175,SITE0018,AST000154,2026-04-12 00:51:37,2026-04-15 00:51:37,Forced,Protection Trip,99,281.51,Closed,72.0
OUT0000176,SITE0029,AST000248,2026-02-15 00:40:54,2026-02-17 00:40:54,Planned,Protection Trip,13415,104.958,Closed,48.0
OUT0000177,SITE0006,AST000042,2026-03-30 07:06:24,2026-04-01 07:06:24,Planned,Unknown,3692,184.064,Closed,48.0
OUT0000178,SITE0013,AST000109,2026-03-18 21:32:54,2026-03-18 22:02:54,Forced,Unknown,302,134.816,Investigating,0.5
OUT0000179,SITE0018,AST000146,2026-04-04 20:20:00,2026-04-04 22:20:00,Weather,Protection Trip,7214,311.838,Closed,2.0
OUT0000180,SITE0016,AST000128,2026-03-27 15:15:20,2026-03-30 15:15:20,Planned,Maintenance,1189,261.058,Investigating,72.0
OUT0000181,SITE0002,AST000009,2026-03-13 15:44:17,2026-03-15 15:44:17,Weather,Storm,4704,56.596,Closed,48.0
OUT0000182,SITE0003,AST000019,2026-04-10 21:43:48,2026-04-11 05:43:48,Planned,Storm,9642,320.109,Investigating,8.0
OUT0000183,SITE0016,AST000131,2026-01-03 03:00:16,2026-01-03 11:00:16,Weather,Storm,10485,329.955,Open,8.0
OUT0000184,SITE0001,AST000002,2026-02-09 20:58:07,2026-02-09 22:58:07,Planned,Storm,13275,326.956,Investigating,2.0
OUT0000185,SITE0019,AST000161,2026-01-12 03:51:26,2026-01-12 04:51:26,Forced,Protection Trip,9677,54.98,Closed,1.0
OUT0000186,SITE0004,AST000029,2026-02-22 05:16:40,2026-02-22 17:16:40,Forced,Maintenance,9630,105.147,Investigating,12.0
OUT0000187,SITE0029,AST000245,2026-01-30 05:46:15,2026-02-01 05:46:15,Grid Event,Protection Trip,11664,311.65,Investigating,48.0
OUT0000188,SITE0030,AST000251,2026-04-25 11:12:19,2026-04-25 12:12:19,Weather,Maintenance,15866,346.119,Open,1.0
OUT0000189,SITE0008,AST000063,2026-02-09 21:50:38,2026-02-10 05:50:38,Forced,Maintenance,8276,81.739,Open,8.0
OUT0000190,SITE0022,AST000185,2026-03-11 11:05:24,2026-03-11 15:05:24,Planned,Protection Trip,3369,52.78,Closed,4.0
OUT0000191,SITE0024,AST000203,2026-01-16 03:31:14,2026-01-16 04:31:14,Forced,Equipment Failure,9981,241.354,Open,1.0
OUT0000192,SITE0014,AST000113,2026-03-02 03:14:22,2026-03-02 11:14:22,Forced,Equipment Failure,13147,59.945,Closed,8.0
OUT0000193,SITE0028,AST000237,2026-05-21 14:30:52,2026-05-21 22:30:52,Forced,Maintenance,17324,171.965,Closed,8.0
OUT0000194,SITE0002,AST000011,2026-03-11 11:44:14,2026-03-11 13:44:14,Weather,Unknown,16577,295.658,Closed,2.0
OUT0000195,SITE0023,AST000195,2026-04-23 19:35:49,2026-04-25 19:35:49,Weather,Protection Trip,10450,218.78,Closed,48.0
OUT0000196,SITE0007,AST000056,2026-05-01 13:37:46,2026-05-02 01:37:46,Forced,Storm,7004,65.594,Closed,12.0
OUT0000197,SITE0011,AST000087,2026-01-26 01:13:55,2026-01-27 01:13:55,Forced,Storm,11683,267.402,Open,24.0
OUT0000198,SITE0011,AST000089,2026-01-28 21:37:57,2026-01-30 21:37:57,Planned,Equipment Failure,764,280.5,Closed,48.0
OUT0000199,SITE0007,AST000053,2026-04-28 11:58:10,2026-04-28 19:58:10,Planned,Unknown,7051,302.623,Investigating,8.0
OUT0000200,SITE0004,AST000027,2026-05-22 23:34:06,,Planned,Equipment Failure,1667,94.103,Closed,
OUT0000201,SITE0001,AST000006,2026-03-20 19:03:14,2026-03-23 19:03:14,Forced,Protection Trip,16626,296.011,Closed,72.0
OUT0000202,SITE0018,AST000148,2026-05-18 14:53:31,2026-05-18 15:23:31,Forced,Storm,7477,65.964,Open,0.5
OUT0000203,SITE0010,AST000080,2026-02-05 05:00:25,2026-02-08 05:00:25,Planned,Storm,4858,82.661,Closed,72.0
OUT0000204,SITE0024,AST000198,2026-03-29 23:39:59,2026-03-30 01:39:59,Weather,Unknown,16481,198.15,Closed,2.0
OUT0000205,SITE0014,AST000116,2026-04-24 04:44:25,2026-04-27 04:44:25,Planned,Storm,15001,258.341,Open,72.0
OUT0000206,SITE0024,AST000205,2026-04-07 04:51:55,2026-04-08 04:51:55,Forced,Equipment Failure,7775,147.413,Investigating,24.0
OUT0000207,SITE0003,AST000019,2026-04-02 14:38:37,2026-04-03 14:38:37,Weather,Storm,8006,229.403,Closed,24.0
OUT0000208,SITE0018,AST000148,2026-04-09 22:11:59,2026-04-10 06:11:59,Planned,Unknown,13400,134.445,Closed,8.0
OUT0000209,SITE0024,AST000199,2026-05-26 22:11:38,2026-05-27 22:11:38,Forced,Unknown,4262,107.869,Open,24.0
OUT0000210,SITE0003,AST000020,2026-02-05 10:43:50,2026-02-05 11:43:50,Planned,Protection Trip,6292,28.704,Investigating,1.0
OUT0000211,SITE0026,AST000213,2026-03-16 10:00:03,2026-03-19 10:00:03,Forced,Unknown,1977,21.818,Closed,72.0
OUT0000212,SITE0023,AST000193,2026-02-16 03:36:50,2026-02-16 07:36:50,Forced,Protection Trip,17807,295.461,Investigating,4.0
OUT0000213,SITE0019,AST000160,2026-04-03 22:26:15,2026-04-04 10:26:15,Weather,Equipment Failure,10339,334.389,Open,12.0
OUT0000214,SITE0018,AST000149,2026-04-01 13:13:50,2026-04-01 14:13:50,Forced,Unknown,3935,216.727,Closed,1.0
OUT0000215,SITE0016,AST000136,2026-02-14 04:50:23,2026-02-14 05:50:23,Weather,Protection Trip,5946,53.373,Open,1.0
OUT0000216,SITE0004,AST000024,2026-03-01 03:44:46,2026-03-01 11:44:46,Weather,Unknown,13250,329.557,Open,8.0
OUT0000217,SITE0008,AST000064,2026-03-19 13:30:44,2026-03-19 14:00:44,Grid Event,Protection Trip,13340,96.741,Closed,0.5
OUT0000218,SITE0008,AST000061,2026-03-01 17:33:38,2026-03-02 17:33:38,Forced,Unknown,8948,52.152,Closed,24.0
OUT0000219,SITE0019,AST000161,2026-01-08 23:49:39,2026-01-09 11:49:39,Forced,Equipment Failure,11668,181.375,Open,12.0
OUT0000220,SITE0030,AST000255,2026-05-02 16:24:45,2026-05-03 16:24:45,Forced,Maintenance,4968,135.805,Closed,24.0
OUT0000221,SITE0024,AST000201,2026-05-28 02:16:27,2026-05-29 02:16:27,Grid Event,Protection Trip,14967,59.407,Closed,24.0
OUT0000222,SITE0013,AST000109,2026-04-07 21:02:50,2026-04-08 05:02:50,Weather,Storm,4447,186.617,Closed,8.0
OUT0000223,SITE0004,AST000025,2026-01-16 16:28:25,2026-01-17 16:28:25,Forced,Unknown,3210,8.581,Closed,24.0
OUT0000224,SITE0030,AST000249,2026-01-01 10:35:36,2026-01-01 12:35:36,Grid Event,Storm,4703,301.346,Closed,2.0
OUT0000225,SITE0018,AST000149,2026-04-08 08:53:58,2026-04-08 09:53:58,Grid Event,Protection Trip,13315,188.203,Investigating,1.0
OUT0000226,SITE0007,AST000053,2026-05-18 17:30:31,2026-05-18 18:00:31,Weather,Maintenance,6102,292.243,Closed,0.5
OUT0000227,SITE0005,AST000033,2026-02-28 22:02:49,2026-03-01 22:02:49,Weather,Protection Trip,11127,104.28,Closed,24.0
OUT0000228,SITE0021,AST000181,2026-04-14 02:30:24,2026-04-14 14:30:24,Weather,Protection Trip,3224,196.367,Closed,12.0
OUT0000229,SITE0005,AST000039,2026-05-21 03:17:01,2026-05-21 07:17:01,Forced,Maintenance,13243,105.129,Closed,4.0
OUT0000230,SITE0019,AST000159,2026-05-12 02:35:30,2026-05-13 02:35:30,Forced,Unknown,14633,198.945,Open,24.0
OUT0000231,SITE0019,AST000157,2026-02-13 19:23:24,2026-02-14 19:23:24,Planned,Unknown,5641,207.911,Closed,24.0
OUT0000232,SITE0013,AST000107,2026-03-13 12:54:29,2026-03-13 13:54:29,Forced,Equipment Failure,12283,67.901,Closed,1.0
OUT0000233,SITE0020,AST000166,2026-04-25 21:41:54,2026-04-26 09:41:54,Planned,Unknown,14053,242.899,Open,12.0
OUT0000234,SITE0004,AST000028,2026-05-10 13:28:07,2026-05-13 13:28:07,Grid Event,Equipment Failure,4008,128.08,Open,72.0
OUT0000235,SITE0026,AST000214,2026-01-25 22:21:39,2026-01-26 22:21:39,Planned,Unknown,10239,76.124,Closed,24.0
OUT0000236,SITE0018,AST_UNKNOWN,2026-01-30 01:14:06,2026-01-30 02:14:06,Weather,Storm,13637,215.363,Closed,1.0
OUT0000237,SITE0028,AST000237,2026-01-08 13:25:12,2026-01-08 13:55:12,Planned,Maintenance,9184,268.929,Closed,0.5
OUT0000238,SITE0030,AST000253,2026-01-18 20:13:35,2026-01-18 20:43:35,Forced,Storm,5318,180.222,Closed,0.5
OUT0000239,SITE0019,AST000162,2026-05-29 09:33:15,2026-05-31 09:33:15,Planned,Protection Trip,1496,148.568,Investigating,48.0
OUT0000240,SITE0003,AST000017,2026-02-21 08:17:40,2026-02-22 08:17:40,Weather,Unknown,281,303.639,Closed,24.0
OUT0000241,SITE0026,AST000213,2026-05-25 19:36:42,2026-05-28 19:36:42,Forced,Equipment Failure,13705,144.345,Open,72.0
OUT0000242,SITE0020,AST000163,2026-04-03 17:05:16,2026-04-03 19:05:16,Weather,Equipment Failure,3792,341.958,Investigating,2.0
OUT0000243,SITE0012,AST000099,2026-03-26 07:12:20,2026-03-29 07:12:20,Weather,Equipment Failure,13936,16.5,Closed,72.0
OUT0000244,SITE0001,AST000006,2026-04-17 22:59:35,2026-04-20 22:59:35,Grid Event,Protection Trip,13703,279.834,Closed,72.0
OUT0000245,SITE0006,AST000043,2026-04-27 00:43:52,2026-04-27 12:43:52,Forced,Unknown,15309,73.56,Closed,12.0
OUT0000246,SITE0011,AST000086,2026-01-04 05:52:07,2026-01-04 06:52:07,Weather,Equipment Failure,11534,75.893,Closed,1.0
OUT0000247,SITE0010,AST000083,2026-03-12 00:52:57,2026-03-12 04:52:57,Weather,Maintenance,3440,171.17,Open,4.0
OUT0000248,SITE0016,AST000133,2026-02-07 10:17:59,2026-02-07 14:17:59,Forced,Storm,4377,311.106,Open,4.0
OUT0000249,SITE0010,AST000082,2026-03-16 15:49:55,,Grid Event,Protection Trip,17797,279.658,Investigating,
OUT0000250,SITE0014,AST000117,2026-05-26 04:04:17,2026-05-26 06:04:17,Forced,Unknown,1847,188.388,Investigating,2.0
OUT0000251,SITE0017,AST000139,2026-01-24 23:56:45,2026-01-27 23:56:45,Forced,Storm,653,142.605,Closed,72.0
OUT0000252,SITE0029,AST000245,2026-05-23 11:52:10,2026-05-24 11:52:10,Grid Event,Maintenance,334,238.042,Investigating,24.0
OUT0000253,SITE0005,AST000033,2026-04-01 08:00:16,2026-04-01 08:30:16,Grid Event,Protection Trip,7565,49.256,Closed,0.5
OUT0000254,SITE0030,AST000254,2026-03-20 20:21:41,2026-03-21 04:21:41,Forced,Unknown,15638,208.942,Investigating,8.0
OUT0000255,SITE0009,AST000074,2026-05-06 02:10:49,2026-05-08 02:10:49,Forced,Protection Trip,7749,83.641,Closed,48.0
OUT0000256,SITE0008,AST000061,2026-01-27 05:04:36,2026-01-27 05:34:36,Planned,Storm,1430,178.149,Closed,0.5
OUT0000257,SITE0019,AST000158,2026-04-09 05:28:43,2026-04-10 05:28:43,Grid Event,Protection Trip,8572,251.533,Open,24.0
OUT0000258,SITE0020,AST000167,2026-04-22 21:01:46,2026-04-23 01:01:46,Grid Event,Maintenance,3166,256.187,Open,4.0
OUT0000259,SITE0011,AST000085,2026-05-19 14:13:57,2026-05-21 14:13:57,Weather,Protection Trip,3449,147.558,Closed,48.0
OUT0000260,SITE0014,AST000115,2026-01-10 06:38:27,2026-01-11 06:38:27,Forced,Equipment Failure,8689,106.339,Closed,24.0
OUT0000261,SITE0029,AST000241,2026-03-30 14:26:54,2026-03-30 15:26:54,Planned,Protection Trip,2262,26.987,Closed,1.0
OUT0000262,SITE0026,AST000217,2026-02-01 14:09:06,2026-02-04 14:09:06,Forced,Protection Trip,2599,13.621,Closed,72.0
OUT0000263,SITE0012,AST000097,2026-02-06 22:52:54,2026-02-06 23:52:54,Planned,Unknown,5219,9.37,Closed,1.0
OUT0000264,SITE0024,AST000205,2026-01-10 10:12:28,2026-01-10 14:12:28,Weather,Protection Trip,2778,314.795,Closed,4.0
OUT0000265,SITE0015,AST000119,2026-04-08 04:19:57,2026-04-08 04:49:57,Forced,Unknown,4950,102.032,Closed,0.5
OUT0000266,SITE0009,AST000074,2026-03-01 10:51:28,2026-03-01 12:51:28,Forced,Unknown,13866,178.409,Investigating,2.0
OUT0000267,SITE0026,AST000220,2026-01-07 08:14:03,2026-01-07 08:44:03,Grid Event,Unknown,3548,152.057,Closed,0.5
OUT0000268,SITE0026,AST000219,2026-05-25 12:08:14,2026-05-25 20:08:14,Forced,Unknown,6217,127.588,Investigating,8.0
OUT0000269,SITE0010,AST000076,2026-01-13 10:40:27,2026-01-14 10:40:27,Forced,Maintenance,9006,335.958,Closed,24.0
OUT0000270,SITE0017,AST000144,2026-05-30 06:41:20,2026-05-30 18:41:20,Grid Event,Storm,8351,311.344,Closed,12.0
OUT0000271,SITE0021,AST000175,2026-02-15 19:21:46,2026-02-18 19:21:46,Weather,Unknown,11220,233.595,Open,72.0
OUT0000272,SITE_BAD,AST000074,2026-02-03 05:09:36,2026-02-03 17:09:36,Grid Event,Unknown,11075,239.121,Closed,12.0
OUT0000273,SITE0024,AST000201,2026-01-12 00:26:36,2026-01-12 04:26:36,Planned,Protection Trip,8664,273.262,Closed,4.0
OUT0000274,SITE0029,AST000241,2026-03-03 22:18:22,2026-03-04 02:18:22,Weather,Unknown,16031,77.745,Investigating,4.0
OUT0000275,SITE0017,AST000141,2026-03-09 10:51:39,2026-03-09 14:51:39,Forced,Equipment Failure,9162,235.809,Closed,4.0
OUT0000276,SITE0011,AST000089,2026-04-28 11:40:54,2026-04-28 12:40:54,Planned,Unknown,14192,22.871,Open,1.0
OUT0000277,SITE0009,AST000072,2026-05-24 21:17:07,2026-05-26 21:17:07,Planned,Equipment Failure,11562,286.168,Open,48.0
OUT0000278,SITE0021,AST000174,2026-04-12 14:02:13,2026-04-12 14:32:13,Weather,Unknown,5273,94.198,Closed,0.5
OUT0000279,SITE0007,AST000051,2026-04-27 16:13:06,2026-04-30 16:13:06,Forced,Unknown,13930,336.348,Closed,72.0
OUT0000280,SITE0019,AST000160,2026-05-17 16:31:16,2026-05-17 20:31:16,Forced,Storm,12485,113.794,Investigating,4.0
OUT0000281,SITE0027,AST000229,2026-05-06 23:01:35,2026-05-07 03:01:35,Weather,Protection Trip,1733,190.81,Closed,4.0
OUT0000282,SITE0016,AST000136,2026-03-02 01:58:48,,Grid Event,Maintenance,11770,177.3,Closed,
OUT0000283,SITE0020,AST000171,2026-03-19 08:31:44,2026-03-19 20:31:44,Forced,Storm,14789,135.254,Investigating,12.0
OUT0000284,SITE0021,AST000173,2026-01-23 22:05:54,2026-01-23 23:05:54,Planned,Protection Trip,10484,153.482,Investigating,1.0
OUT0000285,SITE0026,AST000219,2026-02-15 17:50:42,2026-02-16 01:50:42,Forced,Storm,13239,254.294,Closed,8.0
OUT0000286,SITE0005,AST000035,2026-05-23 20:37:45,2026-05-26 20:37:45,Weather,Storm,4480,82.079,Open,72.0
OUT0000287,SITE0021,AST000174,2026-05-15 20:26:35,2026-05-15 21:26:35,Forced,Storm,1673,232.135,Investigating,1.0
OUT0000288,SITE0015,AST000122,2026-02-17 10:58:54,2026-02-17 12:58:54,Grid Event,Equipment Failure,15461,322.975,Investigating,2.0
OUT0000289,SITE0014,AST000118,2026-02-04 11:02:48,2026-02-07 11:02:48,Forced,Storm,11539,120.347,Closed,72.0
OUT0000290,SITE0004,AST000029,2026-05-12 01:28:31,2026-05-12 13:28:31,Weather,Maintenance,15529,318.699,Investigating,12.0
OUT0000291,SITE0007,AST000057,2026-05-02 13:33:58,2026-05-03 01:33:58,Forced,Maintenance,14976,318.873,Investigating,12.0
OUT0000292,SITE0029,AST000247,2026-01-23 21:39:23,2026-01-24 09:39:23,Planned,Unknown,15330,233.716,Open,12.0
OUT0000293,SITE0021,AST000176,2026-01-22 15:14:00,2026-01-25 15:14:00,Forced,Equipment Failure,12183,130.128,Open,72.0
OUT0000294,SITE0003,AST000018,2026-03-09 08:11:33,2026-03-11 08:11:33,Forced,Storm,5144,38.805,Open,48.0
OUT0000295,SITE0024,AST000199,2026-03-25 14:52:47,2026-03-25 15:52:47,Grid Event,Equipment Failure,8376,266.935,Closed,1.0
OUT0000296,SITE0009,AST000068,2026-01-27 01:41:24,2026-01-27 13:41:24,Forced,Equipment Failure,7909,66.416,Closed,12.0
OUT0000297,SITE0026,AST000220,2026-01-27 22:44:49,2026-01-28 06:44:49,Weather,Protection Trip,10547,297.124,Closed,8.0
OUT0000298,SITE0019,AST000157,2026-04-09 14:50:54,2026-04-12 14:50:54,Forced,Protection Trip,15808,3.029,Open,72.0
OUT0000299,SITE0030,AST000253,2026-02-27 13:23:49,2026-02-27 13:53:49,Forced,Maintenance,16119,151.83,Closed,0.5
OUT0000300,SITE0003,AST000016,2026-02-18 16:00:05,,Planned,Maintenance,12815,263.893,Closed,
OUT0000301,SITE0020,AST000163,2026-02-14 18:44:26,2026-02-14 19:14:26,Planned,Maintenance,5271,5.581,Open,0.5
OUT0000302,SITE0018,AST000153,2026-02-11 05:37:28,2026-02-11 17:37:28,Planned,Unknown,4442,82.046,Closed,12.0
OUT0000303,SITE0027,AST000232,2026-02-14 01:59:31,2026-02-14 09:59:31,Forced,Protection Trip,261,70.032,Closed,8.0
OUT0000304,SITE0014,AST000111,2026-05-19 08:37:44,2026-05-22 08:37:44,Forced,Maintenance,14791,49.069,Investigating,72.0
OUT0000305,SITE0019,AST000156,2026-04-07 11:53:10,2026-04-10 11:53:10,Weather,Equipment Failure,788,285.209,Open,72.0
OUT0000306,SITE0011,AST000087,2026-04-20 06:38:33,2026-04-20 07:38:33,Planned,Maintenance,10558,247.517,Closed,1.0
OUT0000307,SITE0030,AST000254,2026-03-31 10:03:47,2026-03-31 14:03:47,Forced,Maintenance,17792,1.988,Open,4.0
OUT0000308,SITE0015,AST000123,2026-04-26 03:52:01,2026-04-26 07:52:01,Planned,Storm,5780,178.243,Closed,4.0
OUT0000309,SITE0016,AST000127,2026-05-05 04:03:10,2026-05-08 04:03:10,Weather,Protection Trip,2901,87.918,Open,72.0
OUT0000310,SITE0001,AST000005,2026-02-14 02:18:23,2026-02-16 02:18:23,Weather,Protection Trip,11262,163.144,Closed,48.0
OUT0000311,SITE0006,AST000045,2026-04-10 10:53:43,2026-04-10 11:23:43,Forced,Storm,12704,341.997,Investigating,0.5
OUT0000312,SITE0005,AST000041,2026-04-30 23:14:22,2026-05-03 23:14:22,Weather,Storm,16336,77.325,Closed,72.0
OUT0000313,SITE0026,AST000222,2026-01-31 00:38:23,2026-01-31 01:38:23,Forced,Unknown,6334,133.082,Closed,1.0
OUT0000314,SITE0024,AST000199,2026-01-05 13:58:00,2026-01-07 13:58:00,Forced,Unknown,8367,184.926,Investigating,48.0
OUT0000315,SITE0027,AST000232,2026-04-11 08:47:18,2026-04-14 08:47:18,Grid Event,Maintenance,9697,254.268,Closed,72.0
OUT0000316,SITE0025,AST000211,2026-02-09 04:23:47,,Planned,Equipment Failure,16981,231.177,Closed,
OUT0000317,SITE0025,AST000206,2026-01-23 05:58:28,2026-01-25 05:58:28,Planned,Equipment Failure,3942,69.15,Investigating,48.0
OUT0000318,SITE0011,AST000087,2026-02-05 01:47:28,2026-02-05 13:47:28,Forced,Maintenance,5438,183.277,Closed,12.0
OUT0000319,SITE0027,AST000232,2026-05-06 14:00:50,2026-05-06 22:00:50,Forced,Protection Trip,1351,40.665,Open,8.0
OUT0000320,SITE0003,AST_UNKNOWN,2026-03-20 04:29:49,2026-03-20 12:29:49,Forced,Equipment Failure,8102,221.913,Open,8.0
OUT0000321,SITE0016,AST000133,2026-03-23 08:21:49,2026-03-23 12:21:49,Forced,Protection Trip,2294,205.366,Closed,4.0
OUT0000322,SITE0020,AST000163,2026-01-01 07:10:26,2026-01-02 07:10:26,Forced,Equipment Failure,11154,154.771,Open,24.0
OUT0000323,SITE0020,AST000168,2026-05-07 21:13:26,2026-05-09 21:13:26,Forced,Unknown,8835,347.474,Closed,48.0
OUT0000324,SITE0002,AST000009,2026-04-11 20:13:20,2026-04-11 20:43:20,Forced,Maintenance,13033,45.72,Investigating,0.5
OUT0000325,SITE0016,AST000129,2026-01-16 06:50:23,2026-01-18 06:50:23,Forced,Maintenance,6839,250.822,Open,48.0
OUT0000326,SITE0013,AST000107,2026-03-08 05:10:29,2026-03-11 05:10:29,Forced,Protection Trip,12296,173.245,Closed,72.0
OUT0000327,SITE0003,AST000017,2026-05-30 01:57:35,2026-06-02 01:57:35,Weather,Equipment Failure,12602,233.312,Open,72.0
OUT0000328,SITE0023,AST000196,2026-05-18 13:14:13,2026-05-21 13:14:13,Grid Event,Maintenance,11299,211.247,Closed,72.0
OUT0000329,SITE0007,AST000055,2026-01-28 22:15:13,2026-01-30 22:15:13,Grid Event,Equipment Failure,14941,180.725,Open,48.0
OUT0000330,SITE0001,AST000005,2026-01-11 19:41:40,2026-01-11 20:41:40,Planned,Maintenance,896,230.014,Open,1.0
OUT0000331,SITE0002,AST000014,2026-03-11 03:05:06,2026-03-11 04:05:06,Forced,Maintenance,13229,182.722,Investigating,1.0
OUT0000332,SITE0028,AST000237,2026-03-09 18:45:20,2026-03-12 18:45:20,Weather,Unknown,17932,192.241,Closed,72.0
OUT0000333,SITE0011,AST000087,2026-02-15 23:13:23,2026-02-16 00:13:23,Forced,Maintenance,9264,111.28,Closed,1.0
OUT0000334,SITE0026,AST000217,2026-04-01 20:33:36,2026-04-01 22:33:36,Forced,Unknown,9874,175.694,Closed,2.0
OUT0000335,SITE0004,AST000029,2026-03-29 02:02:33,2026-04-01 02:02:33,Forced,Unknown,8184,164.702,Closed,72.0
OUT0000336,SITE0003,AST000022,2026-04-16 14:26:45,2026-04-16 18:26:45,Forced,Storm,11627,277.923,Open,4.0
OUT0000337,SITE0021,AST000180,2026-01-15 10:38:20,2026-01-16 10:38:20,Planned,Maintenance,1766,16.638,Investigating,24.0
OUT0000338,SITE0003,AST000023,2026-03-28 13:12:42,2026-03-28 21:12:42,Forced,Equipment Failure,5147,177.868,Closed,8.0
OUT0000339,SITE0021,AST000175,2026-03-17 06:21:58,2026-03-20 06:21:58,Forced,Equipment Failure,6781,230.432,Closed,72.0
OUT0000340,SITE0029,AST000241,2026-01-07 17:42:35,2026-01-10 17:42:35,Forced,Maintenance,13211,222.592,Open,72.0
OUT0000341,SITE0012,AST000097,2026-02-16 06:45:56,2026-02-16 08:45:56,Grid Event,Equipment Failure,62,223.559,Closed,2.0
OUT0000342,SITE0022,AST000184,2026-03-09 15:08:04,2026-03-09 23:08:04,Planned,Protection Trip,10315,151.449,Investigating,8.0
OUT0000343,SITE0025,AST000209,2026-01-09 14:17:11,2026-01-09 14:47:11,Weather,Unknown,5036,32.823,Closed,0.5
OUT0000344,SITE0001,AST000003,2026-01-26 07:54:24,2026-01-27 07:54:24,Grid Event,Unknown,15198,228.566,Closed,24.0
OUT0000345,SITE0010,AST000082,2026-03-05 13:03:47,2026-03-05 17:03:47,Grid Event,Storm,10349,300.206,Investigating,4.0
OUT0000346,SITE0029,AST000241,2026-02-17 05:17:04,2026-02-19 05:17:04,Forced,Equipment Failure,4570,117.407,Open,48.0
OUT0000347,SITE0012,AST000095,2026-03-27 10:16:48,2026-03-28 10:16:48,Planned,Maintenance,10950,194.372,Closed,24.0
OUT0000348,SITE0024,AST000200,2026-04-14 21:52:46,2026-04-15 01:52:46,Weather,Protection Trip,2571,344.161,Closed,4.0
OUT0000349,SITE0017,AST000141,2026-02-20 05:30:58,2026-02-22 05:30:58,Planned,Protection Trip,6684,52.613,Investigating,48.0
OUT0000350,SITE0017,AST000138,2026-03-27 18:50:30,2026-03-27 19:20:30,Grid Event,Protection Trip,11009,124.538,Open,0.5
OUT0000351,SITE0015,AST000120,2026-02-28 01:02:24,2026-02-28 13:02:24,Grid Event,Maintenance,4918,186.396,Closed,12.0
OUT0000352,SITE0018,AST000149,2026-01-20 10:39:07,2026-01-20 11:39:07,Forced,Unknown,13370,103.339,Open,1.0
OUT0000353,SITE0020,AST000169,2026-03-02 12:54:02,2026-03-03 00:54:02,Forced,Storm,6334,51.619,Open,12.0
OUT0000354,SITE0007,AST000057,2026-03-12 15:10:29,2026-03-12 16:10:29,Grid Event,Equipment Failure,12469,138.866,Closed,1.0
OUT0000355,SITE0023,AST000191,2026-05-13 18:50:07,2026-05-15 18:50:07,Grid Event,Equipment Failure,10388,285.878,Closed,48.0
OUT0000356,SITE0008,AST_UNKNOWN,2026-04-03 18:53:00,2026-04-04 06:53:00,Forced,Equipment Failure,11167,269.471,Investigating,12.0
OUT0000357,SITE0029,AST000242,2026-04-25 09:34:17,2026-04-25 10:04:17,Grid Event,Equipment Failure,10717,74.08,Open,0.5
OUT0000358,SITE0007,AST000056,2026-05-26 13:43:04,,Weather,Maintenance,8001,165.925,Open,
OUT0000359,SITE0016,AST000133,2026-02-18 09:25:23,2026-02-19 09:25:23,Planned,Unknown,1049,272.971,Open,24.0
OUT0000360,SITE0008,AST000065,2026-05-03 03:03:56,2026-05-03 07:03:56,Forced,Equipment Failure,11330,349.64,Closed,4.0
OUT0000361,SITE0021,AST000173,2026-05-02 03:31:05,2026-05-02 05:31:05,Forced,Storm,3319,49.458,Open,2.0
OUT0000362,SITE0022,AST000186,2026-01-09 15:23:29,2026-01-10 03:23:29,Forced,Unknown,7117,213.393,Open,12.0
OUT0000363,SITE0019,AST000160,2026-01-29 15:23:36,2026-01-30 15:23:36,Weather,Equipment Failure,1889,105.744,Closed,24.0
OUT0000364,SITE0014,AST000114,2026-05-16 12:43:08,2026-05-17 00:43:08,Weather,Unknown,2503,161.712,Closed,12.0
OUT0000365,SITE0022,AST000184,2026-02-27 05:43:41,2026-03-01 05:43:41,Planned,Unknown,16893,317.402,Closed,48.0
OUT0000366,SITE0030,AST000254,2026-05-27 22:05:59,2026-05-28 00:05:59,Forced,Maintenance,6243,319.566,Closed,2.0
OUT0000367,SITE0009,AST000074,2026-02-15 02:09:25,2026-02-17 02:09:25,Grid Event,Maintenance,11289,0.304,Open,48.0
OUT0000368,SITE0001,AST000005,2026-05-04 03:11:12,2026-05-06 03:11:12,Planned,Unknown,1740,323.575,Closed,48.0
OUT0000369,SITE0009,AST000068,2026-02-13 13:06:36,2026-02-14 13:06:36,Weather,Equipment Failure,15412,115.862,Closed,24.0
OUT0000370,SITE0028,AST000236,2026-05-04 15:40:56,2026-05-05 15:40:56,Planned,Maintenance,12569,92.176,Investigating,24.0
OUT0000371,SITE0022,AST000186,2026-03-19 14:12:41,2026-03-19 22:12:41,Grid Event,Protection Trip,17541,280.544,Closed,8.0
OUT0000372,SITE0030,AST000255,2026-05-12 23:02:26,2026-05-13 07:02:26,Weather,Storm,10070,227.538,Investigating,8.0
OUT0000373,SITE0001,AST000003,2026-01-02 04:12:40,2026-01-02 16:12:40,Grid Event,Storm,9113,12.847,Investigating,12.0
OUT0000374,SITE0027,AST000224,2026-05-22 20:17:20,2026-05-24 20:17:20,Weather,Maintenance,13129,33.608,Closed,48.0
OUT0000375,SITE0002,AST000009,2026-02-18 11:55:57,2026-02-18 12:25:57,Grid Event,Storm,641,279.383,Closed,0.5
OUT0000376,SITE0027,AST000228,2026-01-07 16:33:20,2026-01-08 16:33:20,Weather,Equipment Failure,15187,61.807,Closed,24.0
OUT0000377,SITE0001,AST000003,2026-03-26 22:04:08,2026-03-29 22:04:08,Forced,Protection Trip,13841,277.519,Closed,72.0
OUT0000378,SITE0014,AST000118,2026-01-16 12:24:17,2026-01-16 20:24:17,Weather,Storm,1940,299.352,Closed,8.0
OUT0000379,SITE0002,AST000009,2026-03-11 20:08:59,2026-03-13 20:08:59,Weather,Equipment Failure,15221,291.213,Closed,48.0
OUT0000380,SITE0019,AST000161,2026-01-30 02:24:01,2026-01-30 10:24:01,Weather,Unknown,2968,224.712,Investigating,8.0
OUT0000381,SITE0007,AST000050,2026-01-15 11:49:29,2026-01-18 11:49:29,Planned,Protection Trip,2198,136.926,Investigating,72.0
OUT0000382,SITE0008,AST000064,2026-01-14 00:46:05,2026-01-14 02:46:05,Grid Event,Protection Trip,13090,29.651,Investigating,2.0
OUT0000383,SITE0005,AST000034,2026-01-07 12:56:10,2026-01-08 12:56:10,Grid Event,Equipment Failure,4841,216.735,Investigating,24.0
OUT0000384,SITE0025,AST000211,2026-05-02 05:14:57,2026-05-02 07:14:57,Planned,Storm,8066,287.31,Investigating,2.0
OUT0000385,SITE0003,AST000018,2026-05-12 15:34:32,2026-05-15 15:34:32,Planned,Equipment Failure,8955,171.115,Closed,72.0
OUT0000386,SITE0005,AST000035,2026-04-04 03:04:54,2026-04-05 03:04:54,Forced,Maintenance,15975,73.166,Closed,24.0
OUT0000387,SITE0020,AST000168,2026-01-17 14:50:18,2026-01-17 15:20:18,Forced,Equipment Failure,6213,7.192,Closed,0.5
OUT0000388,SITE0026,AST000213,2026-02-06 03:26:07,2026-02-07 03:26:07,Forced,Equipment Failure,14891,318.864,Closed,24.0
OUT0000389,SITE0007,AST000055,2026-04-06 02:59:36,2026-04-09 02:59:36,Planned,Unknown,1496,37.22,Closed,72.0
OUT0000390,SITE0020,AST000164,2026-02-06 23:17:04,2026-02-07 23:17:04,Forced,Maintenance,14085,22.488,Closed,24.0
OUT0000391,SITE0020,AST000166,2026-05-17 01:59:36,2026-05-17 13:59:36,Planned,Unknown,14733,309.432,Closed,12.0
OUT0000392,SITE0005,AST000039,2026-01-15 07:46:54,2026-01-15 19:46:54,Grid Event,Storm,3196,207.437,Closed,12.0
OUT0000393,SITE0008,AST000059,2026-05-24 23:53:03,2026-05-26 23:53:03,Forced,Unknown,14414,135.651,Closed,48.0
OUT0000394,SITE0017,AST000144,2026-05-17 17:41:54,2026-05-17 21:41:54,Forced,Storm,5344,233.138,Investigating,4.0
OUT0000395,SITE0001,AST000003,2026-05-30 03:45:42,2026-06-02 03:45:42,Planned,Protection Trip,7483,204.844,Open,72.0
OUT0000396,SITE0024,AST000199,2026-02-13 11:21:21,2026-02-13 23:21:21,Weather,Maintenance,6689,131.75,Open,12.0
OUT0000397,SITE0020,AST000165,2026-03-12 09:54:34,2026-03-13 09:54:34,Weather,Maintenance,3823,165.135,Investigating,24.0
OUT0000398,SITE0016,AST000134,2026-03-31 10:12:20,2026-04-01 10:12:20,Forced,Unknown,6397,141.345,Closed,24.0
OUT0000399,SITE0020,AST000165,2026-05-20 14:22:49,2026-05-22 14:22:49,Planned,Unknown,9169,71.696,Investigating,48.0
OUT0000400,SITE0024,AST000199,2026-03-20 07:16:04,2026-03-20 11:16:04,Planned,Unknown,10670,191.959,Closed,4.0
OUT0000401,SITE0002,AST000015,2026-05-12 20:39:38,2026-05-13 08:39:38,Forced,Protection Trip,12898,1.576,Closed,12.0
OUT0000402,SITE0006,AST000043,2026-04-08 22:20:28,2026-04-09 10:20:28,Weather,Equipment Failure,4133,95.986,Closed,12.0
OUT0000403,SITE0017,AST000140,2026-05-10 03:50:36,2026-05-10 04:50:36,Grid Event,Storm,6653,25.12,Closed,1.0
OUT0000404,SITE0017,AST000143,2026-03-03 02:00:10,2026-03-03 06:00:10,Forced,Storm,4597,52.589,Closed,4.0
OUT0000405,SITE0016,AST000134,2026-05-15 06:54:13,2026-05-15 07:24:13,Grid Event,Unknown,16588,65.246,Investigating,0.5
OUT0000406,SITE0030,AST000251,2026-01-03 12:23:34,2026-01-05 12:23:34,Forced,Equipment Failure,6354,92.33,Open,48.0
OUT0000407,SITE0029,AST000245,2026-03-12 17:43:52,2026-03-15 17:43:52,Weather,Unknown,1823,156.934,Investigating,72.0
OUT0000408,SITE0027,AST000228,2026-01-18 19:21:47,2026-01-21 19:21:47,Planned,Protection Trip,16956,242.27,Closed,72.0
OUT0000409,SITE0026,AST000214,2026-05-10 00:15:31,,Forced,Storm,17867,89.204,Investigating,
OUT0000410,SITE0012,AST000100,2026-02-27 02:06:56,2026-02-27 03:06:56,Planned,Equipment Failure,17692,176.658,Open,1.0
OUT0000411,SITE0017,AST000143,2026-04-21 09:31:55,2026-04-23 09:31:55,Forced,Maintenance,2746,341.873,Open,48.0
OUT0000412,SITE0007,AST000055,2026-05-28 03:58:41,2026-05-28 04:28:41,Forced,Maintenance,9837,121.533,Open,0.5
OUT0000413,SITE0022,AST000183,2026-04-24 06:05:44,2026-04-24 07:05:44,Forced,Protection Trip,17515,322.855,Investigating,1.0
OUT0000414,SITE0013,AST000101,2026-05-26 16:13:48,2026-05-26 16:43:48,Forced,Equipment Failure,17919,53.633,Closed,0.5
OUT0000415,SITE0021,AST000182,2026-02-13 06:09:58,2026-02-13 10:09:58,Forced,Storm,16340,279.471,Closed,4.0
OUT0000416,SITE0008,AST000059,2026-03-11 08:17:46,2026-03-11 12:17:46,Forced,Unknown,7758,311.763,Investigating,4.0
OUT0000417,SITE0016,AST000133,2026-02-26 01:14:44,2026-02-26 09:14:44,Planned,Maintenance,16332,62.273,Closed,8.0
OUT0000418,SITE0028,AST000238,2026-04-27 12:50:52,2026-04-27 14:50:52,Weather,Storm,12450,241.874,Open,2.0
OUT0000419,SITE0004,AST000026,2026-03-10 13:30:09,2026-03-10 14:30:09,Planned,Storm,5842,41.268,Closed,1.0
OUT0000420,SITE0003,AST000023,2026-01-19 07:35:59,2026-01-19 15:35:59,Forced,Equipment Failure,12110,171.081,Closed,8.0
OUT0000421,SITE0014,AST000114,2026-03-07 21:27:41,2026-03-08 09:27:41,Forced,Storm,16095,7.233,Investigating,12.0
OUT0000422,SITE0023,AST000196,2026-04-11 04:03:54,2026-04-11 08:03:54,Forced,Unknown,733,61.328,Closed,4.0
OUT0000423,SITE0020,AST000164,2026-05-08 22:36:50,2026-05-09 06:36:50,Grid Event,Storm,9424,155.864,Closed,8.0
OUT0000424,SITE0029,AST000247,2026-03-16 03:37:33,2026-03-16 04:37:33,Forced,Maintenance,9538,164.413,Investigating,1.0
OUT0000425,SITE0007,AST000057,2026-02-08 02:17:20,2026-02-08 10:17:20,Forced,Unknown,12312,238.896,Closed,8.0
OUT0000426,SITE0025,AST000208,2026-04-04 03:08:51,2026-04-04 04:08:51,Planned,Unknown,14354,224.573,Open,1.0
OUT0000427,SITE0002,AST000010,2026-02-09 17:15:42,2026-02-09 21:15:42,Planned,Unknown,5653,8.428,Closed,4.0
OUT0000428,SITE0001,AST000003,2026-04-23 14:58:41,2026-04-24 02:58:41,Weather,Unknown,14908,249.618,Closed,12.0
OUT0000429,SITE0028,AST000239,2026-04-21 13:33:17,2026-04-22 01:33:17,Planned,Maintenance,1521,8.545,Closed,12.0
OUT0000430,SITE0005,AST000039,2026-03-28 04:16:53,2026-03-31 04:16:53,Planned,Equipment Failure,970,58.229,Investigating,72.0
OUT0000431,SITE0010,AST000077,2026-04-16 06:54:20,2026-04-16 18:54:20,Forced,Storm,5660,64.091,Closed,12.0
OUT0000432,SITE0016,AST000136,2026-05-16 00:08:25,2026-05-16 01:08:25,Forced,Storm,11158,12.59,Closed,1.0
OUT0000433,SITE0008,AST000066,2026-04-07 02:30:07,2026-04-07 04:30:07,Forced,Equipment Failure,5399,59.305,Closed,2.0
OUT0000434,SITE0011,AST000085,2026-01-21 05:27:38,2026-01-21 07:27:38,Grid Event,Storm,5366,221.783,Investigating,2.0
OUT0000435,SITE0023,AST000191,2026-04-12 11:15:52,2026-04-12 11:45:52,Forced,Maintenance,3241,44.501,Investigating,0.5
OUT0000436,SITE0007,AST000052,2026-01-08 09:49:14,2026-01-08 13:49:14,Weather,Maintenance,11362,263.612,Closed,4.0
OUT0000437,SITE0016,AST000132,2026-02-24 10:57:11,2026-02-24 18:57:11,Grid Event,Protection Trip,1036,195.575,Closed,8.0
OUT0000438,SITE0029,AST000243,2026-05-14 03:03:42,,Forced,Storm,2155,281.05,Investigating,
OUT0000439,SITE0017,AST000141,2026-04-27 07:02:53,2026-04-27 07:32:53,Forced,Equipment Failure,7346,218.658,Closed,0.5
OUT0000440,SITE0007,AST000057,2026-03-18 15:41:05,2026-03-18 23:41:05,Planned,Protection Trip,1559,304.31,Closed,8.0
OUT0000441,SITE0005,AST000039,2026-04-03 02:45:55,2026-04-03 04:45:55,Forced,Equipment Failure,7311,111.652,Closed,2.0
OUT0000442,SITE0005,AST000035,2026-03-02 16:01:17,2026-03-03 16:01:17,Planned,Equipment Failure,9344,288.762,Investigating,24.0
OUT0000443,SITE0010,AST000080,2026-05-13 10:12:32,2026-05-13 10:42:32,Planned,Equipment Failure,5979,169.273,Investigating,0.5
OUT0000444,SITE0003,AST000023,2026-01-25 20:02:35,2026-01-25 21:02:35,Grid Event,Unknown,17941,246.657,Closed,1.0
OUT0000445,SITE0006,AST000047,2026-02-22 09:33:27,2026-02-24 09:33:27,Forced,Protection Trip,12270,137.034,Closed,48.0
OUT0000446,SITE0026,AST000214,2026-01-17 21:42:40,2026-01-18 05:42:40,Forced,Storm,9175,106.674,Closed,8.0
OUT0000447,SITE0024,AST000198,2026-01-02 13:22:16,2026-01-02 14:22:16,Planned,Maintenance,12663,97.449,Investigating,1.0
OUT0000448,SITE0002,AST000012,2026-04-10 15:10:39,2026-04-10 16:10:39,Forced,Protection Trip,12908,91.201,Closed,1.0
OUT0000449,SITE0025,AST000207,2026-02-08 05:45:26,2026-02-08 06:15:26,Planned,Storm,12062,143.663,Closed,0.5
OUT0000450,SITE0005,AST000032,2026-04-20 04:37:46,2026-04-20 08:37:46,Grid Event,Maintenance,4034,226.671,Investigating,4.0
OUT0000451,SITE0002,AST000011,2026-03-24 09:33:33,2026-03-24 10:03:33,Weather,Protection Trip,11849,97.028,Closed,0.5
OUT0000452,SITE0014,AST000114,2026-02-19 08:36:06,2026-02-19 09:06:06,Forced,Unknown,4394,188.923,Closed,0.5
OUT0000453,SITE0009,AST000073,2026-02-11 19:17:32,2026-02-11 19:47:32,Forced,Maintenance,6226,208.725,Closed,0.5
OUT0000454,SITE0002,AST000013,2026-05-13 00:40:14,2026-05-13 12:40:14,Planned,Storm,10133,278.394,Closed,12.0
OUT0000455,SITE0021,AST000182,2026-03-11 15:02:49,2026-03-14 15:02:49,Forced,Storm,539,254.2,Investigating,72.0
OUT0000456,SITE0025,AST000210,2026-04-10 23:47:57,2026-04-13 23:47:57,Forced,Protection Trip,4128,335.925,Closed,72.0
OUT0000457,SITE0029,AST000243,2026-03-03 02:44:08,2026-03-03 06:44:08,Forced,Equipment Failure,13227,209.12,Closed,4.0
OUT0000458,SITE0015,AST000122,2026-01-14 03:17:08,2026-01-16 03:17:08,Grid Event,Maintenance,10924,155.657,Investigating,48.0
OUT0000459,SITE0015,AST000125,2026-05-26 05:00:22,2026-05-26 06:00:22,Forced,Maintenance,10938,24.675,Investigating,1.0
OUT0000460,SITE0001,AST000001,2026-03-17 00:22:27,2026-03-20 00:22:27,Forced,Protection Trip,7333,29.858,Open,72.0
OUT0000461,SITE0020,AST000168,2026-03-26 20:40:26,2026-03-27 00:40:26,Forced,Equipment Failure,17646,341.735,Closed,4.0
OUT0000462,SITE0024,AST000202,2026-05-19 10:43:46,2026-05-19 11:43:46,Grid Event,Protection Trip,440,286.643,Closed,1.0
OUT0000463,SITE0022,AST000185,2026-05-07 13:38:39,2026-05-07 17:38:39,Planned,Equipment Failure,17698,211.496,Open,4.0
OUT0000464,SITE0008,AST000066,2026-02-14 14:02:40,2026-02-14 14:32:40,Grid Event,Unknown,3645,14.337,Investigating,0.5
OUT0000465,SITE0018,AST000149,2026-02-25 17:52:02,2026-02-26 17:52:02,Planned,Protection Trip,3726,274.114,Investigating,24.0
OUT0000466,SITE0008,AST000059,2026-01-01 13:30:07,2026-01-01 15:30:07,Forced,Equipment Failure,16142,282.555,Closed,2.0
OUT0000467,SITE0020,AST000169,2026-05-27 18:03:53,,Forced,Maintenance,1864,229.146,Closed,
OUT0000468,SITE0004,AST000030,2026-03-16 16:31:04,2026-03-16 17:01:04,Weather,Storm,14444,253.333,Investigating,0.5
OUT0000469,SITE0030,AST000250,2026-05-26 11:02:25,2026-05-26 12:02:25,Planned,Equipment Failure,3228,47.52,Closed,1.0
OUT0000470,SITE0003,AST000017,2026-05-03 20:44:40,2026-05-03 22:44:40,Grid Event,Protection Trip,10745,278.915,Closed,2.0
OUT0000471,SITE0009,AST000072,2026-03-02 04:09:52,2026-03-03 04:09:52,Forced,Maintenance,436,111.646,Open,24.0
OUT0000472,SITE0026,AST000218,2026-02-03 02:59:13,2026-02-03 10:59:13,Weather,Equipment Failure,4516,286.079,Closed,8.0
OUT0000473,SITE0016,AST000131,2026-01-17 12:59:52,2026-01-17 20:59:52,Planned,Protection Trip,17571,225.511,Closed,8.0
OUT0000474,SITE0009,AST000068,2026-04-04 19:03:02,2026-04-05 03:03:02,Planned,Storm,5208,231.5,Investigating,8.0
OUT0000475,SITE0015,AST000125,2026-01-02 08:59:51,2026-01-02 12:59:51,Forced,Protection Trip,4795,250.87,Closed,4.0
OUT0000476,SITE0002,AST000014,2026-03-06 12:57:19,2026-03-07 12:57:19,Forced,Unknown,5936,106.409,Investigating,24.0
OUT0000477,SITE0026,AST000215,2026-01-14 18:29:22,,Forced,Storm,12018,332.124,Closed,
OUT0000478,SITE0028,AST000234,2026-04-04 18:59:09,2026-04-05 06:59:09,Weather,Storm,9234,43.94,Open,12.0
OUT0000479,SITE0025,AST000210,2026-03-13 15:11:35,2026-03-13 15:41:35,Forced,Storm,7330,249.741,Investigating,0.5
OUT0000480,SITE0029,AST000241,2026-02-21 00:19:11,2026-02-21 00:49:11,Grid Event,Unknown,3791,5.992,Investigating,0.5
OUT0000481,SITE0009,AST000074,2026-05-23 17:00:59,2026-05-26 17:00:59,Grid Event,Unknown,2639,318.67,Investigating,72.0
OUT0000482,SITE0024,AST000202,2026-04-01 21:46:19,,Forced,Protection Trip,17079,155.387,Closed,
OUT0000483,SITE0019,AST000162,2026-05-25 01:38:23,2026-05-27 01:38:23,Forced,Protection Trip,3418,266.897,Closed,48.0
OUT0000484,SITE0020,AST000169,2026-04-30 09:04:40,2026-04-30 09:34:40,Planned,Protection Trip,13176,299.759,Closed,0.5
OUT0000485,SITE0012,AST000099,2026-04-01 06:26:54,2026-04-01 08:26:54,Planned,Storm,9726,150.263,Closed,2.0
OUT0000486,SITE0029,AST000242,2026-03-03 15:52:08,2026-03-03 16:52:08,Forced,Maintenance,12955,137.347,Closed,1.0
OUT0000487,SITE0008,AST000060,2026-04-29 06:27:47,2026-04-29 08:27:47,Weather,Maintenance,3524,173.107,Closed,2.0
OUT0000488,SITE0004,AST000030,2026-01-07 19:58:48,,Planned,Maintenance,16477,250.928,Closed,
OUT0000489,SITE0011,AST000092,2026-01-06 00:35:08,2026-01-08 00:35:08,Forced,Storm,12832,262.842,Investigating,48.0
OUT0000490,SITE0013,AST000102,2026-05-15 03:53:34,,Forced,Protection Trip,2120,94.553,Closed,
OUT0000491,SITE0014,AST000118,2026-03-09 13:13:26,2026-03-12 13:13:26,Forced,Unknown,5892,222.568,Closed,72.0
OUT0000492,SITE0006,AST000046,2026-02-25 10:59:20,2026-02-25 14:59:20,Forced,Protection Trip,7073,57.367,Open,4.0
OUT0000493,SITE0027,AST000223,2026-05-30 22:10:10,2026-05-31 10:10:10,Planned,Protection Trip,1689,202.996,Closed,12.0
OUT0000494,SITE0021,AST000173,2026-03-15 10:51:51,,Grid Event,Protection Trip,4298,311.753,Closed,
OUT0000495,SITE0024,AST000201,2026-03-29 01:29:41,2026-03-31 01:29:41,Forced,Equipment Failure,801,259.949,Investigating,48.0
OUT0000496,SITE0030,AST000252,2026-01-17 06:36:29,2026-01-17 10:36:29,Weather,Storm,6040,269.267,Closed,4.0
OUT0000497,SITE0021,AST000174,2026-02-02 11:39:50,2026-02-04 11:39:50,Grid Event,Equipment Failure,1705,27.161,Closed,48.0
OUT0000498,SITE0013,AST000101,2026-05-01 22:42:37,2026-05-02 00:42:37,Weather,Equipment Failure,12654,277.966,Open,2.0
OUT0000499,SITE0010,AST000082,2026-02-14 22:16:53,2026-02-15 22:16:53,Weather,Equipment Failure,923,169.24,Closed,24.0
OUT0000500,SITE0012,AST000100,2026-04-18 06:15:52,2026-04-18 14:15:52,Weather,Storm,3728,199.509,Open,8.0
