payment_id,bill_id,payment_date,payment_amount,payment_method,payment_status
PAY00000001,BILL00000001,2026-05-08,1280.93,ACH,Reversed
PAY00000002,BILL00000002,2026-06-17,22083.22,CASH,Posted
PAY00000003,BILL00000003,2026-05-03,7085.84,CHECK,Posted
PAY00000004,BILL00000004,2026-06-02,14307.87,CASH,Pending
PAY00000005,BILL00000005,2026-05-08,5153.24,ACH,Reversed
PAY00000006,BILL00000006,2026-06-02,9735.57,CARD,Failed
PAY00000007,BILL00000007,2026-05-08,5386.24,CASH,Failed
PAY00000008,BILL00000008,2026-06-22,3045.89,CHECK,Posted
PAY00000009,BILL00000009,2026-05-08,8694.0,CARD,Posted
PAY00000010,BILL00000010,2026-07-02,11962.96,ACH,Pending
PAY00000011,BILL00000011,2026-05-03,3729.83,CHECK,Pending
PAY00000012,BILL00000012,2026-06-07,4020.23,CHECK,Pending
PAY00000013,BILL00000013,2026-05-08,23552.35,ACH,Posted
PAY00000014,BILL00000014,2026-06-22,17688.28,CASH,Posted
PAY00000015,BILL00000015,2026-05-03,3503.49,CARD,Failed
PAY00000016,BILL00000016,2026-06-17,8328.37,CASH,Posted
PAY00000017,BILL00000017,2026-05-03,10844.08,CHECK,Posted
PAY00000018,BILL00000018,2026-06-07,5746.37,CARD,Posted
PAY00000019,BILL00000019,2026-05-18,4616.17,CHECK,Pending
PAY00000020,BILL00000020,2026-06-17,1349.95,CHECK,Reversed
PAY00000021,BILL00000021,2026-05-08,7146.76,CHECK,Posted
PAY00000022,BILL00000022,2026-07-02,17180.48,ACH,Posted
PAY00000023,BILL00000023,2026-05-18,19270.77,ACH,Posted
PAY00000024,BILL00000024,2026-06-02,11145.22,CARD,Failed
PAY00000025,BILL00000025,2026-05-18,23246.48,ACH,Reversed
PAY00000026,BILL00000026,2026-07-02,3546.57,CASH,Posted
PAY00000027,BILL00000027,2026-05-08,12715.73,ACH,Pending
PAY00000028,BILL00000028,2026-06-17,811.74,CASH,Reversed
PAY00000029,BILL00000029,2026-05-08,20264.56,CASH,Pending
PAY00000031,BILL00000031,2026-05-08,6099.64,ACH,Failed
PAY00000032,BILL00000032,2026-07-02,11808.4,CARD,Failed
PAY00000033,BILL00000033,2026-05-03,17462.2,CARD,Reversed
PAY00000034,BILL00000034,2026-07-02,12276.97,CARD,Pending
PAY00000035,BILL00000035,2026-05-03,1063.43,ACH,Reversed
PAY00000036,BILL00000036,2026-07-02,17111.82,CASH,Posted
PAY00000038,BILL00000038,2026-06-07,2122.27,ACH,Pending
PAY00000039,BILL00000039,2026-05-08,1831.34,CASH,Reversed
PAY00000040,BILL00000040,2026-06-17,9826.9,CHECK,Pending
PAY00000041,BILL00000041,2026-05-18,400.06,ACH,Pending
PAY00000042,BILL00000042,2026-06-02,18814.37,CHECK,Posted
PAY00000043,BILL00000043,2026-05-18,3076.85,CARD,Posted
PAY00000044,BILL00000044,2026-06-17,21655.92,CHECK,Posted
PAY00000045,BILL00000045,2026-05-08,2772.64,CARD,Failed
PAY00000046,BILL00000046,2026-06-17,12859.99,CHECK,Failed
PAY00000047,BILL00000047,2026-05-18,11126.54,CASH,Reversed
PAY00000048,BILL00000048,2026-06-17,12762.33,CHECK,Failed
PAY00000049,BILL00000049,2026-05-23,8931.34,CHECK,Posted
PAY00000050,BILL00000050,2026-06-22,674.28,CARD,Reversed
PAY00000051,BILL00000051,2026-05-23,9524.4,ACH,Failed
PAY00000052,BILL00000052,2026-06-22,5189.03,CHECK,Reversed
PAY00000053,BILL00000053,2026-05-18,13732.79,ACH,Failed
PAY00000054,BILL00000054,2026-06-07,2561.55,ACH,Reversed
PAY00000056,BILL00000056,2026-07-02,5696.76,ACH,Pending
PAY00000057,BILL00000057,2026-06-02,21587.84,CASH,Pending
PAY00000058,BILL00000058,2026-06-17,10430.49,CARD,Posted
PAY00000059,BILL00000059,2026-05-23,19196.35,CASH,Posted
PAY00000060,BILL00000060,2026-06-02,16511.72,CHECK,Failed
PAY00000061,BILL00000061,2026-06-02,1133.23,ACH,Pending
PAY00000063,BILL00000063,2026-06-02,3861.2,CARD,Posted
PAY00000064,BILL00000064,2026-06-17,23522.57,CASH,Pending
PAY00000065,BILL00000065,2026-05-08,10538.82,ACH,Posted
PAY00000067,BILL00000067,2026-06-02,6903.35,ACH,Posted
PAY00000068,BILL00000068,2026-07-02,24580.38,ACH,Posted
PAY00000069,BILL00000069,2026-05-18,6655.45,ACH,Posted
PAY00000070,BILL00000070,2026-07-02,18879.38,ACH,Posted
PAY00000071,BILL00000071,2026-05-08,16503.67,CASH,Posted
PAY00000072,BILL00000072,2026-06-02,20765.64,CHECK,Pending
PAY00000073,BILL00000073,2026-05-23,17267.29,ACH,Pending
PAY00000074,BILL00000074,2026-06-22,12990.55,CASH,Pending
PAY00000077,BILL00000077,2026-06-02,10417.3,CARD,Posted
PAY00000078,BILL00000078,2026-06-02,11113.56,CARD,Posted
PAY00000079,BILL00000079,2026-05-08,4757.77,CARD,Posted
PAY00000080,BILL00000080,2026-07-02,493.72,ACH,Posted
PAY00000081,BILL00000081,2026-05-03,8080.3,ACH,Posted
PAY00000082,BILL00000082,2026-06-07,13709.99,CHECK,Posted
PAY00000083,BILL00000083,2026-05-03,17486.16,CARD,Reversed
PAY00000084,BILL00000084,2026-07-02,10433.08,ACH,Failed
PAY00000085,BILL00000085,2026-05-18,10151.17,ACH,Posted
PAY00000086,BILL00000086,2026-06-22,8452.94,CASH,Posted
PAY00000087,BILL00000087,2026-05-08,18349.36,CHECK,Posted
PAY00000088,BILL00000088,2026-06-22,2279.72,ACH,Failed
PAY00000089,BILL00000089,2026-05-18,2242.02,CHECK,Posted
PAY00000090,BILL00000090,2026-06-17,12241.38,ACH,Reversed
PAY00000091,BILL00000091,2026-06-02,16415.4,ACH,Failed
PAY00000092,BILL00000092,2026-06-07,4501.96,CASH,Posted
PAY00000093,BILL00000093,2026-05-03,12697.97,ACH,Reversed
PAY00000094,BILL00000094,2026-07-02,2429.67,ACH,Posted
PAY00000095,BILL00000095,2026-06-02,4971.72,ACH,Posted
PAY00000096,BILL00000096,2026-06-17,24997.85,CARD,Posted
PAY00000097,BILL00000097,2026-05-18,8551.72,CHECK,Reversed
PAY00000098,BILL00000098,2026-06-22,4712.86,CHECK,Posted
PAY00000099,BILL00000099,2026-05-08,7397.66,CHECK,Pending
PAY00000100,BILL00000100,2026-06-02,21338.16,CARD,Posted
PAY00000101,BILL00000101,2026-05-03,4125.66,ACH,Reversed
PAY00000102,BILL00000102,2026-07-02,16327.93,ACH,Posted
PAY00000103,BILL00000103,2026-05-03,15992.91,CASH,Posted
PAY00000104,BILL00000104,2026-06-22,1416.58,ACH,Posted
PAY00000105,BILL00000105,2026-05-18,15589.97,ACH,Posted
PAY00000106,BILL00000106,2026-06-02,19258.04,ACH,Reversed
PAY00000107,BILL00000107,2026-05-23,14271.54,ACH,Reversed
PAY00000108,BILL00000108,2026-06-02,11610.6,CASH,Posted
PAY00000109,BILL00000109,2026-06-02,11296.32,ACH,Posted
PAY00000110,BILL00000110,2026-06-22,11355.62,ACH,Posted
PAY00000111,BILL00000111,2026-05-03,5168.8,CHECK,Pending
PAY00000112,BILL00000112,2026-06-02,10680.12,CHECK,Pending
PAY00000113,BILL00000113,2026-05-18,1639.89,CASH,Pending
PAY00000114,BILL00000114,2026-06-07,4245.58,CHECK,Posted
PAY00000115,BILL00000115,2026-05-23,5653.57,CASH,Reversed
PAY00000116,BILL00000116,2026-06-17,10650.77,CASH,Posted
PAY00000117,BILL00000117,2026-06-02,7974.0,ACH,Pending
PAY00000118,BILL00000118,2026-06-02,1552.07,CHECK,Pending
PAY00000119,BILL00000119,2026-06-02,23553.15,CHECK,Failed
PAY00000120,BILL00000120,2026-06-07,4697.93,CARD,Reversed
PAY00000121,BILL00000121,2026-05-18,1679.52,ACH,Pending
PAY00000122,BILL00000122,2026-06-17,2387.04,CARD,Posted
PAY00000123,BILL00000123,2026-05-18,4986.67,ACH,Posted
PAY00000125,BILL00000125,2026-05-23,16548.93,CHECK,Pending
PAY00000126,BILL00000126,2026-06-17,16392.91,CARD,Posted
PAY00000127,BILL00000127,2026-05-03,11811.13,ACH,Pending
PAY00000129,BILL00000129,2026-05-23,20225.42,CARD,Failed
PAY00000130,BILL00000130,2026-06-07,1424.5,CHECK,Pending
PAY00000131,BILL00000131,2026-05-23,18810.23,CARD,Failed
PAY00000132,BILL00000132,2026-06-17,1888.0,CARD,Failed
PAY00000133,BILL00000133,2026-05-03,5900.07,CARD,Posted
PAY00000134,BILL00000134,2026-06-22,7033.07,CASH,Failed
PAY00000135,BILL00000135,2026-05-18,6791.93,CASH,Posted
PAY00000136,BILL00000136,2026-07-02,13997.61,ACH,Failed
PAY00000137,BILL00000137,2026-05-23,8353.13,CARD,Pending
PAY00000138,BILL00000138,2026-07-02,4366.38,ACH,Posted
PAY00000139,BILL00000139,2026-05-18,18187.66,CHECK,Posted
PAY00000140,BILL00000140,2026-06-02,3200.8,ACH,Reversed
PAY00000141,BILL00000141,2026-05-23,16688.19,CASH,Posted
PAY00000142,BILL00000142,2026-06-02,9570.09,CARD,Pending
PAY00000143,BILL00000143,2026-05-03,18468.2,CASH,Posted
PAY00000144,BILL00000144,2026-06-02,3577.62,CHECK,Failed
PAY00000145,BILL00000145,2026-05-03,5298.71,CASH,Pending
PAY00000146,BILL00000146,2026-06-22,129.56,CHECK,Reversed
PAY00000147,BILL00000147,2026-06-02,22727.9,CASH,Pending
PAY00000148,BILL00000148,2026-06-07,7110.2,CASH,Posted
PAY00000149,BILL00000149,2026-06-02,1352.48,CARD,Pending
PAY00000150,BILL00000150,2026-07-02,13159.93,ACH,Pending
PAY00000151,BILL00000151,2026-06-02,7432.54,CHECK,Posted
PAY00000152,BILL00000152,2026-07-02,302.56,CHECK,Pending
PAY00000153,BILL00000153,2026-05-23,8283.67,ACH,Posted
PAY00000154,BILL00000154,2026-06-07,7891.63,CASH,Posted
PAY00000155,BILL00000155,2026-05-08,8894.99,CARD,Posted
PAY00000156,BILL00000156,2026-06-22,15589.83,ACH,Reversed
PAY00000157,BILL00000157,2026-06-02,1961.76,CHECK,Posted
PAY00000158,BILL00000158,2026-06-22,20339.03,CARD,Posted
PAY00000159,BILL00000159,2026-05-03,9024.99,CASH,Posted
PAY00000160,BILL00000160,2026-06-17,9953.17,ACH,Posted
PAY00000161,BILL00000161,2026-05-03,7994.22,ACH,Failed
PAY00000162,BILL00000162,2026-07-02,13586.44,ACH,Failed
PAY00000163,BILL00000163,2026-05-18,7313.28,CASH,Pending
PAY00000164,BILL00000164,2026-06-07,8972.96,CHECK,Posted
PAY00000165,BILL00000165,2026-05-08,11433.58,CARD,Pending
PAY00000166,BILL00000166,2026-07-02,12412.46,ACH,Posted
PAY00000167,BILL00000167,2026-05-23,3768.09,CASH,Posted
PAY00000168,BILL00000168,2026-06-17,2381.37,CHECK,Posted
PAY00000169,BILL00000169,2026-05-18,5070.28,ACH,Reversed
PAY00000170,BILL00000170,2026-06-22,12052.09,ACH,Posted
PAY00000171,BILL00000171,2026-05-18,3771.25,ACH,Posted
PAY00000172,BILL00000172,2026-07-02,10330.26,CHECK,Pending
PAY00000173,BILL00000173,2026-05-03,4395.31,ACH,Posted
PAY00000174,BILL00000174,2026-06-02,18728.87,ACH,Reversed
PAY00000175,BILL00000175,2026-05-18,15310.64,CASH,Posted
PAY00000176,BILL00000176,2026-07-02,5876.24,ACH,Pending
PAY00000177,BILL00000177,2026-05-18,23217.47,ACH,Pending
PAY00000178,BILL00000178,2026-06-17,22650.55,CARD,Pending
PAY00000179,BILL00000179,2026-05-08,3981.37,CARD,Failed
PAY00000180,BILL00000180,2026-06-02,2478.75,CHECK,Failed
PAY00000182,BILL00000182,2026-06-07,7111.6,ACH,Posted
PAY00000183,BILL00000183,2026-06-02,547.33,ACH,Failed
PAY00000184,BILL00000184,2026-07-02,10991.54,CASH,Reversed
PAY00000185,BILL00000185,2026-05-03,7503.16,CHECK,Posted
PAY00000187,BILL00000187,2026-05-03,1865.97,ACH,Posted
PAY00000188,BILL00000188,2026-06-07,5923.72,ACH,Reversed
PAY00000189,BILL00000189,2026-05-23,6343.12,CASH,Failed
PAY00000190,BILL00000190,2026-07-02,15505.91,CASH,Posted
PAY00000191,BILL00000191,2026-05-08,22928.29,CHECK,Posted
PAY00000192,BILL00000192,2026-07-02,10936.14,CASH,Failed
PAY00000193,BILL00000193,2026-06-02,20576.84,ACH,Reversed
PAY00000194,BILL00000194,2026-06-07,20495.89,CHECK,Posted
PAY00000196,BILL00000196,2026-06-07,5164.46,CARD,Posted
PAY00000197,BILL00000197,2026-05-18,13175.42,ACH,Reversed
PAY00000198,BILL00000198,2026-06-07,14907.08,CHECK,Posted
PAY00000199,BILL00000199,2026-06-02,9057.07,CARD,Failed
PAY00000200,BILL00000200,2026-06-17,18793.79,CASH,Posted
PAY00000201,BILL00000201,2026-05-03,17565.05,CHECK,Posted
PAY00000203,BILL00000203,2026-05-08,23310.57,ACH,Posted
PAY00000206,BILL00000206,2026-06-02,13077.94,ACH,Pending
PAY00000207,BILL00000207,2026-05-23,7502.13,ACH,Posted
PAY00000210,BILL00000210,2026-07-02,12587.91,ACH,Posted
PAY00000211,BILL00000211,2026-05-03,15760.9,CHECK,Posted
PAY00000212,BILL00000212,2026-06-02,24950.72,CASH,Failed
PAY00000213,BILL00000213,2026-05-08,11825.01,CHECK,Posted
PAY00000214,BILL00000214,2026-07-02,12956.75,CASH,Pending
PAY00000215,BILL00000215,2026-05-08,3022.12,CARD,Reversed
PAY00000216,BILL00000216,2026-06-17,4902.1,CHECK,Failed
PAY00000217,BILL00000217,2026-05-08,21238.06,ACH,Posted
PAY00000218,BILL00000218,2026-07-02,23667.88,ACH,Failed
PAY00000219,BILL00000219,2026-05-23,3963.5,ACH,Posted
PAY00000220,BILL00000220,2026-06-17,3838.47,ACH,Pending
PAY00000221,BILL00000221,2026-05-18,3991.06,ACH,Failed
PAY00000222,BILL00000222,2026-06-17,15406.6,ACH,Posted
PAY00000223,BILL00000223,2026-05-03,17978.33,CASH,Failed
PAY00000224,BILL00000224,2026-06-22,1744.84,CHECK,Posted
PAY00000225,BILL00000225,2026-05-18,17504.0,ACH,Pending
PAY00000226,BILL00000226,2026-06-17,12109.07,CARD,Reversed
PAY00000227,BILL00000227,2026-05-18,3870.87,CARD,Reversed
PAY00000228,BILL00000228,2026-06-07,21502.96,ACH,Pending
PAY00000229,BILL00000229,2026-05-08,15160.84,CASH,Pending
PAY00000230,BILL00000230,2026-06-22,7099.83,ACH,Posted
PAY00000231,BILL00000231,2026-05-23,826.43,ACH,Pending
PAY00000232,BILL00000232,2026-07-02,4519.12,CARD,Pending
PAY00000233,BILL00000233,2026-05-23,13074.3,CARD,Reversed
PAY00000234,BILL00000234,2026-07-02,8420.96,CHECK,Posted
PAY00000235,BILL00000235,2026-05-08,9937.87,CARD,Failed
PAY00000236,BILL00000236,2026-07-02,8981.48,CHECK,Posted
PAY00000237,BILL00000237,2026-05-18,17881.74,CHECK,Pending
PAY00000238,BILL00000238,2026-07-02,18253.11,ACH,Posted
PAY00000239,BILL00000239,2026-05-18,18864.53,CHECK,Pending
PAY00000240,BILL00000240,2026-07-02,10800.53,ACH,Posted
PAY00000241,BILL00000241,2026-06-02,2696.9,ACH,Pending
PAY00000242,BILL00000242,2026-06-07,23194.45,CASH,Posted
PAY00000243,BILL00000243,2026-05-23,15430.31,CASH,Posted
PAY00000244,BILL00000244,2026-06-17,5885.8,ACH,Posted
PAY00000245,BILL00000245,2026-05-18,19044.69,ACH,Posted
PAY00000246,BILL00000246,2026-06-02,10375.8,ACH,Posted
PAY00000247,BILL00000247,2026-05-23,23199.21,CARD,Failed
PAY00000248,BILL00000248,2026-06-07,568.88,CARD,Posted
PAY00000249,BILL00000249,2026-05-08,14935.49,ACH,Posted
PAY00000250,BILL00000250,2026-06-07,15546.39,CASH,Reversed
PAY00000253,BILL00000253,2026-05-23,5501.77,CASH,Posted
PAY00000254,BILL00000254,2026-06-17,4501.2,ACH,Posted
PAY00000255,BILL00000255,2026-05-23,1319.25,CARD,Reversed
PAY00000256,BILL00000256,2026-06-02,7280.35,ACH,Posted
PAY00000257,BILL00000257,2026-05-18,23038.11,CARD,Posted
PAY00000258,BILL00000258,2026-06-22,12480.8,ACH,Posted
PAY00000259,BILL00000259,2026-05-03,7886.57,CHECK,Pending
PAY00000260,BILL00000260,2026-06-02,11778.75,CASH,Posted
PAY00000261,BILL00000261,2026-05-23,18578.61,CHECK,Reversed
PAY00000262,BILL00000262,2026-06-17,10573.11,ACH,Posted
PAY00000263,BILL00000263,2026-06-02,18298.95,CARD,Pending
PAY00000264,BILL00000264,2026-06-02,11504.38,CASH,Reversed
PAY00000265,BILL00000265,2026-05-23,3581.21,CARD,Posted
PAY00000266,BILL00000266,2026-06-22,9071.28,CARD,Posted
PAY00000267,BILL00000267,2026-05-23,23334.87,ACH,Pending
PAY00000268,BILL00000268,2026-07-02,14278.93,ACH,Pending
PAY00000269,BILL00000269,2026-06-02,2539.63,CASH,Posted
PAY00000270,BILL00000270,2026-06-17,4061.65,ACH,Failed
PAY00000271,BILL00000271,2026-05-03,3150.21,CHECK,Posted
PAY00000273,BILL00000273,2026-05-23,3241.9,CARD,Pending
PAY00000274,BILL00000274,2026-06-07,960.89,CHECK,Posted
PAY00000275,BILL00000275,2026-05-18,8679.9,CASH,Failed
PAY00000276,BILL00000276,2026-07-02,5674.82,CASH,Posted
PAY00000277,BILL00000277,2026-06-02,21955.96,ACH,Failed
PAY00000279,BILL00000279,2026-06-02,648.04,CARD,Pending
PAY00000280,BILL00000280,2026-06-07,7200.83,ACH,Posted
PAY00000281,BILL00000281,2026-05-18,12878.88,CASH,Posted
PAY00000282,BILL00000282,2026-06-17,11727.97,ACH,Posted
PAY00000283,BILL00000283,2026-05-08,13336.06,ACH,Posted
PAY00000284,BILL00000284,2026-06-22,17384.02,ACH,Pending
PAY00000285,BILL00000285,2026-05-18,8156.97,CASH,Failed
PAY00000287,BILL00000287,2026-06-02,15132.84,ACH,Failed
PAY00000288,BILL00000288,2026-07-02,19016.82,ACH,Reversed
PAY00000289,BILL00000289,2026-05-03,3528.74,ACH,Posted
PAY00000290,BILL00000290,2026-06-17,15176.65,CASH,Failed
PAY00000292,BILL00000292,2026-06-17,19933.87,CASH,Failed
PAY00000293,BILL00000293,2026-05-18,11753.91,CASH,Reversed
PAY00000294,BILL00000294,2026-06-02,10786.96,CASH,Posted
PAY00000295,BILL00000295,2026-05-03,11161.08,ACH,Posted
PAY00000296,BILL00000296,2026-06-07,9921.1,ACH,Posted
PAY00000297,BILL00000297,2026-05-03,5180.91,ACH,Posted
PAY00000298,BILL00000298,2026-06-02,5547.15,CARD,Failed
PAY00000299,BILL00000299,2026-05-03,2474.8,CARD,Posted
PAY00000300,BILL00000300,2026-06-07,1824.83,CARD,Failed
PAY00000302,BILL00000302,2026-07-02,12144.31,CARD,Pending
PAY00000303,BILL00000303,2026-05-18,12194.65,ACH,Posted
PAY00000304,BILL00000304,2026-06-02,6867.24,ACH,Failed
PAY00000305,BILL00000305,2026-05-23,4639.72,ACH,Posted
PAY00000306,BILL00000306,2026-06-22,24675.06,CASH,Failed
PAY00000308,BILL00000308,2026-06-17,7360.41,CHECK,Posted
PAY00000309,BILL00000309,2026-05-18,16317.57,CARD,Pending
PAY00000311,BILL00000311,2026-06-02,23103.75,ACH,Posted
PAY00000313,BILL00000313,2026-05-18,18680.91,ACH,Failed
PAY00000314,BILL00000314,2026-06-22,3762.64,ACH,Posted
PAY00000315,BILL00000315,2026-05-08,17970.19,ACH,Posted
PAY00000316,BILL00000316,2026-06-17,17568.32,ACH,Posted
PAY00000317,BILL00000317,2026-05-03,12136.66,ACH,Failed
PAY00000318,BILL00000318,2026-06-17,12409.47,CASH,Failed
PAY00000319,BILL00000319,2026-05-23,12911.18,CHECK,Posted
PAY00000320,BILL00000320,2026-06-07,481.08,ACH,Reversed
PAY00000321,BILL00000321,2026-06-02,3624.07,ACH,Posted
PAY00000322,BILL00000322,2026-07-02,11880.0,ACH,Posted
PAY00000323,BILL00000323,2026-05-03,6576.44,CHECK,Pending
PAY00000324,BILL00000324,2026-06-02,1186.66,ACH,Pending
PAY00000325,BILL00000325,2026-06-02,6599.65,ACH,Reversed
PAY00000326,BILL00000326,2026-06-17,17539.4,CASH,Reversed
PAY00000327,BILL00000327,2026-05-03,9644.25,ACH,Posted
PAY00000328,BILL00000328,2026-07-02,10370.18,ACH,Pending
PAY00000329,BILL00000329,2026-05-08,11540.19,CHECK,Posted
PAY00000330,BILL00000330,2026-07-02,16048.19,CARD,Pending
PAY00000331,BILL00000331,2026-05-18,23356.91,ACH,Reversed
PAY00000332,BILL00000332,2026-07-02,10651.34,CARD,Posted
PAY00000333,BILL00000333,2026-05-08,1196.38,CHECK,Failed
PAY00000334,BILL00000334,2026-06-02,7300.64,ACH,Reversed
PAY00000335,BILL00000335,2026-05-03,5192.87,CASH,Posted
PAY00000336,BILL00000336,2026-07-02,17968.23,CARD,Posted
PAY00000338,BILL00000338,2026-06-17,2352.44,CHECK,Failed
PAY00000339,BILL00000339,2026-05-23,7059.95,CASH,Pending
PAY00000340,BILL00000340,2026-06-02,19190.36,ACH,Posted
PAY00000341,BILL00000341,2026-05-08,10110.37,CARD,Reversed
PAY00000342,BILL00000342,2026-06-17,13177.33,ACH,Posted
PAY00000343,BILL00000343,2026-05-03,20669.97,CASH,Posted
PAY00000344,BILL00000344,2026-07-02,8051.89,CARD,Failed
PAY00000345,BILL00000345,2026-05-08,8147.29,CASH,Pending
PAY00000346,BILL00000346,2026-06-17,2139.46,CASH,Failed
PAY00000347,BILL00000347,2026-05-08,21465.41,CASH,Posted
PAY00000348,BILL00000348,2026-06-02,7236.47,CASH,Failed
PAY00000349,BILL00000349,2026-05-23,10707.83,ACH,Posted
PAY00000350,BILL00000350,2026-06-07,14801.45,CHECK,Pending
PAY00000351,BILL00000351,2026-06-02,15398.76,CHECK,Pending
PAY00000352,BILL00000352,2026-06-22,22202.16,CARD,Pending
PAY00000353,BILL00000353,2026-05-03,9308.67,ACH,Posted
PAY00000354,BILL00000354,2026-06-17,3892.34,CARD,Failed
PAY00000355,BILL00000355,2026-05-03,1158.7,ACH,Posted
PAY00000356,BILL00000356,2026-06-17,5125.74,ACH,Posted
PAY00000357,BILL00000357,2026-05-23,7540.44,ACH,Posted
PAY00000358,BILL00000358,2026-06-02,2141.52,CARD,Failed
PAY00000359,BILL00000359,2026-05-18,22936.82,CHECK,Posted
PAY00000360,BILL00000360,2026-06-17,22221.54,CASH,Posted
PAY00000361,BILL00000361,2026-05-18,16498.36,CASH,Failed
PAY00000362,BILL00000362,2026-06-22,11398.58,CASH,Reversed
PAY00000363,BILL00000363,2026-06-02,15970.91,ACH,Posted
PAY00000364,BILL00000364,2026-07-02,7598.87,ACH,Posted
PAY00000365,BILL00000365,2026-06-02,1502.66,CARD,Pending
PAY00000366,BILL00000366,2026-06-07,5433.18,ACH,Failed
PAY00000367,BILL00000367,2026-05-08,8904.37,ACH,Posted
PAY00000369,BILL00000369,2026-05-03,13093.93,CHECK,Reversed
PAY00000370,BILL00000370,2026-06-07,10797.31,ACH,Failed
PAY00000371,BILL00000371,2026-05-18,23827.44,CHECK,Failed
PAY00000372,BILL00000372,2026-06-22,6277.86,ACH,Posted
PAY00000373,BILL00000373,2026-05-03,24661.83,ACH,Reversed
PAY00000374,BILL00000374,2026-07-02,11761.43,CARD,Failed
PAY00000375,BILL00000375,2026-05-08,20256.49,CASH,Posted
PAY00000376,BILL00000376,2026-06-22,4464.45,CARD,Reversed
PAY00000377,BILL00000377,2026-05-03,5266.44,ACH,Failed
PAY00000378,BILL00000378,2026-06-22,2844.87,CASH,Pending
PAY00000379,BILL00000379,2026-05-23,13143.41,CHECK,Posted
PAY00000380,BILL00000380,2026-06-07,1213.54,ACH,Failed
PAY00000381,BILL00000381,2026-05-08,4864.4,ACH,Posted
PAY00000382,BILL00000382,2026-07-02,2417.61,ACH,Posted
PAY00000383,BILL00000383,2026-05-08,8450.6,ACH,Pending
PAY00000384,BILL00000384,2026-06-02,16073.29,CARD,Pending
PAY00000385,BILL00000385,2026-05-18,4656.21,CASH,Reversed
PAY00000386,BILL00000386,2026-06-17,10520.01,CHECK,Posted
PAY00000388,BILL00000388,2026-06-17,6334.16,ACH,Pending
PAY00000389,BILL00000389,2026-06-02,1567.44,ACH,Reversed
PAY00000390,BILL00000390,2026-06-17,15261.4,ACH,Pending
PAY00000391,BILL00000391,2026-05-23,6788.02,ACH,Posted
PAY00000392,BILL00000392,2026-06-02,4381.27,CARD,Posted
PAY00000394,BILL00000394,2026-07-02,9854.52,CARD,Failed
PAY00000395,BILL00000395,2026-05-23,8409.56,CHECK,Failed
PAY00000396,BILL00000396,2026-06-07,1434.34,CASH,Reversed
PAY00000397,BILL00000397,2026-05-03,3413.96,CASH,Pending
PAY00000398,BILL00000398,2026-07-02,2724.62,CASH,Reversed
PAY00000399,BILL00000399,2026-06-02,13854.85,CASH,Pending
PAY00000400,BILL00000400,2026-06-22,9647.74,CHECK,Pending
PAY00000401,BILL00000401,2026-05-18,4090.21,CASH,Posted
PAY00000402,BILL00000402,2026-06-02,21045.11,ACH,Posted
PAY00000403,BILL00000403,2026-05-08,8442.95,ACH,Pending
PAY00000404,BILL00000404,2026-06-22,13406.47,CARD,Posted
PAY00000405,BILL00000405,2026-05-18,3597.88,CHECK,Pending
PAY00000406,BILL00000406,2026-07-02,16740.37,CHECK,Failed
PAY00000407,BILL00000407,2026-05-03,16046.99,ACH,Posted
PAY00000408,BILL00000408,2026-06-02,8441.01,CARD,Posted
PAY00000409,BILL00000409,2026-05-03,2900.81,ACH,Posted
PAY00000411,BILL00000411,2026-05-08,13991.13,ACH,Pending
PAY00000413,BILL00000413,2026-06-02,21195.8,ACH,Posted
PAY00000414,BILL00000414,2026-07-02,6592.8,CHECK,Pending
PAY00000416,BILL00000416,2026-06-22,5059.03,CASH,Pending
PAY00000418,BILL00000418,2026-06-17,15526.37,ACH,Failed
PAY00000419,BILL00000419,2026-05-23,10337.46,ACH,Failed
PAY00000420,BILL00000420,2026-06-02,10370.83,CASH,Failed
PAY00000421,BILL00000421,2026-05-23,1792.0,ACH,Posted
PAY00000422,BILL00000422,2026-06-07,13753.5,CASH,Failed
PAY00000423,BILL00000423,2026-05-08,11771.57,CASH,Reversed
PAY00000424,BILL00000424,2026-06-02,24365.8,ACH,Pending
PAY00000425,BILL00000425,2026-06-02,19807.91,CARD,Posted
PAY00000426,BILL00000426,2026-06-02,17037.19,CASH,Pending
PAY00000428,BILL00000428,2026-06-02,20930.36,CARD,Failed
PAY00000429,BILL00000429,2026-06-02,7323.02,ACH,Reversed
PAY00000431,BILL00000431,2026-05-18,7210.54,CASH,Posted
PAY00000432,BILL00000432,2026-06-07,15687.0,ACH,Reversed
PAY00000433,BILL00000433,2026-06-02,3016.83,ACH,Failed
PAY00000434,BILL00000434,2026-06-17,19808.14,ACH,Reversed
PAY00000435,BILL00000435,2026-05-23,18231.29,CHECK,Posted
PAY00000436,BILL00000436,2026-06-22,16630.68,CARD,Posted
PAY00000437,BILL00000437,2026-05-03,2684.53,ACH,Posted
PAY00000438,BILL00000438,2026-06-07,4843.69,CARD,Failed
PAY00000440,BILL00000440,2026-06-07,3108.85,ACH,Pending
PAY00000441,BILL00000441,2026-05-18,5332.35,ACH,Posted
PAY00000442,BILL00000442,2026-07-02,3884.02,CASH,Posted
PAY00000443,BILL00000443,2026-05-18,6463.64,CHECK,Failed
PAY00000444,BILL00000444,2026-06-17,4171.82,CARD,Pending
PAY00000445,BILL00000445,2026-05-03,2691.8,CASH,Pending
PAY00000446,BILL00000446,2026-07-02,12570.52,CASH,Pending
PAY00000447,BILL00000447,2026-05-23,16213.67,CARD,Posted
PAY00000448,BILL00000448,2026-06-17,12770.54,CARD,Posted
PAY00000449,BILL00000449,2026-05-03,10929.03,ACH,Reversed
PAY00000450,BILL00000450,2026-06-07,6985.63,CASH,Reversed
PAY00000451,BILL00000451,2026-06-02,10981.19,ACH,Reversed
PAY00000452,BILL00000452,2026-06-07,5948.13,ACH,Posted
PAY00000453,BILL00000453,2026-05-03,14463.74,CHECK,Reversed
PAY00000454,BILL00000454,2026-06-22,23625.27,CARD,Posted
PAY00000455,BILL00000455,2026-05-08,5375.06,ACH,Posted
PAY00000456,BILL00000456,2026-07-02,13856.09,CASH,Posted
PAY00000457,BILL00000457,2026-05-18,18246.16,CARD,Failed
PAY00000458,BILL00000458,2026-06-07,11921.74,CHECK,Failed
PAY00000459,BILL00000459,2026-05-08,22144.98,CARD,Pending
PAY00000461,BILL00000461,2026-05-08,24682.37,ACH,Failed
PAY00000462,BILL00000462,2026-06-17,1589.07,CHECK,Posted
PAY00000463,BILL00000463,2026-05-03,6326.87,ACH,Failed
PAY00000464,BILL00000464,2026-06-22,3889.67,CASH,Failed
PAY00000465,BILL00000465,2026-05-08,8961.33,CARD,Pending
PAY00000466,BILL00000466,2026-06-07,5652.9,CARD,Posted
PAY00000467,BILL00000467,2026-05-08,23457.18,CHECK,Failed
PAY00000468,BILL00000468,2026-06-02,1506.85,CASH,Reversed
PAY00000469,BILL00000469,2026-05-03,14372.89,CARD,Failed
PAY00000470,BILL00000470,2026-06-17,12810.12,ACH,Failed
PAY00000471,BILL00000471,2026-06-02,14310.86,CARD,Failed
PAY00000472,BILL00000472,2026-06-17,17034.11,CHECK,Pending
PAY00000473,BILL00000473,2026-05-23,9146.99,ACH,Posted
PAY00000474,BILL00000474,2026-06-02,2806.38,ACH,Posted
PAY00000475,BILL00000475,2026-05-23,8094.19,CASH,Failed
PAY00000476,BILL00000476,2026-07-02,3107.25,CHECK,Posted
PAY00000479,BILL00000479,2026-05-18,3253.9,CARD,Posted
PAY00000480,BILL00000480,2026-07-02,4005.04,CASH,Posted
PAY00000481,BILL00000481,2026-05-08,10709.65,ACH,Posted
PAY00000482,BILL00000482,2026-06-22,10742.44,ACH,Posted
PAY00000483,BILL00000483,2026-05-23,4837.51,CASH,Posted
PAY00000485,BILL00000485,2026-06-02,24472.18,ACH,Posted
PAY00000486,BILL00000486,2026-06-17,14980.93,CHECK,Failed
PAY00000487,BILL00000487,2026-05-08,8727.23,ACH,Failed
PAY00000488,BILL00000488,2026-06-22,9134.54,CASH,Posted
PAY00000489,BILL00000489,2026-05-18,8601.84,CASH,Pending
PAY00000490,BILL00000490,2026-06-07,14798.06,CHECK,Pending
PAY00000491,BILL00000491,2026-05-18,21588.98,ACH,Reversed
PAY00000492,BILL00000492,2026-06-17,6322.26,ACH,Pending
PAY00000493,BILL00000493,2026-05-23,15648.4,CHECK,Failed
PAY00000494,BILL00000494,2026-06-17,23682.19,CASH,Failed
PAY00000496,BILL00000496,2026-06-17,8418.1,ACH,Posted
PAY00000497,BILL00000497,2026-05-18,18700.29,CASH,Failed
PAY00000498,BILL_BAD,2026-07-02,16297.32,CHECK,Pending
PAY00000499,BILL00000499,2026-05-23,810.01,CHECK,Pending
PAY00000501,BILL00000501,2026-05-03,23874.64,CASH,Reversed
PAY00000502,BILL00000502,2026-06-07,7495.94,CASH,Reversed
PAY00000503,BILL00000503,2026-05-18,21982.78,CHECK,Posted
PAY00000506,BILL00000506,2026-06-07,6277.36,ACH,Reversed
PAY00000507,BILL00000507,2026-06-02,8136.32,CASH,Failed
PAY00000509,BILL00000509,2026-05-03,22009.3,CARD,Posted
PAY00000511,BILL00000511,2026-05-08,5675.13,ACH,Reversed
PAY00000512,BILL00000512,2026-06-07,1206.81,ACH,Failed
PAY00000513,BILL00000513,2026-05-23,16710.78,ACH,Failed
PAY00000514,BILL00000514,2026-06-17,4182.4,ACH,Posted
PAY00000515,BILL00000515,2026-05-08,15609.89,CARD,Posted
PAY00000516,BILL00000516,2026-06-22,17362.79,CARD,Posted
PAY00000517,BILL00000517,2026-05-08,14669.76,ACH,Reversed
PAY00000518,BILL00000518,2026-06-07,17196.2,CASH,Failed
PAY00000519,BILL00000519,2026-06-02,9746.02,ACH,Posted
PAY00000520,BILL00000520,2026-06-17,6609.64,ACH,Pending
PAY00000521,BILL00000521,2026-05-23,21499.87,CASH,Posted
PAY00000522,BILL00000522,2026-06-22,23380.28,CARD,Posted
PAY00000523,BILL00000523,2026-05-23,6755.79,CASH,Reversed
PAY00000524,BILL00000524,2026-06-02,6835.54,ACH,Failed
PAY00000526,BILL00000526,2026-06-22,1563.56,ACH,Failed
PAY00000527,BILL00000527,2026-05-08,14177.34,ACH,Failed
PAY00000528,BILL00000528,2026-06-07,11779.06,CARD,Posted
PAY00000529,BILL00000529,2026-05-03,8906.76,CHECK,Failed
PAY00000530,BILL00000530,2026-06-17,3324.79,CHECK,Posted
PAY00000531,BILL00000531,2026-05-23,8196.47,CASH,Reversed
PAY00000532,BILL00000532,2026-06-02,9653.29,CHECK,Pending
PAY00000533,BILL00000533,2026-05-18,8188.26,CHECK,Pending
PAY00000534,BILL00000534,2026-06-02,8960.03,ACH,Reversed
PAY00000535,BILL00000535,2026-05-23,2046.32,CHECK,Failed
PAY00000536,BILL00000536,2026-06-17,1811.83,CASH,Posted
PAY00000537,BILL00000537,2026-06-02,17386.35,ACH,Reversed
PAY00000538,BILL00000538,2026-06-22,9359.73,CHECK,Posted
PAY00000539,BILL00000539,2026-06-02,325.53,ACH,Pending
PAY00000540,BILL00000540,2026-07-02,11696.26,CASH,Reversed
PAY00000541,BILL00000541,2026-05-03,676.61,CASH,Posted
PAY00000542,BILL00000542,2026-06-22,939.67,CHECK,Reversed
PAY00000543,BILL00000543,2026-05-03,22721.52,CHECK,Reversed
PAY00000544,BILL00000544,2026-06-02,6823.01,CASH,Failed
PAY00000545,BILL00000545,2026-05-03,5427.08,CHECK,Posted
PAY00000546,BILL00000546,2026-06-07,19380.29,CARD,Reversed
PAY00000547,BILL00000547,2026-05-18,10195.21,ACH,Failed
PAY00000549,BILL00000549,2026-06-02,4927.17,CHECK,Reversed
PAY00000550,BILL00000550,2026-06-07,15420.15,CARD,Pending
PAY00000551,BILL00000551,2026-05-08,15091.89,CASH,Reversed
PAY00000552,BILL00000552,2026-07-02,1696.15,CARD,Pending
PAY00000554,BILL00000554,2026-07-02,15839.57,ACH,Posted
PAY00000555,BILL00000555,2026-05-18,24153.72,CHECK,Pending
PAY00000556,BILL00000556,2026-07-02,966.06,CASH,Posted
PAY00000557,BILL00000557,2026-05-08,20502.81,ACH,Posted
PAY00000558,BILL00000558,2026-06-02,11312.06,CHECK,Failed
PAY00000559,BILL00000559,2026-06-02,4315.69,ACH,Reversed
PAY00000560,BILL00000560,2026-06-02,22011.09,CASH,Posted
PAY00000561,BILL00000561,2026-05-03,7057.99,ACH,Failed
PAY00000562,BILL00000562,2026-06-22,18083.23,CASH,Reversed
PAY00000563,BILL00000563,2026-06-02,24766.61,CARD,Failed
PAY00000565,BILL00000565,2026-05-03,8909.1,ACH,Pending
PAY00000566,BILL00000566,2026-06-17,2595.99,ACH,Posted
PAY00000568,BILL00000568,2026-06-22,18678.03,CHECK,Reversed
PAY00000569,BILL00000569,2026-06-02,7817.91,CHECK,Failed
PAY00000570,BILL00000570,2026-06-17,24944.4,ACH,Failed
PAY00000571,BILL00000571,2026-05-23,9377.33,ACH,Failed
PAY00000572,BILL00000572,2026-06-17,1624.26,ACH,Pending
PAY00000574,BILL00000574,2026-06-07,728.69,CARD,Posted
PAY00000575,BILL00000575,2026-05-18,16729.32,CASH,Reversed
PAY00000576,BILL00000576,2026-06-17,8936.98,CHECK,Reversed
PAY00000577,BILL00000577,2026-05-23,9516.16,ACH,Failed
PAY00000578,BILL00000578,2026-07-02,3404.74,CARD,Reversed
PAY00000580,BILL00000580,2026-06-22,1219.98,CHECK,Posted
PAY00000581,BILL00000581,2026-05-23,6376.03,ACH,Reversed
PAY00000582,BILL00000582,2026-06-07,567.52,ACH,Reversed
PAY00000583,BILL00000583,2026-05-18,10143.82,CHECK,Failed
PAY00000584,BILL00000584,2026-06-22,3702.91,ACH,Pending
PAY00000585,BILL00000585,2026-05-23,10586.78,ACH,Reversed
PAY00000586,BILL00000586,2026-06-07,1594.52,CASH,Failed
PAY00000587,BILL00000587,2026-06-02,15090.78,CHECK,Pending
PAY00000588,BILL00000588,2026-07-02,21928.34,CARD,Pending
PAY00000589,BILL00000589,2026-05-08,15087.06,CHECK,Failed
PAY00000590,BILL00000590,2026-07-02,6967.56,ACH,Failed
PAY00000591,BILL00000591,2026-05-03,4403.93,CARD,Posted
PAY00000592,BILL00000592,2026-07-02,12668.84,CARD,Failed
PAY00000593,BILL00000593,2026-05-23,8737.73,CASH,Pending
PAY00000594,BILL00000594,2026-06-22,7506.32,CARD,Posted
PAY00000595,BILL00000595,2026-05-03,23915.84,CASH,Reversed
PAY00000596,BILL00000596,2026-06-02,18955.01,ACH,Pending
PAY00000598,BILL00000598,2026-07-02,11888.12,CASH,Posted
PAY00000599,BILL00000599,2026-05-03,11199.3,ACH,Failed
PAY00000600,BILL00000600,2026-06-07,7169.78,CARD,Posted
PAY00000602,BILL00000602,2026-07-02,13670.33,CASH,Reversed
PAY00000603,BILL00000603,2026-06-02,674.05,ACH,Posted
PAY00000604,BILL00000604,2026-06-22,4454.96,CASH,Posted
PAY00000605,BILL00000605,2026-05-23,23617.37,CHECK,Reversed
PAY00000606,BILL00000606,2026-06-17,8211.78,CHECK,Posted
PAY00000607,BILL00000607,2026-05-18,23776.2,CHECK,Pending
PAY00000608,BILL00000608,2026-06-07,3958.46,ACH,Failed
PAY00000609,BILL00000609,2026-05-18,4294.72,ACH,Posted
PAY00000610,BILL00000610,2026-06-02,15617.06,ACH,Failed
PAY00000611,BILL00000611,2026-05-03,17387.87,CASH,Posted
PAY00000612,BILL00000612,2026-06-17,3054.57,ACH,Reversed
PAY00000613,BILL00000613,2026-05-23,19759.77,CHECK,Posted
PAY00000614,BILL00000614,2026-06-02,14615.78,CASH,Reversed
PAY00000616,BILL00000616,2026-06-17,8295.62,ACH,Reversed
PAY00000617,BILL00000617,2026-05-08,18435.0,CHECK,Posted
PAY00000619,BILL00000619,2026-05-23,1435.86,CARD,Failed
PAY00000620,BILL00000620,2026-06-22,8161.28,ACH,Pending
PAY00000621,BILL00000621,2026-05-23,1303.8,ACH,Failed
PAY00000622,BILL00000622,2026-06-17,1151.24,ACH,Posted
PAY00000623,BILL00000623,2026-05-18,9027.3,CASH,Failed
PAY00000624,BILL00000624,2026-06-02,4831.36,CHECK,Posted
PAY00000625,BILL00000625,2026-05-23,8531.23,CASH,Failed
PAY00000626,BILL00000626,2026-06-07,2522.35,ACH,Posted
PAY00000627,BILL00000627,2026-05-03,9338.0,CHECK,Failed
PAY00000628,BILL00000628,2026-06-02,15603.43,CARD,Pending
PAY00000629,BILL00000629,2026-05-08,7410.09,ACH,Posted
PAY00000630,BILL00000630,2026-06-07,17189.81,CHECK,Failed
PAY00000631,BILL00000631,2026-05-18,1261.58,CASH,Posted
PAY00000632,BILL00000632,2026-06-07,21924.6,ACH,Reversed
PAY00000633,BILL00000633,2026-05-18,23023.61,ACH,Failed
PAY00000634,BILL00000634,2026-06-07,2797.25,CHECK,Failed
PAY00000635,BILL00000635,2026-05-23,7475.94,ACH,Posted
PAY00000636,BILL00000636,2026-06-22,8571.65,ACH,Failed
PAY00000637,BILL00000637,2026-05-18,11389.23,CARD,Pending
PAY00000638,BILL00000638,2026-06-22,7264.4,ACH,Posted
PAY00000639,BILL00000639,2026-05-18,12684.48,ACH,Posted
PAY00000640,BILL00000640,2026-06-22,17165.54,ACH,Failed
PAY00000641,BILL00000641,2026-05-08,17253.09,CHECK,Pending
PAY00000642,BILL00000642,2026-06-17,10704.91,CASH,Posted
PAY00000643,BILL00000643,2026-05-08,20111.55,ACH,Reversed
PAY00000644,BILL00000644,2026-06-17,12174.0,ACH,Pending
PAY00000645,BILL00000645,2026-05-23,11916.92,ACH,Posted
PAY00000646,BILL00000646,2026-06-07,12814.92,CARD,Pending
PAY00000647,BILL00000647,2026-05-08,11409.51,ACH,Reversed
PAY00000648,BILL00000648,2026-06-02,14159.07,ACH,Failed
PAY00000649,BILL00000649,2026-05-18,8873.11,CHECK,Posted
PAY00000650,BILL00000650,2026-06-22,3611.88,ACH,Failed
PAY00000651,BILL00000651,2026-06-02,6928.13,CASH,Pending
PAY00000653,BILL00000653,2026-05-08,18400.85,ACH,Failed
PAY00000654,BILL00000654,2026-06-07,20159.22,CARD,Posted
PAY00000655,BILL00000655,2026-05-08,3910.52,CASH,Posted
PAY00000656,BILL_BAD,2026-06-17,11266.75,CARD,Reversed
PAY00000657,BILL00000657,2026-05-18,9992.51,CARD,Failed
PAY00000658,BILL00000658,2026-06-22,8634.17,CASH,Pending
PAY00000659,BILL00000659,2026-05-08,6777.35,CARD,Failed
PAY00000660,BILL00000660,2026-06-22,995.73,ACH,Posted
PAY00000661,BILL00000661,2026-05-08,6789.57,CARD,Failed
PAY00000662,BILL00000662,2026-06-07,16112.63,CASH,Posted
PAY00000663,BILL00000663,2026-06-02,11893.58,CHECK,Posted
PAY00000664,BILL00000664,2026-06-07,17373.4,CHECK,Failed
PAY00000665,BILL00000665,2026-05-18,20785.46,ACH,Posted
PAY00000667,BILL00000667,2026-05-08,809.74,CHECK,Posted
PAY00000668,BILL00000668,2026-06-07,12583.3,CHECK,Reversed
PAY00000669,BILL00000669,2026-05-23,17878.38,CARD,Failed
PAY00000670,BILL00000670,2026-06-07,5334.41,CASH,Posted
PAY00000672,BILL00000672,2026-07-02,14322.74,ACH,Posted
PAY00000674,BILL00000674,2026-06-07,1683.1,ACH,Reversed
PAY00000675,BILL00000675,2026-06-02,11846.86,ACH,Failed
PAY00000677,BILL00000677,2026-06-02,8700.99,CASH,Pending
PAY00000678,BILL00000678,2026-06-07,182.77,ACH,Posted
PAY00000679,BILL00000679,2026-05-18,19796.04,ACH,Posted
PAY00000680,BILL00000680,2026-07-02,13153.36,CASH,Reversed
PAY00000682,BILL00000682,2026-06-22,16747.73,ACH,Posted
PAY00000683,BILL00000683,2026-05-18,12483.59,CASH,Reversed
PAY00000684,BILL00000684,2026-06-22,12593.04,ACH,Posted
PAY00000685,BILL00000685,2026-05-23,11676.45,CASH,Posted
PAY00000686,BILL00000686,2026-07-02,23708.56,CASH,Posted
PAY00000687,BILL00000687,2026-05-08,696.56,CARD,Pending
PAY00000688,BILL00000688,2026-06-02,14693.76,CASH,Posted
PAY00000689,BILL00000689,2026-05-23,7195.99,CASH,Pending
PAY00000690,BILL00000690,2026-06-02,18371.34,CASH,Pending
PAY00000692,BILL00000692,2026-06-17,7629.65,ACH,Pending
PAY00000693,BILL00000693,2026-05-18,15510.79,ACH,Pending
PAY00000694,BILL00000694,2026-06-22,7237.44,CARD,Pending
PAY00000695,BILL00000695,2026-06-02,1757.59,ACH,Posted
PAY00000696,BILL00000696,2026-06-22,5136.29,ACH,Reversed
PAY00000697,BILL00000697,2026-05-08,20237.83,CARD,Posted
PAY00000698,BILL00000698,2026-06-17,14411.3,CASH,Failed
PAY00000699,BILL00000699,2026-05-23,13856.79,CASH,Pending
PAY00000700,BILL00000700,2026-07-02,23340.17,CARD,Pending
PAY00000701,BILL00000701,2026-05-03,12915.4,CASH,Posted
PAY00000702,BILL00000702,2026-06-07,11488.6,ACH,Failed
PAY00000703,BILL00000703,2026-05-03,3732.85,ACH,Reversed
PAY00000704,BILL00000704,2026-07-02,8939.53,ACH,Pending
PAY00000705,BILL00000705,2026-05-03,5008.17,ACH,Posted
PAY00000706,BILL00000706,2026-06-22,10703.46,CHECK,Posted
PAY00000707,BILL00000707,2026-05-03,3528.47,CASH,Reversed
PAY00000708,BILL00000708,2026-06-02,2960.37,CARD,Posted
PAY00000709,BILL00000709,2026-06-02,18491.45,CARD,Posted
PAY00000710,BILL00000710,2026-06-02,20652.82,CHECK,Pending
PAY00000711,BILL00000711,2026-05-08,7560.89,ACH,Posted
PAY00000712,BILL00000712,2026-06-22,10211.77,ACH,Pending
PAY00000713,BILL00000713,2026-05-23,3040.45,CARD,Pending
PAY00000714,BILL00000714,2026-07-02,7231.2,ACH,Reversed
PAY00000715,BILL00000715,2026-06-02,18486.24,ACH,Posted
PAY00000716,BILL00000716,2026-06-07,11862.7,CASH,Reversed
PAY00000718,BILL00000718,2026-06-22,6176.74,ACH,Pending
PAY00000719,BILL00000719,2026-06-02,8987.51,ACH,Failed
PAY00000720,BILL00000720,2026-06-02,1101.1,CHECK,Posted
PAY00000721,BILL00000721,2026-06-02,6209.08,CHECK,Posted
PAY00000722,BILL00000722,2026-06-02,16935.75,ACH,Pending
PAY00000723,BILL00000723,2026-06-02,14469.46,ACH,Failed
PAY00000724,BILL00000724,2026-06-02,854.5,CARD,Posted
PAY00000726,BILL00000726,2026-06-17,15305.49,ACH,Posted
PAY00000727,BILL00000727,2026-05-23,2790.96,CASH,Reversed
PAY00000728,BILL00000728,2026-07-02,9347.19,ACH,Failed
PAY00000729,BILL00000729,2026-06-02,13102.9,CHECK,Reversed
PAY00000730,BILL00000730,2026-06-17,18599.7,ACH,Pending
PAY00000731,BILL00000731,2026-05-18,1572.32,CARD,Failed
PAY00000732,BILL00000732,2026-07-02,12883.47,CHECK,Failed
PAY00000733,BILL00000733,2026-05-18,4369.97,CHECK,Reversed
PAY00000734,BILL00000734,2026-06-22,4773.88,CHECK,Posted
PAY00000735,BILL00000735,2026-05-18,23584.57,ACH,Failed
PAY00000736,BILL00000736,2026-06-07,3531.4,ACH,Failed
PAY00000738,BILL00000738,2026-07-02,11842.14,CHECK,Pending
PAY00000739,BILL00000739,2026-06-02,4125.91,CHECK,Reversed
PAY00000740,BILL00000740,2026-06-17,18595.63,ACH,Reversed
PAY00000741,BILL00000741,2026-05-08,9695.13,CASH,Posted
PAY00000742,BILL00000742,2026-06-22,17323.53,CASH,Reversed
PAY00000743,BILL00000743,2026-05-03,20314.11,ACH,Failed
PAY00000744,BILL00000744,2026-06-22,20258.78,CASH,Pending
PAY00000745,BILL00000745,2026-06-02,6904.09,CASH,Posted
PAY00000746,BILL00000746,2026-06-17,16630.97,CARD,Pending
PAY00000748,BILL00000748,2026-06-02,8423.47,ACH,Pending
PAY00000749,BILL00000749,2026-05-08,8506.99,CASH,Pending
PAY00000750,BILL00000750,2026-06-07,14334.42,CARD,Posted
PAY00000751,BILL00000751,2026-05-03,22329.77,CARD,Posted
PAY00000752,BILL00000752,2026-06-07,13450.18,CASH,Reversed
PAY00000753,BILL00000753,2026-05-03,7859.37,ACH,Failed
PAY00000754,BILL00000754,2026-06-02,24310.51,ACH,Reversed
PAY00000755,BILL00000755,2026-05-23,11210.03,ACH,Posted
PAY00000756,BILL00000756,2026-06-07,5768.02,CARD,Posted
PAY00000757,BILL00000757,2026-06-02,19850.42,CASH,Reversed
PAY00000758,BILL00000758,2026-06-02,22428.06,ACH,Posted
PAY00000759,BILL00000759,2026-05-23,13036.3,ACH,Posted
PAY00000761,BILL00000761,2026-05-08,12864.41,CHECK,Failed
PAY00000762,BILL00000762,2026-06-02,10576.26,CASH,Posted
PAY00000763,BILL00000763,2026-05-03,3874.3,CASH,Reversed
PAY00000764,BILL00000764,2026-06-07,15977.77,ACH,Posted
PAY00000765,BILL00000765,2026-05-03,21264.63,ACH,Failed
PAY00000766,BILL00000766,2026-06-07,13049.24,ACH,Pending
PAY00000769,BILL00000769,2026-05-23,10409.85,CHECK,Posted
PAY00000770,BILL00000770,2026-06-07,12405.9,CARD,Posted
PAY00000771,BILL00000771,2026-05-18,7225.89,CHECK,Posted
PAY00000772,BILL00000772,2026-06-07,4080.04,CARD,Posted
PAY00000773,BILL00000773,2026-05-08,4397.25,ACH,Posted
PAY00000774,BILL00000774,2026-06-17,1431.31,ACH,Pending
PAY00000775,BILL00000775,2026-05-03,3246.64,ACH,Pending
PAY00000776,BILL00000776,2026-06-07,4868.13,CARD,Posted
PAY00000777,BILL00000777,2026-06-02,4124.49,CASH,Reversed
PAY00000778,BILL00000778,2026-06-17,707.75,CARD,Reversed
PAY00000779,BILL00000779,2026-05-18,3907.81,ACH,Posted
PAY00000780,BILL00000780,2026-07-02,23704.38,CHECK,Pending
PAY00000782,BILL00000782,2026-06-02,11284.52,ACH,Pending
PAY00000784,BILL00000784,2026-06-07,6910.83,ACH,Pending
PAY00000785,BILL00000785,2026-05-18,10511.5,ACH,Pending
PAY00000787,BILL00000787,2026-06-02,2912.22,CHECK,Posted
PAY00000788,BILL00000788,2026-06-22,21448.52,CASH,Posted
PAY00000789,BILL00000789,2026-05-08,3706.63,ACH,Reversed
PAY00000790,BILL00000790,2026-06-17,1601.07,CASH,Posted
PAY00000791,BILL00000791,2026-06-02,6342.35,CASH,Pending
PAY00000792,BILL00000792,2026-06-02,17368.44,ACH,Pending
PAY00000794,BILL00000794,2026-07-02,8373.5,ACH,Reversed
PAY00000795,BILL00000795,2026-05-08,6624.5,CARD,Failed
PAY00000798,BILL00000798,2026-06-02,12753.12,ACH,Posted
PAY00000799,BILL00000799,2026-05-08,9349.49,CARD,Posted
PAY00000800,BILL00000800,2026-06-17,8649.63,CARD,Reversed
PAY00000801,BILL00000801,2026-05-08,4891.2,ACH,Posted
PAY00000802,BILL00000802,2026-06-22,5064.14,ACH,Reversed
PAY00000803,BILL00000803,2026-05-18,8192.08,CARD,Failed
PAY00000804,BILL00000804,2026-06-17,10475.16,CASH,Posted
PAY00000805,BILL00000805,2026-05-18,3036.9,ACH,Reversed
PAY00000806,BILL00000806,2026-06-17,21515.74,CHECK,Posted
PAY00000807,BILL00000807,2026-05-03,17342.01,CARD,Pending
PAY00000808,BILL00000808,2026-06-22,3395.28,CARD,Failed
PAY00000809,BILL00000809,2026-05-23,9871.42,ACH,Reversed
PAY00000810,BILL00000810,2026-06-22,7371.85,ACH,Pending
PAY00000811,BILL00000811,2026-05-08,12196.26,CHECK,Pending
PAY00000812,BILL00000812,2026-07-02,7351.43,ACH,Pending
PAY00000813,BILL00000813,2026-05-03,13201.01,CASH,Posted
PAY00000814,BILL00000814,2026-07-02,14417.79,ACH,Posted
PAY00000815,BILL00000815,2026-06-02,5330.32,ACH,Pending
PAY00000816,BILL00000816,2026-06-07,3300.06,ACH,Pending
PAY00000817,BILL00000817,2026-05-23,21290.96,ACH,Reversed
PAY00000818,BILL00000818,2026-06-17,2852.53,CHECK,Failed
PAY00000819,BILL00000819,2026-05-23,10635.83,CASH,Failed
PAY00000820,BILL00000820,2026-06-07,23237.9,CASH,Posted
PAY00000821,BILL00000821,2026-06-02,18248.51,CHECK,Reversed
PAY00000822,BILL00000822,2026-06-17,4168.84,ACH,Posted
PAY00000823,BILL00000823,2026-05-23,15158.5,ACH,Pending
PAY00000824,BILL00000824,2026-07-02,10770.31,CHECK,Posted
PAY00000825,BILL00000825,2026-05-08,2935.53,ACH,Failed
PAY00000826,BILL00000826,2026-06-07,9022.39,ACH,Posted
PAY00000827,BILL00000827,2026-05-08,6001.35,ACH,Posted
PAY00000828,BILL00000828,2026-07-02,4532.69,CHECK,Posted
PAY00000829,BILL00000829,2026-05-08,11056.01,CARD,Failed
PAY00000830,BILL00000830,2026-06-22,2193.98,ACH,Reversed
PAY00000831,BILL00000831,2026-05-08,9408.82,ACH,Pending
PAY00000832,BILL00000832,2026-07-02,3431.75,ACH,Pending
PAY00000833,BILL00000833,2026-05-23,4357.17,CARD,Failed
PAY00000834,BILL00000834,2026-06-17,20954.48,CARD,Pending
PAY00000835,BILL00000835,2026-06-02,24845.77,ACH,Posted
PAY00000836,BILL00000836,2026-06-02,896.69,ACH,Pending
PAY00000837,BILL00000837,2026-05-18,23237.56,CARD,Posted
PAY00000838,BILL00000838,2026-06-07,11168.07,CARD,Failed
PAY00000839,BILL00000839,2026-05-08,2904.1,ACH,Reversed
PAY00000840,BILL00000840,2026-06-17,1786.69,CASH,Posted
PAY00000841,BILL00000841,2026-05-23,4475.97,CARD,Pending
PAY00000842,BILL00000842,2026-06-17,7662.51,CASH,Reversed
PAY00000843,BILL00000843,2026-05-08,3946.4,ACH,Pending
PAY00000844,BILL00000844,2026-06-02,12086.89,CASH,Posted
PAY00000845,BILL00000845,2026-05-18,22399.79,ACH,Posted
PAY00000846,BILL00000846,2026-06-22,13200.59,CASH,Posted
PAY00000847,BILL00000847,2026-05-03,14992.08,CASH,Posted
PAY00000848,BILL00000848,2026-06-02,4250.85,CASH,Posted
PAY00000849,BILL00000849,2026-05-08,758.09,ACH,Posted
PAY00000850,BILL00000850,2026-06-07,10202.51,ACH,Failed
PAY00000851,BILL00000851,2026-06-02,17962.99,CASH,Posted
PAY00000852,BILL00000852,2026-06-02,22831.0,CHECK,Failed
PAY00000853,BILL00000853,2026-05-03,444.79,CASH,Posted
PAY00000854,BILL00000854,2026-06-02,17830.21,CARD,Reversed
PAY00000855,BILL00000855,2026-05-03,21789.64,ACH,Pending
PAY00000856,BILL00000856,2026-06-07,11614.46,ACH,Pending
PAY00000857,BILL00000857,2026-05-23,3221.5,CHECK,Posted
PAY00000858,BILL00000858,2026-06-02,8631.09,CHECK,Reversed
PAY00000859,BILL00000859,2026-05-08,4343.95,CASH,Posted
PAY00000860,BILL00000860,2026-06-02,11384.76,CHECK,Posted
PAY00000861,BILL00000861,2026-05-08,18526.36,ACH,Pending
PAY00000863,BILL00000863,2026-05-08,18612.29,CASH,Posted
PAY00000864,BILL00000864,2026-06-17,3992.96,ACH,Reversed
PAY00000865,BILL00000865,2026-05-08,19156.52,ACH,Reversed
PAY00000866,BILL00000866,2026-07-02,8308.45,CARD,Pending
PAY00000867,BILL00000867,2026-05-08,1287.31,ACH,Posted
PAY00000870,BILL00000870,2026-06-02,10407.41,ACH,Posted
PAY00000871,BILL00000871,2026-05-18,14914.4,CARD,Reversed
PAY00000872,BILL00000872,2026-06-07,3964.19,CASH,Posted
PAY00000873,BILL00000873,2026-05-08,494.0,CHECK,Pending
PAY00000874,BILL00000874,2026-06-22,1442.87,ACH,Posted
PAY00000875,BILL00000875,2026-05-08,2913.49,CASH,Pending
PAY00000876,BILL00000876,2026-07-02,10698.65,ACH,Posted
PAY00000877,BILL00000877,2026-05-03,9989.27,ACH,Posted
PAY00000878,BILL00000878,2026-06-02,1665.48,ACH,Pending
PAY00000879,BILL00000879,2026-05-03,15142.42,ACH,Posted
PAY00000880,BILL00000880,2026-06-22,20861.02,ACH,Posted
PAY00000881,BILL00000881,2026-06-02,11413.13,CASH,Failed
PAY00000882,BILL00000882,2026-07-02,2670.76,CASH,Failed
PAY00000883,BILL00000883,2026-05-18,2281.69,CHECK,Posted
PAY00000885,BILL00000885,2026-05-23,172.35,CARD,Posted
PAY00000886,BILL00000886,2026-07-02,19906.7,ACH,Failed
PAY00000887,BILL00000887,2026-05-08,10092.16,CHECK,Pending
PAY00000889,BILL00000889,2026-06-02,14161.22,ACH,Pending
PAY00000890,BILL00000890,2026-06-17,2267.69,ACH,Reversed
PAY00000891,BILL00000891,2026-05-18,19943.55,CARD,Pending
PAY00000892,BILL00000892,2026-06-17,17027.19,ACH,Posted
PAY00000893,BILL00000893,2026-05-23,1472.15,ACH,Failed
PAY00000894,BILL00000894,2026-06-02,4626.89,CARD,Posted
PAY00000895,BILL00000895,2026-05-23,10471.27,CHECK,Reversed
PAY00000896,BILL00000896,2026-06-17,23030.13,CARD,Failed
PAY00000897,BILL00000897,2026-05-08,18166.37,CHECK,Posted
PAY00000898,BILL00000898,2026-07-02,1697.83,CARD,Posted
PAY00000899,BILL00000899,2026-05-23,14670.92,CASH,Posted
PAY00000901,BILL00000901,2026-05-03,3905.6,ACH,Posted
PAY00000903,BILL00000903,2026-06-02,13067.79,CARD,Posted
PAY00000904,BILL00000904,2026-07-02,2957.7,CHECK,Reversed
PAY00000905,BILL00000905,2026-05-03,15014.91,CHECK,Failed
PAY00000906,BILL00000906,2026-06-02,4622.02,ACH,Posted
PAY00000907,BILL00000907,2026-05-03,9067.74,ACH,Posted
PAY00000908,BILL00000908,2026-06-07,6973.52,CARD,Reversed
PAY00000910,BILL00000910,2026-07-02,24957.33,CASH,Posted
PAY00000911,BILL00000911,2026-05-08,22272.21,CHECK,Posted
PAY00000912,BILL00000912,2026-06-22,15597.6,CHECK,Reversed
PAY00000913,BILL00000913,2026-05-08,6841.13,CASH,Failed
PAY00000914,BILL00000914,2026-06-22,20926.16,ACH,Reversed
PAY00000915,BILL00000915,2026-05-23,11592.92,CASH,Failed
PAY00000916,BILL00000916,2026-06-22,8970.2,CARD,Posted
PAY00000917,BILL00000917,2026-05-08,19323.52,CARD,Posted
PAY00000918,BILL00000918,2026-06-02,9519.44,ACH,Failed
PAY00000919,BILL00000919,2026-05-18,4506.63,CARD,Posted
PAY00000920,BILL00000920,2026-06-17,14339.18,ACH,Posted
PAY00000921,BILL00000921,2026-05-03,8567.03,CARD,Reversed
PAY00000922,BILL00000922,2026-06-02,11970.01,CASH,Reversed
PAY00000923,BILL00000923,2026-05-03,22515.6,CARD,Reversed
PAY00000924,BILL00000924,2026-06-17,5682.38,CASH,Reversed
PAY00000925,BILL00000925,2026-06-02,3201.83,CASH,Posted
PAY00000926,BILL00000926,2026-06-22,7031.83,ACH,Failed
PAY00000927,BILL00000927,2026-05-08,21428.24,CHECK,Pending
PAY00000928,BILL00000928,2026-06-02,22014.87,ACH,Posted
PAY00000929,BILL00000929,2026-05-08,1283.95,ACH,Pending
PAY00000930,BILL00000930,2026-06-02,15196.67,ACH,Reversed
PAY00000932,BILL00000932,2026-06-17,6316.7,CARD,Reversed
PAY00000933,BILL00000933,2026-05-23,10307.94,CHECK,Pending
PAY00000934,BILL00000934,2026-07-02,2684.87,CHECK,Posted
PAY00000935,BILL00000935,2026-05-03,8268.41,CHECK,Reversed
PAY00000936,BILL00000936,2026-06-02,7392.3,ACH,Reversed
PAY00000937,BILL00000937,2026-05-08,157.14,ACH,Reversed
PAY00000938,BILL00000938,2026-06-02,14887.09,CASH,Failed
PAY00000939,BILL00000939,2026-05-03,9272.48,ACH,Failed
PAY00000940,BILL00000940,2026-06-02,8313.04,ACH,Reversed
PAY00000941,BILL00000941,2026-05-03,7510.69,CHECK,Posted
PAY00000942,BILL00000942,2026-06-02,15964.12,CHECK,Posted
PAY00000943,BILL00000943,2026-05-03,15548.56,CARD,Posted
PAY00000944,BILL00000944,2026-06-02,923.51,CASH,Reversed
PAY00000945,BILL00000945,2026-05-08,21521.88,ACH,Posted
PAY00000946,BILL00000946,2026-06-07,9890.23,CARD,Reversed
PAY00000947,BILL00000947,2026-06-02,9971.8,CHECK,Reversed
PAY00000948,BILL00000948,2026-06-17,16013.28,CASH,Reversed
PAY00000949,BILL00000949,2026-05-03,784.4,CARD,Posted
PAY00000950,BILL00000950,2026-06-22,1068.42,CASH,Pending
PAY00000951,BILL00000951,2026-05-08,23798.51,CASH,Posted
PAY00000952,BILL00000952,2026-07-02,15173.07,CASH,Posted
PAY00000953,BILL00000953,2026-05-03,3932.5,CHECK,Posted
PAY00000954,BILL00000954,2026-06-22,3544.25,CHECK,Failed
PAY00000955,BILL00000955,2026-05-23,5433.71,ACH,Failed
PAY00000956,BILL00000956,2026-07-02,3840.68,CARD,Failed
PAY00000957,BILL00000957,2026-05-03,9601.0,ACH,Posted
PAY00000958,BILL00000958,2026-06-02,10888.42,CASH,Posted
PAY00000959,BILL00000959,2026-05-03,2001.96,ACH,Posted
PAY00000960,BILL00000960,2026-06-22,17654.22,ACH,Pending
PAY00000961,BILL00000961,2026-05-03,9997.85,CASH,Posted
PAY00000962,BILL00000962,2026-07-02,19031.65,CASH,Reversed
PAY00000963,BILL00000963,2026-05-18,23129.53,ACH,Posted
PAY00000964,BILL00000964,2026-07-02,7385.25,ACH,Posted
PAY00000965,BILL00000965,2026-05-03,347.72,CASH,Pending
PAY00000966,BILL00000966,2026-06-22,12229.63,CASH,Failed
PAY00000967,BILL00000967,2026-05-18,23266.54,ACH,Pending
PAY00000969,BILL00000969,2026-06-02,6125.93,ACH,Pending
PAY00000970,BILL00000970,2026-06-17,4109.89,ACH,Posted
PAY00000973,BILL00000973,2026-05-03,18077.58,CARD,Posted
PAY00000974,BILL00000974,2026-06-17,19759.8,ACH,Posted
PAY00000976,BILL00000976,2026-06-02,10559.56,ACH,Pending
PAY00000977,BILL00000977,2026-06-02,5107.36,CHECK,Pending
PAY00000978,BILL00000978,2026-06-22,22985.57,CHECK,Posted
PAY00000979,BILL00000979,2026-05-18,12384.87,ACH,Posted
PAY00000980,BILL00000980,2026-06-07,13101.04,CASH,Pending
PAY00000981,BILL00000981,2026-05-18,5165.75,CHECK,Posted
PAY00000982,BILL00000982,2026-06-07,23728.64,ACH,Posted
PAY00000983,BILL00000983,2026-05-18,6578.85,CARD,Reversed
PAY00000984,BILL00000984,2026-06-17,22534.69,ACH,Posted
PAY00000986,BILL00000986,2026-06-02,7658.4,CASH,Reversed
PAY00000988,BILL00000988,2026-06-02,1886.23,ACH,Failed
PAY00000989,BILL00000989,2026-06-02,4716.23,ACH,Failed
PAY00000990,BILL00000990,2026-06-17,22841.36,CHECK,Pending
PAY00000991,BILL00000991,2026-05-18,16086.2,ACH,Failed
PAY00000992,BILL00000992,2026-06-22,15028.5,ACH,Pending
PAY00000993,BILL00000993,2026-05-18,13642.16,CASH,Posted
PAY00000994,BILL00000994,2026-06-02,24316.84,CHECK,Pending
PAY00000995,BILL00000995,2026-05-18,4494.45,ACH,Pending
PAY00000996,BILL00000996,2026-06-07,3681.58,CARD,Pending
PAY00000998,BILL00000998,2026-07-02,23759.2,CASH,Reversed
PAY00000999,BILL00000999,2026-05-08,7329.71,ACH,Failed
PAY00001001,BILL00001001,2026-05-08,23431.58,CASH,Pending
PAY00001002,BILL00001002,2026-06-22,9886.78,CHECK,Posted
PAY00001003,BILL00001003,2026-06-02,21378.23,CARD,Reversed
PAY00001004,BILL00001004,2026-07-02,11771.77,CHECK,Pending
PAY00001005,BILL00001005,2026-05-03,19705.81,CHECK,Reversed
PAY00001006,BILL00001006,2026-06-02,2418.0,CASH,Posted
PAY00001007,BILL00001007,2026-05-03,6127.25,ACH,Posted
PAY00001008,BILL00001008,2026-06-07,9698.9,ACH,Reversed
PAY00001009,BILL00001009,2026-06-02,8485.16,ACH,Posted
PAY00001010,BILL00001010,2026-06-22,18665.8,CASH,Posted
PAY00001011,BILL00001011,2026-06-02,10812.52,CASH,Failed
PAY00001012,BILL00001012,2026-06-02,11328.42,ACH,Pending
PAY00001014,BILL00001014,2026-06-22,24974.84,CARD,Failed
PAY00001015,BILL00001015,2026-06-02,1286.84,CHECK,Posted
PAY00001016,BILL00001016,2026-06-07,10110.75,CHECK,Pending
PAY00001017,BILL00001017,2026-05-03,12230.55,ACH,Posted
PAY00001018,BILL00001018,2026-06-17,13870.33,ACH,Reversed
PAY00001019,BILL00001019,2026-05-18,16219.21,CHECK,Pending
PAY00001020,BILL00001020,2026-06-07,10565.11,CHECK,Reversed
PAY00001021,BILL00001021,2026-05-03,3090.14,CHECK,Posted
PAY00001022,BILL00001022,2026-06-22,10370.4,CASH,Posted
PAY00001023,BILL00001023,2026-05-23,19789.62,ACH,Pending
PAY00001024,BILL00001024,2026-06-22,9943.06,CASH,Reversed
PAY00001025,BILL00001025,2026-05-08,24968.74,CHECK,Posted
PAY00001026,BILL00001026,2026-06-02,2302.55,ACH,Posted
PAY00001027,BILL00001027,2026-05-03,7947.96,ACH,Failed
PAY00001028,BILL00001028,2026-07-02,4642.15,CASH,Posted
PAY00001029,BILL00001029,2026-05-03,11302.99,CHECK,Pending
PAY00001030,BILL00001030,2026-06-17,15138.73,CHECK,Reversed
PAY00001031,BILL00001031,2026-06-02,12411.2,CARD,Reversed
PAY00001033,BILL00001033,2026-05-08,2292.43,CARD,Posted
PAY00001034,BILL00001034,2026-06-02,15933.61,ACH,Failed
PAY00001035,BILL00001035,2026-05-08,11604.9,ACH,Pending
PAY00001037,BILL00001037,2026-05-18,12717.04,CARD,Posted
PAY00001038,BILL00001038,2026-06-22,21559.56,CASH,Posted
PAY00001039,BILL00001039,2026-05-08,18192.46,ACH,Failed
PAY00001040,BILL00001040,2026-07-02,15478.92,ACH,Posted
PAY00001041,BILL00001041,2026-05-18,7201.75,ACH,Posted
PAY00001042,BILL00001042,2026-06-17,474.32,ACH,Failed
PAY00001043,BILL00001043,2026-05-23,21864.42,CARD,Reversed
PAY00001044,BILL00001044,2026-06-22,1161.07,ACH,Reversed
PAY00001045,BILL00001045,2026-05-18,3302.37,ACH,Pending
PAY00001046,BILL00001046,2026-07-02,9188.18,CHECK,Failed
PAY00001047,BILL00001047,2026-05-08,10605.16,CHECK,Reversed
PAY00001048,BILL00001048,2026-06-07,12741.08,CARD,Pending
PAY00001049,BILL00001049,2026-05-03,14559.83,CHECK,Reversed
PAY00001050,BILL00001050,2026-07-02,209.74,ACH,Failed
PAY00001051,BILL00001051,2026-05-08,8669.05,CHECK,Reversed
PAY00001052,BILL00001052,2026-06-17,14620.71,ACH,Posted
PAY00001053,BILL00001053,2026-05-23,24008.2,CARD,Pending
PAY00001054,BILL00001054,2026-06-22,6712.38,CASH,Pending
PAY00001056,BILL00001056,2026-06-02,8032.32,CASH,Reversed
PAY00001057,BILL00001057,2026-05-08,18326.33,CASH,Pending
PAY00001058,BILL00001058,2026-06-22,9384.08,CASH,Reversed
PAY00001059,BILL00001059,2026-06-02,24083.47,CARD,Reversed
PAY00001060,BILL00001060,2026-06-02,10142.63,ACH,Posted
PAY00001061,BILL00001061,2026-05-03,24864.9,CHECK,Reversed
PAY00001062,BILL00001062,2026-06-02,2547.33,CARD,Pending
PAY00001063,BILL00001063,2026-05-18,10437.78,ACH,Posted
PAY00001064,BILL00001064,2026-06-02,4427.44,CARD,Reversed
PAY00001065,BILL00001065,2026-05-23,9685.19,ACH,Pending
PAY00001066,BILL00001066,2026-07-02,10827.86,ACH,Posted
PAY00001067,BILL00001067,2026-05-08,6997.88,CASH,Posted
PAY00001068,BILL00001068,2026-06-02,17377.34,CHECK,Reversed
PAY00001069,BILL00001069,2026-06-02,4706.07,ACH,Pending
PAY00001070,BILL00001070,2026-07-02,1912.26,ACH,Failed
PAY00001071,BILL00001071,2026-05-18,10700.05,ACH,Posted
PAY00001072,BILL00001072,2026-06-17,3720.96,ACH,Pending
PAY00001073,BILL00001073,2026-05-08,2449.13,CASH,Posted
PAY00001074,BILL00001074,2026-06-17,22005.38,ACH,Failed
PAY00001076,BILL00001076,2026-07-02,8637.59,CARD,Reversed
PAY00001077,BILL00001077,2026-06-02,2550.51,ACH,Pending
PAY00001078,BILL00001078,2026-06-02,12726.99,ACH,Posted
PAY00001079,BILL00001079,2026-05-23,9283.43,ACH,Posted
PAY00001080,BILL00001080,2026-06-02,13614.29,ACH,Reversed
PAY00001081,BILL00001081,2026-05-23,583.65,ACH,Posted
PAY00001082,BILL00001082,2026-06-02,14437.29,CHECK,Failed
PAY00001083,BILL00001083,2026-06-02,259.67,CASH,Reversed
PAY00001084,BILL00001084,2026-06-07,10094.26,CHECK,Failed
PAY00001086,BILL00001086,2026-06-17,3889.4,CASH,Reversed
PAY00001087,BILL00001087,2026-05-18,181.38,CHECK,Posted
PAY00001088,BILL00001088,2026-06-17,2162.0,CHECK,Failed
PAY00001089,BILL00001089,2026-05-23,11203.92,ACH,Pending
PAY00001090,BILL00001090,2026-07-02,10512.08,ACH,Failed
PAY00001091,BILL00001091,2026-05-23,4529.5,ACH,Failed
PAY00001092,BILL00001092,2026-07-02,23839.28,CHECK,Posted
PAY00001093,BILL00001093,2026-05-18,3253.44,CASH,Posted
PAY00001094,BILL00001094,2026-07-02,12079.89,ACH,Failed
PAY00001095,BILL00001095,2026-05-03,3623.28,CHECK,Pending
PAY00001096,BILL00001096,2026-06-17,12242.21,CASH,Reversed
PAY00001097,BILL00001097,2026-06-02,15420.9,CHECK,Posted
PAY00001099,BILL00001099,2026-05-23,897.06,CASH,Posted
PAY00001100,BILL00001100,2026-07-02,259.79,CARD,Pending
PAY00001101,BILL00001101,2026-05-18,8127.19,CHECK,Pending
PAY00001102,BILL00001102,2026-07-02,6719.3,ACH,Posted
PAY00001103,BILL00001103,2026-06-02,17997.68,CARD,Pending
PAY00001104,BILL00001104,2026-06-02,20505.07,CASH,Posted
PAY00001106,BILL00001106,2026-06-07,6000.56,CARD,Failed
PAY00001108,BILL00001108,2026-07-02,12792.27,ACH,Posted
PAY00001109,BILL00001109,2026-06-02,3964.99,CASH,Reversed
PAY00001110,BILL00001110,2026-06-02,8610.39,CARD,Posted
PAY00001111,BILL00001111,2026-05-18,12671.79,ACH,Pending
PAY00001113,BILL00001113,2026-05-18,2407.34,CHECK,Reversed
PAY00001114,BILL00001114,2026-06-02,15221.88,CASH,Pending
PAY00001115,BILL00001115,2026-06-02,5758.04,CHECK,Posted
PAY00001116,BILL00001116,2026-06-22,11137.95,CARD,Posted
PAY00001118,BILL00001118,2026-06-07,4140.29,CARD,Failed
PAY00001119,BILL00001119,2026-05-18,13967.52,CHECK,Failed
PAY00001121,BILL00001121,2026-05-08,24662.05,ACH,Failed
PAY00001122,BILL00001122,2026-06-17,1134.24,CARD,Posted
PAY00001123,BILL00001123,2026-05-03,12442.1,CHECK,Posted
PAY00001124,BILL00001124,2026-06-17,9227.26,CARD,Reversed
PAY00001125,BILL00001125,2026-05-03,3015.82,CASH,Failed
PAY00001128,BILL00001128,2026-06-07,4809.3,CASH,Pending
PAY00001129,BILL00001129,2026-05-18,9911.42,CASH,Reversed
PAY00001130,BILL00001130,2026-06-02,11818.14,CHECK,Failed
PAY00001131,BILL00001131,2026-06-02,9348.08,ACH,Pending
PAY00001132,BILL00001132,2026-07-02,19706.04,CARD,Posted
PAY00001133,BILL00001133,2026-05-03,9603.97,ACH,Pending
PAY00001134,BILL00001134,2026-06-02,10870.45,CHECK,Failed
PAY00001135,BILL00001135,2026-05-03,4937.7,ACH,Pending
PAY00001136,BILL00001136,2026-06-17,18267.93,ACH,Failed
PAY00001137,BILL00001137,2026-06-02,15194.87,ACH,Posted
PAY00001138,BILL00001138,2026-06-17,5241.12,CHECK,Reversed
PAY00001139,BILL00001139,2026-05-08,18568.51,CHECK,Failed
PAY00001140,BILL00001140,2026-06-22,2095.58,CARD,Posted
PAY00001141,BILL00001141,2026-05-08,13487.65,CASH,Posted
PAY00001142,BILL00001142,2026-06-22,10815.08,ACH,Reversed
PAY00001143,BILL00001143,2026-05-18,20876.98,ACH,Posted
PAY00001144,BILL00001144,2026-07-02,10953.94,CASH,Failed
PAY00001145,BILL00001145,2026-05-23,20079.57,CHECK,Pending
PAY00001146,BILL00001146,2026-06-02,19219.37,ACH,Reversed
PAY00001147,BILL00001147,2026-05-03,13085.17,ACH,Failed
PAY00001148,BILL00001148,2026-06-02,23518.68,CARD,Posted
PAY00001149,BILL00001149,2026-06-02,484.58,ACH,Posted
PAY00001150,BILL00001150,2026-07-02,19403.12,CHECK,Posted
PAY00001151,BILL00001151,2026-06-02,5518.06,CARD,Pending
PAY00001152,BILL00001152,2026-06-07,7414.9,ACH,Pending
PAY00001153,BILL00001153,2026-05-18,8464.02,CHECK,Failed
PAY00001154,BILL00001154,2026-06-02,878.28,CASH,Reversed
PAY00001155,BILL00001155,2026-05-03,9327.9,ACH,Failed
PAY00001156,BILL00001156,2026-06-02,9727.12,CHECK,Pending
PAY00001157,BILL00001157,2026-05-18,6181.99,ACH,Pending
PAY00001158,BILL00001158,2026-06-02,11521.35,ACH,Reversed
PAY00001159,BILL00001159,2026-06-02,5870.26,ACH,Posted
PAY00001160,BILL00001160,2026-06-07,2053.71,ACH,Posted
PAY00001162,BILL00001162,2026-06-07,3998.01,ACH,Reversed
PAY00001163,BILL00001163,2026-05-23,11771.3,CASH,Posted
PAY00001165,BILL00001165,2026-05-03,14371.39,CARD,Pending
PAY00001166,BILL00001166,2026-06-17,6002.86,CASH,Posted
PAY00001167,BILL00001167,2026-05-03,10884.31,ACH,Posted
PAY00001168,BILL00001168,2026-06-22,8935.74,CASH,Pending
PAY00001169,BILL00001169,2026-05-08,22359.02,CHECK,Reversed
PAY00001170,BILL00001170,2026-07-02,2239.11,ACH,Failed
PAY00001171,BILL00001171,2026-05-23,16668.32,ACH,Posted
PAY00001172,BILL00001172,2026-06-17,14759.67,CARD,Reversed
PAY00001173,BILL00001173,2026-06-02,8945.3,CHECK,Posted
PAY00001175,BILL00001175,2026-05-18,7476.75,CASH,Pending
PAY00001176,BILL00001176,2026-06-02,7863.77,ACH,Posted
PAY00001177,BILL00001177,2026-05-18,23607.06,CASH,Reversed
PAY00001178,BILL00001178,2026-06-22,3742.01,ACH,Failed
PAY00001179,BILL00001179,2026-05-08,14774.61,CHECK,Posted
PAY00001180,BILL00001180,2026-07-02,19878.76,CARD,Reversed
PAY00001181,BILL00001181,2026-05-18,24969.63,CHECK,Pending
PAY00001183,BILL00001183,2026-05-23,10204.32,ACH,Reversed
PAY00001184,BILL00001184,2026-07-02,14023.86,CARD,Failed
PAY00001185,BILL00001185,2026-05-03,16186.45,CARD,Posted
PAY00001187,BILL00001187,2026-05-08,21733.56,CASH,Failed
PAY00001188,BILL00001188,2026-07-02,16207.93,ACH,Failed
PAY00001189,BILL00001189,2026-05-03,16948.25,CASH,Failed
PAY00001190,BILL00001190,2026-06-07,10167.04,CASH,Failed
PAY00001192,BILL00001192,2026-06-17,12992.89,CARD,Pending
PAY00001193,BILL00001193,2026-05-03,15823.42,ACH,Reversed
PAY00001194,BILL00001194,2026-06-07,2516.93,ACH,Posted
PAY00001195,BILL00001195,2026-05-03,9411.86,ACH,Reversed
PAY00001196,BILL00001196,2026-06-17,10857.14,ACH,Reversed
PAY00001199,BILL00001199,2026-06-02,20965.55,CHECK,Failed
PAY00001200,BILL00001200,2026-06-17,5168.73,CHECK,Posted
PAY00001203,BILL00001203,2026-05-03,22799.18,ACH,Posted
PAY00001204,BILL00001204,2026-06-02,20219.49,ACH,Reversed
PAY00001205,BILL00001205,2026-05-08,3655.42,CASH,Failed
PAY00001206,BILL00001206,2026-06-17,14455.95,CASH,Reversed
PAY00001207,BILL00001207,2026-06-02,6413.54,ACH,Pending
PAY00001208,BILL00001208,2026-06-07,9247.33,CARD,Pending
PAY00001209,BILL00001209,2026-05-03,603.83,CASH,Posted
PAY00001210,BILL00001210,2026-06-02,4208.22,ACH,Posted
PAY00001211,BILL00001211,2026-05-08,7293.73,ACH,Posted
PAY00001212,BILL00001212,2026-06-02,3444.82,CARD,Reversed
PAY00001213,BILL00001213,2026-05-18,10165.21,ACH,Failed
PAY00001214,BILL00001214,2026-06-22,802.45,CASH,Reversed
PAY00001215,BILL00001215,2026-05-18,19832.95,ACH,Posted
PAY00001216,BILL00001216,2026-07-02,6823.82,CHECK,Reversed
PAY00001217,BILL00001217,2026-05-03,7489.01,ACH,Pending
PAY00001218,BILL00001218,2026-06-17,7332.76,ACH,Reversed
PAY00001219,BILL00001219,2026-05-18,22018.56,CHECK,Posted
PAY00001220,BILL00001220,2026-06-02,24202.16,ACH,Pending
PAY00001221,BILL00001221,2026-05-08,17869.79,CHECK,Failed
PAY00001222,BILL00001222,2026-06-02,23954.67,ACH,Reversed
PAY00001224,BILL00001224,2026-06-22,1091.98,CARD,Pending
PAY00001225,BILL00001225,2026-05-23,15935.37,CARD,Posted
PAY00001226,BILL00001226,2026-06-17,19005.86,ACH,Posted
PAY00001227,BILL00001227,2026-06-02,7714.41,ACH,Reversed
PAY00001228,BILL00001228,2026-06-22,20877.91,ACH,Posted
PAY00001229,BILL00001229,2026-05-18,8568.45,ACH,Pending
PAY00001230,BILL00001230,2026-06-22,8257.59,ACH,Failed
PAY00001231,BILL00001231,2026-05-18,2893.44,CASH,Reversed
PAY00001232,BILL00001232,2026-07-02,8906.39,CASH,Failed
PAY00001233,BILL00001233,2026-05-03,14222.15,CARD,Posted
PAY00001234,BILL00001234,2026-06-07,12583.2,ACH,Failed
PAY00001235,BILL00001235,2026-06-02,511.1,CASH,Posted
PAY00001236,BILL00001236,2026-06-22,18466.89,CHECK,Reversed
PAY00001237,BILL00001237,2026-05-23,8951.85,ACH,Posted
PAY00001238,BILL00001238,2026-06-17,18071.71,ACH,Pending
PAY00001239,BILL00001239,2026-05-03,8237.25,ACH,Posted
PAY00001240,BILL00001240,2026-06-22,13840.14,CHECK,Posted
PAY00001241,BILL00001241,2026-06-02,5069.59,CHECK,Posted
PAY00001242,BILL00001242,2026-06-02,2687.43,CASH,Pending
PAY00001243,BILL00001243,2026-05-03,5510.16,CARD,Pending
PAY00001244,BILL00001244,2026-06-22,8040.32,CASH,Reversed
PAY00001246,BILL00001246,2026-07-02,22444.51,ACH,Reversed
PAY00001247,BILL00001247,2026-05-23,9453.61,CARD,Failed
PAY00001248,BILL00001248,2026-06-17,13867.8,CASH,Reversed
PAY00001249,BILL00001249,2026-05-03,14378.13,CARD,Pending
PAY00001252,BILL00001252,2026-07-02,6855.22,CHECK,Pending
PAY00001253,BILL00001253,2026-05-18,3981.14,ACH,Reversed
PAY00001254,BILL00001254,2026-07-02,23222.17,CASH,Pending
PAY00001256,BILL00001256,2026-07-02,2867.54,ACH,Reversed
PAY00001257,BILL00001257,2026-06-02,21578.83,CHECK,Posted
PAY00001258,BILL00001258,2026-06-07,17854.71,ACH,Posted
PAY00001259,BILL00001259,2026-05-18,14002.76,CARD,Pending
PAY00001261,BILL00001261,2026-05-03,1800.26,ACH,Posted
PAY00001262,BILL00001262,2026-06-17,6847.5,CHECK,Pending
PAY00001263,BILL00001263,2026-05-08,12630.19,CHECK,Posted
PAY00001264,BILL00001264,2026-06-07,16097.58,ACH,Pending
PAY00001265,BILL00001265,2026-05-03,9688.03,CARD,Reversed
PAY00001266,BILL00001266,2026-06-17,17063.94,CASH,Posted
PAY00001267,BILL00001267,2026-05-03,11347.41,CHECK,Pending
PAY00001268,BILL00001268,2026-07-02,22671.6,CHECK,Posted
PAY00001269,BILL00001269,2026-05-08,17106.31,CHECK,Posted
PAY00001270,BILL00001270,2026-06-07,13901.48,CHECK,Reversed
PAY00001271,BILL00001271,2026-05-23,21225.23,CHECK,Posted
PAY00001272,BILL00001272,2026-07-02,12845.51,ACH,Posted
PAY00001273,BILL00001273,2026-05-18,3576.07,CARD,Pending
PAY00001274,BILL00001274,2026-06-17,3878.94,CHECK,Posted
PAY00001275,BILL00001275,2026-05-23,6798.69,ACH,Pending
PAY00001277,BILL00001277,2026-05-03,17198.95,CASH,Posted
PAY00001278,BILL00001278,2026-07-02,17525.76,CARD,Posted
PAY00001279,BILL00001279,2026-05-23,16588.38,CARD,Posted
PAY00001280,BILL00001280,2026-06-07,1578.91,CARD,Failed
PAY00001281,BILL00001281,2026-05-08,14262.32,ACH,Failed
PAY00001282,BILL00001282,2026-06-07,4964.48,CASH,Reversed
PAY00001283,BILL00001283,2026-05-08,13226.64,ACH,Failed
PAY00001284,BILL00001284,2026-06-07,16588.96,CASH,Pending
PAY00001285,BILL00001285,2026-06-02,7869.93,CHECK,Failed
PAY00001287,BILL00001287,2026-05-18,3709.47,ACH,Reversed
PAY00001288,BILL00001288,2026-06-07,13012.51,ACH,Failed
PAY00001289,BILL00001289,2026-05-08,11380.02,ACH,Reversed
PAY00001290,BILL00001290,2026-06-22,8644.73,ACH,Posted
PAY00001291,BILL00001291,2026-05-18,4214.63,CARD,Posted
PAY00001292,BILL00001292,2026-06-07,4493.61,ACH,Pending
PAY00001293,BILL00001293,2026-05-03,8250.21,CASH,Posted
PAY00001294,BILL00001294,2026-07-02,5103.68,CHECK,Posted
PAY00001296,BILL00001296,2026-06-07,11428.6,CHECK,Failed
PAY00001297,BILL00001297,2026-05-18,5294.49,ACH,Failed
PAY00001298,BILL00001298,2026-06-02,3567.28,CHECK,Posted
PAY00001299,BILL00001299,2026-05-08,15591.77,ACH,Pending
PAY00001302,BILL00001302,2026-06-07,2320.9,CHECK,Posted
PAY00001303,BILL00001303,2026-05-23,14957.63,CARD,Pending
PAY00001304,BILL00001304,2026-07-02,7020.46,CARD,Pending
PAY00001305,BILL00001305,2026-05-08,7127.37,CARD,Posted
PAY00001306,BILL00001306,2026-07-02,14190.63,CARD,Posted
PAY00001307,BILL00001307,2026-05-03,7391.11,ACH,Pending
PAY00001309,BILL00001309,2026-06-02,3815.23,ACH,Posted
PAY00001310,BILL00001310,2026-07-02,16039.04,CARD,Posted
PAY00001311,BILL00001311,2026-05-18,17382.29,ACH,Posted
PAY00001312,BILL00001312,2026-07-02,8681.36,ACH,Failed
PAY00001313,BILL00001313,2026-05-23,11414.33,ACH,Failed
PAY00001314,BILL00001314,2026-06-07,23409.56,CHECK,Posted
PAY00001315,BILL00001315,2026-06-02,4144.31,CASH,Posted
PAY00001316,BILL00001316,2026-07-02,7886.83,CASH,Posted
PAY00001317,BILL00001317,2026-05-23,23829.1,CARD,Reversed
PAY00001318,BILL00001318,2026-07-02,1114.71,ACH,Pending
PAY00001320,BILL00001320,2026-07-02,531.94,CHECK,Failed
PAY00001321,BILL00001321,2026-05-03,9967.11,CASH,Posted
PAY00001322,BILL00001322,2026-07-02,12287.1,ACH,Reversed
PAY00001323,BILL00001323,2026-05-23,15194.68,ACH,Posted
PAY00001324,BILL00001324,2026-06-22,19237.9,CARD,Failed
PAY00001326,BILL00001326,2026-07-02,21673.36,CHECK,Failed
PAY00001327,BILL00001327,2026-05-03,3716.81,ACH,Failed
PAY00001329,BILL00001329,2026-05-23,2963.32,ACH,Posted
PAY00001331,BILL00001331,2026-05-03,207.18,ACH,Failed
PAY00001332,BILL00001332,2026-07-02,13377.05,ACH,Pending
PAY00001333,BILL00001333,2026-05-18,22709.22,CARD,Failed
PAY00001334,BILL00001334,2026-06-07,8441.96,ACH,Posted
PAY00001336,BILL00001336,2026-07-02,313.02,CASH,Posted
PAY00001337,BILL00001337,2026-05-03,22556.65,CHECK,Failed
PAY00001338,BILL00001338,2026-06-02,20824.71,CARD,Reversed
PAY00001339,BILL00001339,2026-05-18,9376.19,CARD,Posted
PAY00001340,BILL00001340,2026-07-02,7544.57,ACH,Reversed
PAY00001341,BILL00001341,2026-05-18,21976.9,ACH,Failed
PAY00001342,BILL00001342,2026-06-02,10037.68,ACH,Posted
PAY00001343,BILL00001343,2026-05-08,2708.5,ACH,Reversed
PAY00001344,BILL00001344,2026-06-17,22495.01,ACH,Pending
PAY00001345,BILL00001345,2026-05-03,1383.68,ACH,Pending
PAY00001346,BILL00001346,2026-06-07,607.27,CHECK,Pending
PAY00001347,BILL00001347,2026-06-02,6150.35,CASH,Posted
PAY00001348,BILL00001348,2026-06-22,859.15,ACH,Posted
PAY00001349,BILL00001349,2026-05-23,11741.46,CASH,Failed
PAY00001350,BILL00001350,2026-06-22,5780.78,CASH,Failed
PAY00001351,BILL00001351,2026-05-03,13860.14,ACH,Failed
PAY00001352,BILL00001352,2026-07-02,7356.4,ACH,Posted
PAY00001354,BILL00001354,2026-07-02,10711.32,CHECK,Reversed
PAY00001356,BILL00001356,2026-06-17,22645.29,CASH,Posted
PAY00001358,BILL00001358,2026-06-22,197.35,ACH,Failed
PAY00001359,BILL00001359,2026-05-18,2897.84,CARD,Failed
PAY00001361,BILL00001361,2026-05-18,13146.97,CARD,Reversed
PAY00001362,BILL00001362,2026-06-07,2641.3,ACH,Posted
PAY00001363,BILL00001363,2026-05-08,3394.69,ACH,Posted
PAY00001364,BILL00001364,2026-07-02,13467.64,CHECK,Posted
PAY00001365,BILL00001365,2026-05-23,7210.63,ACH,Posted
PAY00001367,BILL00001367,2026-06-02,6946.18,CHECK,Reversed
PAY00001368,BILL00001368,2026-06-07,5833.69,CHECK,Pending
PAY00001370,BILL00001370,2026-06-07,9174.37,CARD,Posted
PAY00001371,BILL00001371,2026-05-23,19491.79,ACH,Posted
PAY00001372,BILL00001372,2026-06-02,9673.08,ACH,Failed
PAY00001373,BILL00001373,2026-05-08,5586.14,ACH,Pending
PAY00001374,BILL00001374,2026-06-22,10303.88,CARD,Posted
PAY00001375,BILL00001375,2026-05-18,12747.69,ACH,Posted
PAY00001376,BILL00001376,2026-07-02,14787.39,ACH,Failed
PAY00001377,BILL00001377,2026-05-08,17017.05,CHECK,Posted
PAY00001378,BILL00001378,2026-06-22,10972.98,ACH,Pending
PAY00001379,BILL00001379,2026-05-23,12150.38,CASH,Failed
PAY00001380,BILL00001380,2026-06-17,4651.11,CASH,Posted
PAY00001381,BILL00001381,2026-05-08,730.68,CHECK,Posted
PAY00001382,BILL00001382,2026-06-02,23064.11,CASH,Posted
PAY00001383,BILL00001383,2026-05-08,1369.84,CARD,Posted
PAY00001384,BILL00001384,2026-06-02,14603.86,CASH,Pending
PAY00001385,BILL00001385,2026-05-08,11328.59,ACH,Posted
PAY00001386,BILL00001386,2026-06-17,7848.63,CASH,Failed
PAY00001387,BILL00001387,2026-05-08,4468.64,CHECK,Posted
PAY00001388,BILL00001388,2026-06-17,2646.05,CHECK,Posted
PAY00001389,BILL00001389,2026-05-18,7966.69,ACH,Reversed
PAY00001390,BILL00001390,2026-06-02,3057.25,ACH,Posted
PAY00001391,BILL00001391,2026-05-18,5486.16,ACH,Reversed
PAY00001392,BILL00001392,2026-06-07,18988.08,CHECK,Posted
PAY00001393,BILL00001393,2026-05-18,11516.08,CASH,Reversed
PAY00001394,BILL00001394,2026-06-17,6562.89,CARD,Failed
PAY00001395,BILL00001395,2026-05-03,11012.97,ACH,Reversed
PAY00001396,BILL00001396,2026-06-07,10942.38,CHECK,Reversed
PAY00001397,BILL00001397,2026-05-18,15809.76,ACH,Posted
PAY00001398,BILL00001398,2026-06-22,6130.02,CASH,Posted
PAY00001399,BILL00001399,2026-05-08,152.8,CARD,Pending
PAY00001400,BILL00001400,2026-06-07,6320.37,ACH,Pending
PAY00001401,BILL00001401,2026-05-08,24346.4,CARD,Failed
PAY00001402,BILL00001402,2026-06-07,5118.88,CARD,Failed
PAY00001404,BILL00001404,2026-07-02,1472.35,CARD,Pending
PAY00001405,BILL00001405,2026-05-08,7447.98,ACH,Posted
PAY00001406,BILL00001406,2026-06-07,825.48,CARD,Pending
PAY00001407,BILL00001407,2026-06-02,3082.11,ACH,Posted
PAY00001409,BILL00001409,2026-05-23,12881.91,ACH,Pending
PAY00001410,BILL00001410,2026-06-07,11945.91,CHECK,Posted
PAY00001411,BILL00001411,2026-05-18,14843.86,ACH,Reversed
PAY00001413,BILL00001413,2026-06-02,565.13,ACH,Posted
PAY00001414,BILL00001414,2026-07-02,15309.18,CARD,Failed
PAY00001415,BILL00001415,2026-05-08,14519.89,ACH,Posted
PAY00001416,BILL00001416,2026-06-17,6530.71,CASH,Posted
PAY00001417,BILL00001417,2026-05-23,8228.74,ACH,Failed
PAY00001418,BILL00001418,2026-06-02,6390.7,CHECK,Pending
PAY00001419,BILL00001419,2026-05-03,9570.29,CARD,Posted
PAY00001420,BILL00001420,2026-06-22,5905.58,ACH,Posted
PAY00001421,BILL00001421,2026-05-08,9596.72,ACH,Posted
PAY00001422,BILL00001422,2026-06-07,15593.73,ACH,Posted
PAY00001423,BILL00001423,2026-05-03,9614.4,CHECK,Posted
PAY00001424,BILL00001424,2026-06-02,6919.65,ACH,Reversed
PAY00001425,BILL00001425,2026-06-02,455.25,CHECK,Pending
PAY00001426,BILL00001426,2026-06-22,10513.32,CARD,Failed
PAY00001427,BILL00001427,2026-05-18,15027.81,ACH,Failed
PAY00001428,BILL00001428,2026-06-02,18877.1,ACH,Failed
PAY00001429,BILL00001429,2026-05-18,20647.61,CARD,Reversed
PAY00001430,BILL00001430,2026-06-07,6593.38,CARD,Posted
PAY00001431,BILL00001431,2026-05-18,3295.98,ACH,Posted
PAY00001432,BILL00001432,2026-06-07,4632.49,CARD,Posted
PAY00001435,BILL00001435,2026-06-02,16175.86,ACH,Reversed
PAY00001438,BILL00001438,2026-06-22,2433.06,ACH,Reversed
PAY00001439,BILL00001439,2026-06-02,11556.69,ACH,Posted
PAY00001441,BILL00001441,2026-05-18,6318.46,CASH,Reversed
PAY00001442,BILL00001442,2026-06-17,9011.62,CHECK,Reversed
PAY00001443,BILL00001443,2026-05-18,4000.44,ACH,Posted
PAY00001444,BILL00001444,2026-06-17,15738.08,CHECK,Reversed
PAY00001445,BILL00001445,2026-06-02,13458.49,ACH,Pending
PAY00001446,BILL00001446,2026-07-02,19634.52,CASH,Posted
PAY00001447,BILL00001447,2026-06-02,18071.34,CASH,Pending
PAY00001448,BILL00001448,2026-06-02,11180.35,CARD,Failed
PAY00001449,BILL00001449,2026-05-23,4099.69,ACH,Failed
PAY00001450,BILL00001450,2026-06-22,5522.46,ACH,Reversed
PAY00001452,BILL00001452,2026-06-17,1579.56,CASH,Reversed
PAY00001453,BILL00001453,2026-05-18,13733.93,CHECK,Pending
PAY00001454,BILL00001454,2026-06-22,19740.46,ACH,Posted
PAY00001455,BILL00001455,2026-05-03,12309.69,CASH,Posted
PAY00001456,BILL00001456,2026-06-17,16852.05,CARD,Posted
PAY00001457,BILL00001457,2026-05-18,13990.62,ACH,Reversed
PAY00001459,BILL00001459,2026-05-23,19234.74,ACH,Posted
PAY00001460,BILL00001460,2026-06-07,7066.86,CARD,Posted
PAY00001461,BILL00001461,2026-05-03,24073.25,ACH,Posted
PAY00001462,BILL00001462,2026-06-17,12171.74,ACH,Failed
PAY00001463,BILL00001463,2026-06-02,395.87,ACH,Posted
PAY00001464,BILL00001464,2026-06-17,3017.43,CHECK,Reversed
PAY00001465,BILL00001465,2026-05-08,23479.43,ACH,Posted
PAY00001466,BILL00001466,2026-06-22,18474.06,ACH,Pending
PAY00001467,BILL00001467,2026-05-18,8183.03,ACH,Reversed
PAY00001468,BILL00001468,2026-06-07,23552.69,CASH,Reversed
PAY00001469,BILL00001469,2026-05-08,17283.71,ACH,Posted
PAY00001470,BILL00001470,2026-06-22,2854.39,ACH,Posted
PAY00001471,BILL00001471,2026-05-03,8319.44,ACH,Posted
PAY00001474,BILL00001474,2026-07-02,14404.67,CHECK,Posted
PAY00001475,BILL00001475,2026-06-02,8279.66,CHECK,Posted
PAY00001477,BILL00001477,2026-06-02,10579.67,CARD,Failed
PAY00001478,BILL00001478,2026-06-17,8513.32,ACH,Failed
PAY00001479,BILL00001479,2026-05-03,4108.45,CASH,Posted
PAY00001480,BILL00001480,2026-07-02,10574.27,CASH,Failed
PAY00001482,BILL00001482,2026-06-17,10839.07,ACH,Pending
PAY00001483,BILL00001483,2026-05-18,8476.3,ACH,Failed
PAY00001484,BILL00001484,2026-06-07,17180.83,ACH,Pending
PAY00001485,BILL00001485,2026-05-08,19794.95,ACH,Pending
PAY00001486,BILL00001486,2026-06-17,8300.15,CARD,Reversed
PAY00001487,BILL00001487,2026-05-08,23262.13,ACH,Failed
PAY00001490,BILL00001490,2026-06-07,9476.32,ACH,Pending
PAY00001491,BILL00001491,2026-05-03,946.53,CASH,Posted
PAY00001492,BILL00001492,2026-06-22,12774.18,CARD,Pending
PAY00001493,BILL00001493,2026-05-08,11626.57,CARD,Posted
PAY00001494,BILL00001494,2026-07-02,9348.05,CASH,Failed
PAY00001495,BILL00001495,2026-05-08,17696.63,CARD,Pending
PAY00001496,BILL00001496,2026-06-02,10198.96,CASH,Failed
PAY00001497,BILL00001497,2026-05-08,8170.05,CASH,Failed
PAY00001498,BILL00001498,2026-06-22,24131.69,CASH,Pending
PAY00001499,BILL00001499,2026-05-08,5014.41,CASH,Posted
PAY00001500,BILL00001500,2026-06-02,12094.92,CASH,Reversed
PAY00001501,BILL00001501,2026-05-18,3791.8,ACH,Posted
PAY00001502,BILL00001502,2026-06-17,9182.48,ACH,Failed
PAY00001503,BILL00001503,2026-06-02,5858.33,ACH,Posted
PAY00001505,BILL00001505,2026-06-02,4792.27,CARD,Posted
PAY00001506,BILL00001506,2026-06-22,3654.3,ACH,Pending
PAY00001507,BILL00001507,2026-05-03,11828.95,ACH,Posted
PAY00001508,BILL00001508,2026-07-02,9005.27,CHECK,Posted
PAY00001509,BILL00001509,2026-05-23,19191.0,CASH,Posted
PAY00001510,BILL00001510,2026-06-02,9862.79,CARD,Failed
PAY00001511,BILL00001511,2026-05-08,13625.73,ACH,Reversed
PAY00001512,BILL00001512,2026-06-07,9920.15,CARD,Failed
PAY00001513,BILL00001513,2026-05-18,10946.77,CARD,Failed
PAY00001514,BILL00001514,2026-06-02,9315.4,CARD,Posted
PAY00001515,BILL00001515,2026-06-02,6301.95,CASH,Posted
PAY00001516,BILL00001516,2026-06-17,6925.22,CASH,Posted
PAY00001517,BILL00001517,2026-06-02,3097.08,ACH,Pending
PAY00001518,BILL00001518,2026-06-17,1233.41,CASH,Reversed
PAY00001519,BILL00001519,2026-05-03,13809.14,CASH,Failed
PAY00001520,BILL00001520,2026-06-07,16059.23,CARD,Posted
PAY00001521,BILL00001521,2026-05-03,3093.93,CASH,Posted
PAY00001522,BILL00001522,2026-06-02,12453.12,ACH,Posted
PAY00001523,BILL00001523,2026-05-23,20450.78,ACH,Posted
PAY00001524,BILL00001524,2026-06-22,3054.43,CHECK,Posted
PAY00001525,BILL00001525,2026-05-18,19129.17,ACH,Pending
PAY00001526,BILL00001526,2026-06-17,9595.17,ACH,Failed
PAY00001527,BILL00001527,2026-05-08,12855.55,CASH,Posted
PAY00001528,BILL00001528,2026-06-02,12931.47,CHECK,Failed
PAY00001529,BILL00001529,2026-05-03,20925.52,CASH,Failed
PAY00001530,BILL00001530,2026-07-02,657.33,ACH,Posted
PAY00001532,BILL00001532,2026-06-07,13325.67,CASH,Pending
PAY00001533,BILL00001533,2026-05-03,5994.79,ACH,Posted
PAY00001534,BILL00001534,2026-06-02,23364.79,ACH,Posted
PAY00001535,BILL00001535,2026-05-03,11087.62,ACH,Posted
PAY00001536,BILL00001536,2026-06-22,3752.67,ACH,Reversed
PAY00001537,BILL00001537,2026-06-02,2366.95,CASH,Posted
PAY00001538,BILL00001538,2026-06-02,18619.64,ACH,Pending
PAY00001539,BILL00001539,2026-05-03,17256.48,ACH,Failed
PAY00001541,BILL00001541,2026-06-02,2479.22,ACH,Failed
PAY00001542,BILL00001542,2026-06-17,17471.6,ACH,Posted
PAY00001543,BILL00001543,2026-06-02,22411.56,ACH,Failed
PAY00001544,BILL00001544,2026-06-07,2321.67,ACH,Failed
PAY00001545,BILL00001545,2026-05-23,9844.01,ACH,Posted
PAY00001546,BILL00001546,2026-06-22,3644.71,ACH,Posted
PAY00001547,BILL00001547,2026-05-03,3428.58,CHECK,Pending
PAY00001548,BILL00001548,2026-06-07,16360.11,ACH,Posted
PAY00001549,BILL00001549,2026-05-18,1155.36,ACH,Posted
PAY00001550,BILL00001550,2026-06-17,1792.9,ACH,Pending
PAY00001552,BILL00001552,2026-06-17,1203.91,CHECK,Pending
PAY00001553,BILL00001553,2026-05-23,4208.64,ACH,Failed
PAY00001554,BILL00001554,2026-06-02,11051.81,CARD,Pending
PAY00001556,BILL00001556,2026-06-07,657.53,CASH,Posted
PAY00001557,BILL00001557,2026-05-18,15222.17,CARD,Failed
PAY00001558,BILL00001558,2026-06-22,17294.47,ACH,Posted
PAY00001559,BILL00001559,2026-05-23,1874.32,ACH,Pending
PAY00001560,BILL00001560,2026-07-02,8873.99,ACH,Reversed
PAY00001561,BILL00001561,2026-05-03,103.28,CARD,Pending
PAY00001562,BILL00001562,2026-06-07,15466.49,ACH,Failed
PAY00001564,BILL00001564,2026-06-02,2064.29,CARD,Pending
PAY00001565,BILL00001565,2026-05-18,21690.54,CARD,Posted
PAY00001566,BILL00001566,2026-06-22,16000.47,ACH,Posted
PAY00001567,BILL00001567,2026-06-02,10157.24,ACH,Pending
PAY00001569,BILL00001569,2026-05-18,13671.77,CARD,Failed
PAY00001570,BILL00001570,2026-06-02,9443.88,CARD,Pending
PAY00001571,BILL00001571,2026-05-03,24049.12,ACH,Failed
PAY00001572,BILL00001572,2026-06-07,13632.47,CARD,Pending
PAY00001573,BILL00001573,2026-05-23,5366.61,ACH,Failed
PAY00001574,BILL00001574,2026-06-22,760.98,CARD,Posted
PAY00001575,BILL00001575,2026-05-23,2612.75,CHECK,Reversed
PAY00001576,BILL00001576,2026-06-07,12725.46,ACH,Pending
PAY00001577,BILL00001577,2026-05-08,8435.44,ACH,Posted
PAY00001578,BILL00001578,2026-06-22,23997.66,CARD,Failed
PAY00001579,BILL00001579,2026-05-08,4433.99,CASH,Posted
PAY00001580,BILL00001580,2026-06-22,17896.57,ACH,Posted
PAY00001581,BILL00001581,2026-05-18,10352.15,ACH,Posted
PAY00001582,BILL00001582,2026-06-02,22745.71,CHECK,Reversed
PAY00001583,BILL00001583,2026-05-03,10888.84,CARD,Reversed
PAY00001585,BILL00001585,2026-05-23,12890.88,CHECK,Posted
PAY00001586,BILL00001586,2026-07-02,12173.34,CARD,Failed
PAY00001587,BILL00001587,2026-05-18,11187.13,CARD,Pending
PAY00001588,BILL00001588,2026-06-02,4516.32,CARD,Posted
PAY00001589,BILL00001589,2026-06-02,2430.31,ACH,Posted
PAY00001590,BILL00001590,2026-06-22,4116.28,ACH,Posted
PAY00001592,BILL00001592,2026-06-17,10244.82,CASH,Reversed
PAY00001593,BILL00001593,2026-05-18,21473.59,CASH,Failed
PAY00001595,BILL00001595,2026-06-02,23755.03,ACH,Failed
PAY00001596,BILL00001596,2026-06-22,17928.2,CHECK,Pending
PAY00001597,BILL00001597,2026-06-02,9598.2,CARD,Posted
PAY00001598,BILL00001598,2026-06-22,11806.15,ACH,Failed
PAY00001599,BILL00001599,2026-05-03,3880.36,CASH,Failed
PAY00001600,BILL00001600,2026-06-07,12375.39,CHECK,Posted
